subject,acc_0bk,acc_2bk,rt_0bk,rt_2bk,ies_0bk,ies_2bk,acc_cost,rt_cost,ies_cost,efficiency_ratio,composite_efficiency,efficiency_group,DLPFC_L_activation_0bk,DLPFC_L_activation_2bk,DLPFC_L_load_effect,DLPFC_R_activation_0bk,DLPFC_R_activation_2bk,DLPFC_R_load_effect,PPC_L_activation_0bk,PPC_L_activation_2bk,PPC_L_load_effect,PPC_R_activation_0bk,PPC_R_activation_2bk,PPC_R_load_effect,ACC_L_activation_0bk,ACC_L_activation_2bk,ACC_L_load_effect,ACC_R_activation_0bk,ACC_R_activation_2bk,ACC_R_load_effect,VLPFC_L_activation_0bk,VLPFC_L_activation_2bk,VLPFC_L_load_effect,VLPFC_R_activation_0bk,VLPFC_R_activation_2bk,VLPFC_R_load_effect,Premotor_L_activation_0bk,Premotor_L_activation_2bk,Premotor_L_load_effect,Premotor_R_activation_0bk,Premotor_R_activation_2bk,Premotor_R_load_effect,mPFC_activation_0bk,mPFC_activation_2bk,mPFC_load_effect,PCC_activation_0bk,PCC_activation_2bk,PCC_load_effect,Angular_L_activation_0bk,Angular_L_activation_2bk,Angular_L_load_effect,Angular_R_activation_0bk,Angular_R_activation_2bk,Angular_R_load_effect,within_Motor_2bk,FPN_SAL_0bk,within_SAL_0bk,local_efficiency_2bk,FPN_SAL,within_DMN_0bk,within_DMN,FPN_DMN_0bk,DMN_SAL_0bk,FPN_Visual_2bk,global_efficiency_2bk,FPN_DAN_2bk,global_efficiency,within_Motor,within_DAN,DMN_Motor,DMN_SAL,modularity,within_FPN_0bk,DMN_Visual_2bk,FPN_Visual,within_Visual,FPN_DAN_0bk,FPN_SAL_2bk,within_FPN,DMN_Visual,FPN_DAN,global_efficiency_0bk,local_efficiency_0bk,DMN_Motor_0bk,within_Visual_0bk,FPN_Visual_0bk,within_DAN_0bk,within_DAN_2bk,within_Motor_0bk,DMN_DAN_2bk,within_SAL,modularity_2bk,within_Visual_2bk,DMN_DAN,FPN_DMN,FPN_Motor,DMN_Motor_2bk,FPN_Motor_0bk,modularity_0bk,within_SAL_2bk,DMN_Visual_0bk,DMN_DAN_0bk,DMN_SAL_2bk,local_efficiency,within_FPN_2bk,within_DMN_2bk,FPN_Motor_2bk,FPN_DMN_2bk,mean_activation_0bk,mean_activation_2bk,activation_efficiency_0bk,activation_efficiency_2bk,activation_efficiency_change,activation_efficiency_ratio,net_efficiency_0bk,net_efficiency_2bk,fpn_integration_0bk,fpn_integration_2bk,segregation_efficiency_0bk,segregation_efficiency_2bk,neural_efficiency_0bk,neural_efficiency_2bk,overall_efficiency
100206,0.9875,0.859375,623.3125,904.375,631.2025316455696,1052.3636363636365,0.128125,281.0625,421.16110471806667,0.5997950801746084,-0.1724591411173469,Low_Efficiency,0.1944866838763438,0.1475877529147173,-0.0468989309616264,-0.029911479438584,-0.1145093465737822,-0.0845978671351982,0.5774342003064766,0.2029816973701427,-0.3744525029363338,0.331368613127766,-0.0692218269089089,-0.400590440036675,1.137154435780482,1.0637998921664764,-0.0733545436140058,1.0217159832290863,0.4220865034931297,-0.5996294797359566,0.6665640660442564,0.9138600622982284,0.2472959962539719,-0.6163000393132481,-0.5513651815269269,0.0649348577863211,1.0455139753881877,0.2782463437179376,-0.7672676316702501,0.4423258817461403,-0.1911344368634865,-0.6334603186096268,0.6806065288356424,0.630056849437862,-0.0505496793977804,0.3100922518901927,0.4004207566226908,0.090328504732498,1.3632404081211045,1.0938268748310254,-0.269413533290079,1.044950420550277,0.41650402023386,-0.6284464003164172,1.2827402392849088,0.5624467866647404,0.5914527675472518,0.9861569316074564,0.4779976162267623,0.5017723425336434,0.4335507151020487,0.48593582603515,0.5046578417106806,0.5333769374582951,0.9833333333333334,0.6184234089509792,0.9660919540229884,1.374657910341825,0.6146752276049968,0.5137338279817639,0.4666283090190568,-0.0275462705331958,0.6788094014251271,0.535012624612748,0.5298172334949873,1.0438565456655335,0.632560956822018,0.5354892737771332,0.6468583208294603,0.4540893645460389,0.5636865752527169,0.9850574712643678,0.9875646843670332,0.610931269789657,1.1944110175700038,0.5558673983714548,0.6887002819418268,0.6603709188540117,1.429409755538713,0.4803421575510252,0.5146611513875597,-0.0285787987392205,0.991645149325618,0.4164948708173065,0.3997133465319737,0.5232523612081508,0.5272197526521133,0.6692045537855331,-0.0241026846773132,0.5254060931345994,0.5637427512759505,0.4749870825273306,0.4909790432670955,0.9746983851275824,0.6299522774500903,0.4559795024616362,0.5201956235555336,0.4529204456286418,0.5835172807245801,0.33165285437235464,1.6923205880949919,2.5911804993985146,0.8988599113035227,1.5311395408690307,0.9727442528735633,0.8450520833333334,0.670324283907313,0.5413652384336713,-0.4798616282097107,-0.38922850796211406,0.4042916905936382,0.33170091361329257,0.27590088038268945
100307,0.95,0.8125,715.375,863.3125,753.0263157894738,1062.5384615384614,0.1374999999999999,147.9375,309.5121457489877,0.7087049956753174,0.0227324680857706,Low_Efficiency,0.7664376641981234,0.6268881300843007,-0.1395495341138226,0.2385423301818848,0.1318408114348831,-0.1067015187470017,0.922640307769514,0.6469388976151962,-0.2757014101543177,0.9379941486388016,0.4014951082884315,-0.53649904035037,0.7615049597885747,0.7345247107975386,-0.026980248991036,0.7398940113092336,0.6177994530915265,-0.122094558217707,1.0021273977447147,1.1241597157172185,0.1220323179725036,-0.0213455053668711,0.1401585689733633,0.1615040743402344,0.716237893813336,0.6330811039543855,-0.0831567898589504,0.5570729007517549,0.3032094355550825,-0.2538634651966723,1.0751439173994035,0.9385513908784248,-0.1365925265209787,0.7722077619000385,0.842480382682663,0.0702726207826244,1.6799256178375197,1.0654282532486437,-0.614497364588876,1.4565847554205391,0.8076747445878971,-0.648910010832642,1.2430964914587972,0.3079314595678796,0.2928265802783069,0.9799400430891269,0.3854484822225821,0.4049593072831488,0.4689675694008492,0.3355866287564077,0.3334895306281497,0.5895695299271787,0.9735632183908046,0.4460489269111153,0.9770114942528736,1.13175584009425,0.4645940650174206,0.5484872979429416,0.4332849939617109,-0.0274419826072472,0.3645139686974591,0.5779134205417179,0.5303805108715309,0.8523934203805265,0.3479889664272479,0.4318075326733175,0.4425309179347921,0.4570974238142237,0.4224183180549357,0.9201149425287356,0.9368956928586618,0.5254710216366345,0.7761152640290954,0.4797097515238741,0.3778134849187183,0.4212696297102566,1.0113547764372466,0.4083546637198652,0.4049301423358674,-0.0270135916456634,0.8629876506394893,0.4058082271503112,0.3752527970571098,0.5218180343918855,0.5964211889797932,0.4231690375919472,-0.02628518718166,0.406366920874052,0.4654484702319819,0.3314131130284353,0.4188558568144992,0.9812608259256332,0.4693953926904868,0.4697733322482128,0.6002877871681348,0.4334184942873801,0.8289262972418976,0.6438736219221112,1.1460594953995957,1.2618916359438177,0.11583214054422197,1.1010689584094209,0.8741091954022988,0.7910201149425288,0.34628827026258613,0.3813837565610205,-0.3188072973185873,-0.35215252660849633,-0.2965368658689286,0.1553709045169903,0.2114729079848309
100408,0.925,0.90625,854.25,1085.125,923.5135135135134,1197.3793103448277,0.01875,230.875,273.86579683131424,0.7712789970018399,0.0626896546274335,High_Efficiency,-0.3040028049176965,0.8739135900811993,1.1779163949988958,-0.4023117499911074,0.5989565833891324,1.00126833338024,0.3390556713746236,1.891339358696684,1.552283687322061,0.31637603511199,1.3727075088091536,1.0563314736971636,0.6608887868763972,1.6944575990194948,1.0335688121430977,-0.2733031397601581,1.5114700907231495,1.7847732304833075,0.3877129869126202,1.825024227468419,1.4373112405557988,-0.1252088441182638,0.9066690213857548,1.0318778655040186,0.2331745162640474,1.2762955213986455,1.0431210051345985,-0.1084579818247437,1.0651564406054046,1.1736144224301484,0.0193530303458366,1.333771883890662,1.3144188535448256,-0.0647010630226728,0.7020435641043334,0.7667446271270063,0.3985710186638659,1.5317532949866417,1.1331822763227757,0.4595953830736543,1.3575172465852725,0.8979218635116181,0.9883747739648449,0.3404945713000096,0.3741685094695,0.9260414260257632,0.3340746978301432,0.3765785803545991,0.3603905133706443,0.2897467991407478,0.3665248875987216,0.2538113052286393,0.9155172413793105,0.355368315108435,0.9005747126436782,0.9330151304344492,0.2580704502241518,0.3861014408685903,0.3503999488550037,-0.0306143206044887,0.2951673024917216,0.3689012932058322,0.286250215072114,1.6667217128529694,0.3364634218715111,0.3658772877161443,0.3085675091088294,0.3795779751823794,0.3184386581605756,0.9137931034482758,0.9319126956699744,0.4111015572668248,1.656603364763315,0.2968334325461081,0.2515727545232241,0.2826015220934931,0.8618024926189699,0.322456272525116,0.3750485529949799,-0.0297597429066978,1.5655651941069713,0.2935080498989791,0.2746336663190253,0.3945055332579811,0.4456355405927015,0.3721030658535781,-0.031033540852762,0.4039572020037938,0.4589742716300296,0.2905226237279069,0.3503029616541766,0.9192453416533124,0.354055570121732,0.3425950770429774,0.4304856886028009,0.3222838166282812,0.10976727464202807,1.281505423653139,8.426842847048231,0.7071755422158474,-7.719667304832384,0.08391938370420357,0.8452586206896552,0.8296875000000001,0.2730297548048425,0.32086286042281964,-0.26801578920519176,-0.2920697088193798,-0.1368767113828714,-0.36799778001559974,-0.4082941729156341
100610,0.9875,0.96875,690.8125,995.875,699.5569620253165,1028.0,0.01875,305.0625,328.44303797468353,0.6805028813475841,0.2452308245483354,High_Efficiency,-0.3480928534051591,-0.384708078125422,-0.0366152247202629,-0.2987593542025233,-0.5656399073431053,-0.266880553140582,0.0567582913606977,0.2176063045709,0.1608480132102023,-0.2283542788426575,-0.4934140910267611,-0.2650598121841036,0.4188181704103695,-0.0300160958489159,-0.4488342662592854,0.1966646668851446,-0.1178061057072722,-0.3144707725924168,0.7138936175777352,0.3168019695848598,-0.3970916479928754,-0.1280871390132484,-0.5365166599587416,-0.4084295209454932,0.4111466645861552,0.0691072315898237,-0.3420394329963314,0.4604252409198771,0.1501380219841648,-0.3102872189357122,0.4826366039946085,0.0646085272578401,-0.4180280767367684,0.0453176637128418,0.0602872182139659,0.014969554501124,0.4438426095842338,0.5217074753577164,0.0778648657734826,0.2135901349799397,-0.3080641328203063,-0.521654267800246,0.99348140360386,0.4865593254439615,0.5484166813439949,0.936313097487668,0.4749772482740564,0.4451505201315735,0.4239710500726659,0.409165318033124,0.4716534732611476,0.5204312374845275,0.9114942528735632,0.3760166087956976,0.964942528735632,1.1866848950177324,0.6071696388667904,0.4793101566827565,0.4445342985228105,-0.0187991176017045,0.4928002808246061,0.4407397513596283,0.5244879424232566,1.1863475390451266,0.4776899015246556,0.3688880899984634,0.5063189141196294,0.4486895040538807,0.5187988320800463,0.9833333333333332,0.9853655100013172,0.5089881438442168,1.1506376084840086,0.5324732424161218,0.6084469931003551,0.3481821471834116,1.2059970680339078,0.2953399230070032,0.5084601519815272,-0.0208434227128908,1.0862869175355987,0.3509277310247003,0.3621805229690027,0.5033555891865427,0.4198008854001385,0.5518415891476893,-0.0214845674484092,0.4249044990879281,0.5060052882379003,0.3608368922154141,0.3853183157811109,0.9730375296334584,0.3668799088959098,0.3586608390326033,0.3678808053910084,0.2962362255701213,0.17427143132485817,-0.07399345159080381,5.666415465101411,13.092197849607393,7.425782384505982,2.310489871374656,0.9710416666666666,0.8830100574712644,0.48664027731429854,0.3554149117429126,-0.40405075155771,-0.286978843521055,0.5978299334829285,-0.1046747145106807,0.06452668598264563
101006,0.9,0.71875,655.4375,632.9375,728.2638888888889,880.6086956521739,0.18125,-22.5,152.34480676328496,0.8270005650461364,0.4029796866043809,High_Efficiency,-0.1331146269930663,-0.586136055638112,-0.4530214286450457,-0.1462815327385912,-0.6518931974510345,-0.5056116647124431,0.7853609658281644,0.2958193082445264,-0.4895416575836379,0.4626111705473235,-0.1645402766441055,-0.627151447191429,0.7793109508141904,0.6462524542609186,-0.1330584965532718,-0.1082206309749534,-0.1074242511770979,0.0007963797978554,0.712534320875473,0.7517988893161354,0.0392645684406624,-0.340246214407735,0.0536444489569568,0.3938906633646919,1.122566810098257,0.6684797523171973,-0.4540870577810598,0.7012859155961924,0.3696178708405647,-0.3316680447556276,0.675146724893596,0.4184583119422566,-0.2566884129513394,-0.0463367037117942,0.0473961478505934,0.0937328515623876,1.3572508085342716,0.5804719880658366,-0.7767788204684352,1.5242642956446977,0.3908061255222889,-1.133458170122409,1.1067923098745098,0.2492869019137478,0.2918743124892875,0.9001922249953733,0.2686862473380091,0.3372674263655858,0.3387916426055739,0.2248999122033462,0.2536962656099101,0.3257523270639474,0.8724137931034484,0.2680000270616594,0.8913793103448275,1.0414642599860002,0.3589518908648439,0.3795412170259312,0.2886439260780183,-0.012953793714403,0.2935041888221141,0.3189324877039184,0.384555417866203,0.6649338656613886,0.2623434438445848,0.2498716268763589,0.3559361513783778,0.3468215333777754,0.2752419470517678,0.8620689655172413,0.8932040927631517,0.4448751461327692,0.6515966169067586,0.3363747310166163,0.367522530348968,0.3482897127377455,1.0886276808497533,0.2465124234693446,0.322627061056378,-0.0063760810301686,0.5427419503543507,0.2830534872276556,0.2128995429123529,0.3690883467876451,0.4064939824486718,0.3113963758493052,-0.0100856991694282,0.3102724707705777,0.3985318305920683,0.2743566445927266,0.2306168716835888,0.9145843355707473,0.2922234139041024,0.301773546424015,0.2972864355222131,0.200709338861686,0.5247237324290018,0.19376796545763747,1.7151850186931583,3.7093143285483245,1.9941293098551662,2.1626309263962757,0.7758620689655172,0.6270474137931035,0.2641537699399027,0.2100355787435736,-0.20240992098301158,-0.1442598373068368,-0.9382201973158939,-1.0136361173026711,-0.9416602067997899
101107,0.9375,0.8125,698.125,820.125,744.6666666666666,1009.3846153846154,0.125,122.0,264.7179487179488,0.7377432301986485,0.1920986106421754,High_Efficiency,-0.0394434524363666,0.3599561494899156,0.3993996019262822,-0.394333252613183,0.2613804050332222,0.6557136576464052,0.8534255363683139,0.8593183557445083,0.0058928193761945,0.3529798905108502,0.4886759135491755,0.1356960230383253,0.830135481427464,1.2075506205368671,0.3774151391094031,0.3052312839627908,0.8677818618865174,0.5625505779237265,0.7281005374493128,1.4768473535456497,0.7487468160963369,-0.1198632029370152,0.5792809761563804,0.6991441790933957,0.7262849283247768,1.024807150637968,0.298522222313191,0.8147692746617745,1.0128320209372328,0.1980627462754582,0.2917799773058315,0.8513621231764287,0.5595821458705972,0.3227631094911466,0.5238648873810576,0.201101777889911,0.8164815289380868,0.8994507790586598,0.0829692501205729,0.6824812455295831,0.7928215641596073,0.1103403186300241,1.296050366514618,0.6081779368218486,0.6046374742571603,0.9787933951448444,0.6747165203399514,0.6882531357325957,0.6445237742551717,0.6181138490148167,0.5847183101703495,0.9670914803883466,0.9729885057471264,0.8005771753947575,0.964367816091954,1.3134330553956404,0.9079992104625758,0.418001542636089,0.6287446797457912,-0.0255363288397143,0.6707397057903105,0.926673569430526,0.9101533507667484,2.0590854533732554,0.6336502361740808,0.7487681506740168,0.7168042294623539,0.868406860803673,0.7453671441737132,0.9873563218390804,0.9893277468824696,0.7020958580941226,1.8274359147094332,0.737522030069317,0.7817751711982184,0.8732115498684436,1.713642636426627,0.6643871808350732,0.6608348349117741,-0.0276689677976047,2.007420377086907,0.6660767500990631,0.6174068364852485,0.467314264768258,0.4953536213169517,0.672752809242273,-0.0246132081420231,0.6534643173295838,0.7766763018267004,0.5664124059026914,0.6362692380560051,0.9768483356325685,0.8125593461069729,0.6515927359787819,0.628403731798656,0.6613844748425021,0.44077092042738336,0.8004235829495137,2.126950371727348,1.0150862645997067,-1.1118641071276412,0.47724939934819993,0.9256465517241379,0.7905531609195402,0.6288184741784161,0.6602044687119155,-0.5794817334513906,-0.537374885809533,0.2075406802470428,-0.11105402522128509,0.014373101456627208
101309,0.9375,0.921875,712.375,1207.9375,759.8666666666667,1310.3050847457628,0.015625,495.5625,550.4384180790961,0.5799158344975078,-0.6680515509427696,Low_Efficiency,0.5432199178706734,0.3191004553076905,-0.2241194625629828,0.5181957208902643,-0.0895046613564081,-0.6077003822466724,0.9681563138464896,0.3773615374906808,-0.5907947763558088,1.0772953200702453,0.3472554980404332,-0.7300398220298119,1.5408616261296029,1.1914059733496645,-0.3494556527799384,1.3072470495803004,0.664338176531507,-0.6429088730487935,1.099272193269044,1.53574360174366,0.4364714084746157,0.0842280996316471,0.3044081440520971,0.2201800444204499,0.8459677428152422,0.6085480779699518,-0.2374196648452904,1.072157662025023,0.3212504983714777,-0.7509071636535455,1.224650037613867,0.7066739852073415,-0.5179760524065254,0.4925779929475142,0.3735723411046272,-0.119005651842887,1.6119061791929965,1.1172275170702353,-0.4946786621227612,1.2006040805309448,0.5345125314935889,-0.6660915490373558,1.2576359079968464,0.4492214533523304,0.4548599140100649,0.9778015599629792,0.464265454613284,0.4883918145245819,0.4968701455844805,0.4222565206099448,0.40149822269012,0.6304156437469123,0.9741379310344828,0.4997876715620064,0.9672413793103448,1.1959357263999113,0.5826912177564849,0.5669670051617988,0.4532416832676428,-0.0231883161973608,0.544101306329014,0.6384046604321448,0.5676731803130535,1.2275370273629105,0.4523875416752386,0.4924225479284863,0.544588607165746,0.5449688061769186,0.463497226249386,0.9586206896551724,0.969377829113711,0.5308544443343387,1.0190585234554237,0.5443995966528918,0.4728050126100076,0.6989832459243468,1.1922949251343156,0.437908581029598,0.512569854509677,-0.0232500664875003,1.198214007242103,0.3788714478176596,0.4032103951268833,0.5757534511712685,0.6299390234011469,0.5373250067484832,-0.0198645641863151,0.5492463362119756,0.4799445721498598,0.3342466208541412,0.4756627427073951,0.9778953491304816,0.5590451888115967,0.4894540352897409,0.6088431398171289,0.4664559682894719,0.9704528526009896,0.5937066911697534,0.9660428442705777,1.5527422226646155,0.5866993783940377,1.6073206530672848,0.8987068965517242,0.8980334051724138,0.5100949746834507,0.5153697834356907,-0.39586548807182326,-0.4300140957668569,0.06959935481251187,0.28003540330973165,-0.18215154302768594
101410,0.9125,0.890625,710.6875,1067.0,778.835616438356,1198.0350877192982,0.021875,356.3125,419.1994712809421,0.6500941620341245,-0.2259992602223083,Low_Efficiency,-0.2930943459904638,-0.3460913176034501,-0.0529969716129863,-0.770781340973445,-0.2040304889967044,0.5667508519767406,0.3024177930305362,-0.0503591617430535,-0.3527769547735896,0.0909864668527421,0.1481116133167801,0.0571251464640379,-0.0503065959187729,0.1457308342325849,0.1960374301513579,-0.19272749221506,-0.1380960114653402,0.0546314807497197,0.3351207276956963,-0.0203149323989787,-0.3554356600946751,-0.2440964791673568,-0.2263780366264509,0.0177184425409058,0.1975343920681523,-0.4833021677186219,-0.6808365597867743,0.3082156983302395,-0.4243296356364118,-0.7325453339666513,-0.0134881568536213,0.2403925953597793,0.2538807522134007,0.1062481549381391,0.0745870702257722,-0.0316610847123669,0.8580517314788552,-0.066183181420024,-0.9242349128988792,0.2369986514054969,-0.300532317594982,-0.5375309690004789,1.0340904793469492,0.3696957810047665,0.4174276773892516,0.973289941379235,0.4218793650038857,0.3764555972064419,0.4208207341577106,0.3796654394696563,0.3431121448498458,0.5941693016803088,0.9666666666666668,0.4659980437269914,0.95,1.0051534840588592,0.4911202558082237,0.4690900118576812,0.3761536698554607,-0.0235665596790523,0.4799895242681306,0.5993182881388694,0.5847148127189998,1.1892619999993286,0.4077781561540428,0.4820128597611798,0.5002512338943159,0.5106297089230574,0.4357048035002286,0.9379310344827586,0.9549266249164424,0.448527509621943,1.154716400136464,0.5775344688128793,0.474076298118208,0.5210470870663118,1.085179376388013,0.4601136033454013,0.416479189803274,-0.0215336808619014,1.2246095435686444,0.4029151421764962,0.3541146427314593,0.5423942254873357,0.5521607147984429,0.5209884751118214,-0.0180286082272354,0.4537181920548516,0.5129279413466956,0.3312991897839381,0.4119999751207136,0.9659026104522171,0.5115382070807315,0.4454466368088282,0.6131969703738385,0.3950004594100489,0.06221994319150984,-0.11791393843350721,14.665480032847078,7.553114234989213,-7.112365797857866,0.5150266955493714,0.8558620689655172,0.8609375000000001,0.43799044089466915,0.4555887156812765,-0.3464447135160614,-0.3517972841620748,0.25457128813751473,0.2738724950350197,0.16137713145653917
101915,0.9625,0.765625,778.3125,1128.375,808.6363636363636,1473.795918367347,0.196875,350.0625,665.1595547309834,0.5486759418713556,-1.1926859855188257,Low_Efficiency,-0.1684484724728019,-0.263012602781285,-0.094564130308483,-0.3194389876550624,-0.2745745461872119,0.0448644414678504,0.466772448305123,0.4045134995774017,-0.0622589487277213,-0.1103916689916023,-0.05270338106157,0.0576882879300322,0.6836822624553149,0.630474559188551,-0.0532077032667638,0.2091122996974211,0.0700192642033521,-0.139093035494069,0.7025095852018952,0.6610208495683481,-0.0414887356335471,-0.2476154127331297,-0.0735943704360344,0.1740210422970952,0.2537371148073205,0.1299436200568313,-0.1237934947504892,0.4071055754855732,0.1425719343802434,-0.2645336411053298,0.6475331279211184,0.4881540537227664,-0.1593790741983519,-0.0050226266283551,0.3696297396135666,0.3746523662419217,1.0178672180849762,0.9378949836518076,-0.0799722344331686,0.4014247089556778,0.2296594112983582,-0.1717652976573195,0.9116197044393888,0.3993548353826721,0.3587483741233053,0.9725851785178504,0.3731208005458639,0.4218780433087897,0.4604617095383488,0.3911763386621814,0.3417716315722832,0.4877632084187246,0.9632183908045976,0.3851543951427941,0.9545977011494252,0.9454610009862552,0.4739527620213829,0.4493259048106182,0.3971159016728222,-0.0195334853541086,0.5114247869256606,0.4113887089148391,0.503452630313815,0.880580413782089,0.435535783552967,0.4022568191347631,0.5179705316987405,0.3570069129214223,0.3723612023659513,0.964367816091954,0.9746210686288485,0.4991682777454944,0.8442583825306647,0.5892255055878466,0.4493561917641508,0.4582598656712217,1.0270591061055874,0.4011157651594993,0.428690655299071,-0.0217488415586937,0.8553176145171667,0.3925653198404765,0.3747282456359911,0.5508368742166453,0.4956905876283127,0.5704623777557523,-0.019222271004778,0.446514110170188,0.5278271429000876,0.3385214239995927,0.411614297313128,0.9653441174512568,0.5172506122800696,0.4714679434738904,0.5275116511632292,0.4127846302452824,0.281344798030962,0.24285692962822322,3.4210569581496904,3.1525633162238096,-0.26849364192588077,0.9215170730193947,0.9282040229885057,0.7374640804597701,0.49224635741594835,0.39602000002692833,-0.3765072259623496,-0.31603823253154434,0.2999174894063512,-0.009473745382426823,-0.9593553296900648
102008,0.9625,0.96875,670.875,845.625,697.0129870129871,872.9032258064516,-0.00625,174.75,175.8902387934645,0.7984997264376423,0.8659911511521529,High_Efficiency,-0.1270897200092222,-0.416822772597256,-0.2897330525880338,-0.0862700415494938,-0.3235064494412359,-0.2372364078917421,0.5014802584903449,0.3831564631734181,-0.1183237953169268,0.1926642360222225,-0.2558267763600897,-0.4484910123823122,0.6244843594935203,0.5843152383724943,-0.0401691211210258,0.21003484244688,-0.1587681375554496,-0.3688029800023296,0.3682371215350156,1.1809506458825956,0.8127135243475798,-0.067673012907094,-0.1281885388788603,-0.0605155259717662,0.8385684999321127,0.2814543326948262,-0.5571141672372865,1.101883619912912,0.5602051315213519,-0.5416784883915603,0.5537974004136372,0.012200696401833,-0.541596704011804,0.2977186038299563,0.2964994048156956,-0.0012191990142607,0.9326536765989571,0.3486600910166135,-0.5839935855823436,0.4965335467556161,0.1171742499291887,-0.3793592968264273,1.2051369678970447,0.5536897777722338,0.5866347853590166,0.9719189477344644,0.4911913536140182,0.5189643956416244,0.4780613738787866,0.4902012119953259,0.5421462890154943,0.4990834426978796,0.9637931034482758,0.3842590588575079,0.9804597701149425,1.2097623595304408,0.4745583258153375,0.5269308263668258,0.4753599922980848,-0.0236867716454561,0.564060301261115,0.5605163029912683,0.5981401330505681,1.1056543852643586,0.5353638191677139,0.4028045100102202,0.5303513728724105,0.5356905062160561,0.4669948575533447,0.9942528735632185,0.9952791461412152,0.6137997913154007,1.126827699938497,0.6254962879476971,0.5559192355391269,0.4291721154905568,1.2401073098389894,0.3674825512757993,0.542908919172146,-0.0207692664363206,0.931176548089206,0.4216412631530155,0.413381047341914,0.4963914260066852,0.4821300398917453,0.5765175337002891,-0.02443569449416,0.4476940926546696,0.5534854205862303,0.4965382571970641,0.3802762334965356,0.9891189259867422,0.4217336176341007,0.436042377725745,0.4264616967769137,0.358926214434359,0.41693024221181185,0.1772502556410804,2.3085341239815875,5.465405570731985,3.1568714467503973,2.367477762827219,0.9569683908045978,0.9336745689655173,0.5429080399638232,0.4085544420830351,-0.4718186665455012,-0.3477097702332853,0.49877959197906324,0.4030511505393455,1.1897460004459264
102311,0.7875000000000001,0.734375,829.0625,1071.25,1052.7777777777776,1458.723404255319,0.053125,242.1875,405.9456264775415,0.7217117204719304,-0.5314794098232549,Low_Efficiency,-0.0402419234504218,0.0331039359480286,0.0733458593984504,0.2408404886144714,-0.0729644109168189,-0.3138048995312903,0.4852400993205903,0.8670679483245971,0.3818278490040068,0.3329807799209546,0.4793507993450033,0.1463700194240487,0.6636498175065896,1.076798059373818,0.4131482418672285,0.5147606183192527,1.2054136094615826,0.6906529911423299,0.7638323971098062,0.6739984509698073,-0.0898339461399989,0.1681535795280984,0.2555506366421449,0.0873970571140464,0.8342615509777032,1.104447563996702,0.2701860130189988,0.6315980590281749,0.9618645413734956,0.3302664823453206,0.5902451278044,0.8230407453288084,0.2327956175244083,0.9388224399054697,0.3772861153618023,-0.5615363245436673,0.9677199748491616,0.9343439610341716,-0.03337601381499,1.4884882093574143,0.8547631758748542,-0.6337250334825602,1.186383450120354,0.7709248520077636,0.7811910372042465,0.9983990147783252,0.7264350753988151,0.8227985047373957,0.7403257174077184,0.7746421662179102,0.7887821422026919,0.6363671343093573,0.9982758620689656,0.6084491085637838,0.9977011494252874,1.3907736692454566,0.6660813517603601,0.8003240154346642,0.6717128567321173,-0.0262151451105518,0.7957275686213368,0.7711727831195287,0.7642220412197156,1.4352931144410963,0.751966844461064,0.6674589643589748,0.7531693011914898,0.8565406728062989,0.7005271528401552,0.999425287356322,0.999425287356322,0.96383283133209,1.3869266915241487,0.9032728635758812,0.6751665251483132,0.6600750304700039,1.5726972208101269,0.6171492752054901,0.7722543549454424,-0.0275649046136653,1.1499278134217406,0.6192230891413473,0.616788781502283,0.7760868520638988,0.7414627731194854,0.8174089970329912,-0.0269378038033302,0.8280726265186229,0.909426008937019,0.709200531720779,0.6971565254981379,0.9978653530377668,0.5770752970083486,0.7122758356618946,0.6793494856866157,0.5945021139593469,0.6128822299136905,0.6838617951512855,1.2849103410953178,1.0738630690349809,-0.2110472720603369,0.8357487670079793,0.7870474137931036,0.7331088362068966,0.6266354602893027,0.423789671240506,-0.6100307058966044,-0.4365874899388954,-0.03164564961049825,0.1707664140100847,-0.2096708732470988
102513,0.9375,0.875,732.1875,1016.6875,781.0,1161.928571428571,0.0625,284.5,380.9285714285713,0.6721583574107088,-0.1457844437211888,Low_Efficiency,-0.1911862332407599,0.2766373536586439,0.4678235868994039,0.1667973357040406,0.3629547237259426,0.1961573880219019,0.5803142525767964,1.0280868950282824,0.447772642451486,0.5151238926845889,1.1801371063268302,0.6650132136422413,0.5527755428866792,0.9054385095827936,0.3526629666961142,0.2584975249151621,0.9727193739810744,0.7142218490659122,0.1902457519520647,0.1585845200636558,-0.0316612318884088,-0.1620173202931517,0.4025085929525818,0.5645259132457334,0.5559153522781661,0.8876591797975513,0.3317438275193852,0.2993041466427718,0.7272154812340608,0.427911334591289,0.7839001995145797,1.230616346194081,0.4467161466795011,0.1721698363848439,0.5145305341016608,0.3423606977168169,0.8054201458149948,0.9928012960647994,0.1873811502498046,0.7181484745106811,0.8630708416526973,0.1449223671420162,1.4180237401926874,0.3788645552910084,0.4547426150362031,0.9964285714285716,0.5598035606726748,0.4707788724763054,0.5319113583722981,0.4087133387944899,0.4155438897319335,0.9162229751096236,0.9959770114942528,0.6579887618984817,0.992528735632184,1.1978438756794991,0.3589891345965953,0.6184299604481175,0.5300845671013276,-0.0265196830686476,0.4612162261574558,0.7520188592062755,0.7971696549748492,1.3064230377169042,0.3404937181424774,0.7299517536507514,0.6997639732028202,0.5687230807428956,0.4920693311801145,0.9701149425287356,0.9748865660594797,0.5205789206120301,1.0994644346410871,0.6318092120405377,0.1970088553583156,0.461390279445229,1.0341338351313971,0.5498582287021859,0.5940733828221769,-0.025886215084849,1.357262269026405,0.4265679429387555,0.5206190264329398,0.6584247484690002,0.8146855596939985,0.4583136013909941,-0.0271321248708625,0.7490523293808897,0.5558505012985528,0.3204023359932773,0.6500196633869118,0.993051383801384,0.8305902869190944,0.6561626248630983,0.8468471202318968,0.6607492307526643,0.37467206445224693,0.7502114824546181,2.5021814721871656,1.1663362320193473,-1.3358452401678182,0.4661275686260599,0.9094827586206897,0.8714798850574712,0.4323902120226148,0.7267665010542076,-0.3831687551198343,-0.5781555769085813,0.2540577859351213,0.26315995035921946,0.2117705433678387
102614,0.9875,0.96875,582.4375,783.0,589.8101265822785,808.258064516129,0.01875,200.5625,218.4479379338505,0.729729961847487,0.8508937236602441,High_Efficiency,-0.1424854757316001,0.3987338045223867,0.5412192802539868,-0.3150538009194563,0.3379532531768531,0.6530070540963094,0.3363531733694777,1.392586062652048,1.0562328892825703,0.2131329490398151,0.8566682317485985,0.6435352827087834,0.8079620172715244,1.594776024613949,0.7868140073424247,0.4014765488786942,1.0958501572969608,0.6943736084182666,0.3188090186151331,1.42108696731975,1.1022779487046168,-0.6614938484510424,0.0833222505619069,0.7448160990129493,0.5904669167480028,0.8835349529724228,0.2930680362244199,0.1777607238137494,0.5441846116239859,0.3664238878102364,0.6142622694725922,1.28309812546508,0.6688358559924878,0.0712964303427145,0.6099321204537855,0.5386356901110709,0.7738102324097949,1.2164553245154028,0.4426450921056081,0.7744316126205397,1.0978630911957317,0.3234314785751919,1.374601779467957,0.3619208992722715,0.4430895678915788,0.995383527711114,0.4180362611989434,0.3209572588420101,0.4309625673171864,0.3194363607633738,0.3591706618932324,0.6603936834143007,0.9948275862068964,0.4776495415702073,0.960919540229885,1.322666873851598,0.5198095981807651,0.5553105653481574,0.4769671892022803,-0.0232918076761169,0.4062139193350627,0.6685676646895128,0.5152662551979991,1.0460422863200276,0.3957332173838022,0.5858078473157474,0.4964454008900507,0.4342110932191638,0.3928560135669226,0.9471264367816092,0.9678067218230793,0.4815813739658001,0.9848461572205672,0.5161652004255362,0.5429794606131481,0.4684598178064071,1.3066203622926549,0.4384534050085762,0.5425722868209493,-0.0265110224137894,1.1114352482098278,0.3380602037890651,0.3736732413922756,0.5047737010010265,0.7199210712873261,0.4535272096442504,-0.0258981257086167,0.6847526519188404,0.4036021325200667,0.3130558021232305,0.6012796792301673,0.9727435667806472,0.6443061368586676,0.5567632826701012,0.6916686703642221,0.5430799229835838,0.28290919767713857,0.9154317841513473,3.4905069103481035,1.0582426331804147,-2.432264277167689,0.30317726255342525,0.9352873563218391,0.9637392241379309,0.4011362453433744,0.6241715700818342,-0.3154434062538316,-0.5261086753903468,0.26147079783639005,0.5271994001824013,1.3322965910513291
102715,0.9875,0.96875,659.4375,897.0,667.7848101265822,925.9354838709676,0.01875,237.5625,258.1506737443855,0.7212001502899962,0.5669398730690483,High_Efficiency,-0.293776285504576,0.2438779853002509,0.537654270804827,-0.087399211803222,-0.0696130796937543,0.0177861321094676,-0.2193134331716126,0.78293451698026,1.0022479501518726,-0.0312137045509085,0.1963801662040695,0.227593870754978,0.3184916516681449,0.4756614721294858,0.1571698204613408,0.126969301333716,0.2793305683269001,0.1523612669931841,0.0452782175808949,0.8880792341874117,0.842801016606517,-0.1728419067387948,0.6514257188084693,0.8242676255472643,0.3570906371489193,0.5636954514461745,0.2066048142972552,0.1245149811479534,0.4813365157652114,0.3568215346172579,0.8649732303375033,1.220440336322565,0.3554671059850619,0.4647119540651522,0.6512191410551453,0.1865071869899931,0.285376144329557,0.820490367317243,0.5351142229876859,0.7388693952154047,0.3463559732457054,-0.3925134219696993,0.9107295519042818,0.3668354856605088,0.3250966918359917,0.9434988631296072,0.3715613431415289,0.3395270496268111,0.3838542108198928,0.3228938248615073,0.3237781886270802,0.325886294408719,0.9298850574712644,0.4488169996840062,0.9448275862068966,1.0594876964300528,0.5301011506058284,0.4850300657494119,0.364854272845455,-0.0104895044293151,0.4661498615996072,0.4401315891918121,0.4176952954936976,0.9070845331902544,0.4818572297439681,0.3961571063668919,0.4642968044684881,0.3888879812555748,0.4685924501768956,0.9316091954022988,0.9455478320994444,0.5060557480094294,0.8416181533307958,0.4079029138945,0.4898527984645628,0.5101596104261087,1.1242595116035647,0.3373640110118985,0.4061680335202712,-0.0178774564099951,0.7689995576778098,0.3235093712368413,0.3159086197214201,0.4977754868841672,0.4720987399750489,0.515573462975538,-0.0259426532241838,0.4556299672519298,0.4218096034453488,0.3429787509173706,0.4059001486535051,0.958224174619419,0.4563166487519244,0.4248549058511844,0.4982737996999837,0.3543736290267204,0.18012364078986656,0.5379724548139385,5.482314888566622,1.800739406993693,-3.6815754815729287,0.3284632705585495,0.9199640804597701,0.9008261494252874,0.4603229883296121,0.44205675347842677,-0.31885765205073846,-0.3432994531196354,0.05473109038353481,-0.07146319434843304,0.36146038607598446
102816,0.9875,0.828125,835.875,1144.0,846.4556962025316,1381.433962264151,0.159375,308.125,534.9782660616194,0.6127369959945118,-0.8422877596976532,Low_Efficiency,-0.4630644720381505,0.1767764968619214,0.6398409689000719,-0.6810564778853134,-0.3538226118053788,0.3272338660799346,0.3901830665491977,0.6930450003510586,0.3028619338018609,0.0454148052476535,-0.1449738291396233,-0.1903886343872768,1.3478199881742956,2.0938295875396515,0.7460095993653562,0.3080781708957538,0.6922352316271099,0.3841570607313561,0.3934200541097946,1.7525535009866318,1.3591334468768372,-0.4366563985672771,0.1372293483430771,0.5738857469103542,1.7164280821912898,1.5171156851759808,-0.1993123970153091,0.7659278104713416,0.8523453160673745,0.0864175055960329,0.7198508831822596,0.8267263291852192,0.1068754460029594,0.0068576912931674,0.9116044876398676,0.9047467963467004,1.4942188050266356,1.4975825349572145,0.0033637299305788,1.0877069381569706,0.7146132013493547,-0.3730937368076158,1.8143539840038072,0.6733832384194737,0.715642039947882,0.9769576580460128,0.6371832490522329,0.4843883657358291,0.4908323462422821,0.4870526236131914,0.5517212259165486,0.6914162279590127,0.9701149425287356,0.7477818274431509,0.9580459770114942,1.7720155559421042,0.5479980252320874,0.6517263089376171,0.5437677528598537,-0.0236439078146585,0.7064759111001945,0.6684052709737657,0.5975409512261438,0.8022766315166077,0.594748285126858,0.8227399600615919,0.6709532006603007,0.5596604396034619,0.5961650745911425,0.971264367816092,0.9783471125601376,0.6912678209833027,0.9313076210434796,0.6563660846166468,0.5813515802071276,0.6030154187326578,1.5670369510562474,0.5526074864201577,0.6316595315089798,-0.027314157084161,1.133555447130651,0.4840009127035949,0.4556065311269394,0.6844162739839522,0.6917109472612677,0.7620715292539609,-0.0263960356063051,0.7559400399617424,0.5695415687473007,0.4709822017097655,0.6088011094669419,0.9661872639083814,0.8473467325606778,0.5581978660761419,0.7828732461165343,0.5955845446216589,0.4782234962005442,0.8119185913671041,2.064929772200315,1.0199593762796255,-1.0449703959206895,0.4939436178738302,0.959123563218391,0.8033764367816092,0.6976449622114421,0.7017090129018113,-0.48096446581802654,-0.49321845101481127,0.25045111575121004,-0.050307051641833536,-0.7318029568324196
103111,0.95,0.90625,704.9375,943.5625,742.0394736842105,1041.1724137931035,0.0437499999999999,238.625,299.13294010889297,0.7126960567278964,0.2281123185989355,High_Efficiency,0.4698095546145955,0.2970475870663354,-0.17276196754826,0.2734837640936412,0.1117738522252936,-0.1617099118683476,0.9474294842168196,1.1108415030878525,0.1634120188710329,0.7473864804691093,0.5643383575481246,-0.1830481229209846,1.2451111628947538,1.1655099489146654,-0.0796012139800883,1.162399844310508,0.9901605482352122,-0.1722392960752958,0.8065068312635248,1.0671433248651685,0.2606364936016435,0.3679383083795669,0.338770813576822,-0.0291674948027449,1.307577621016569,1.2222806232700831,-0.0852969977464858,1.1466690774716026,1.2040859347202697,0.0574168572486668,0.9271992590864776,0.8013976001203228,-0.1258016589661548,0.539450440649337,0.6142198520952566,0.0747694114459196,1.305242229713628,1.463339399219037,0.1580971695054093,0.7601591277511468,0.6940565651803003,-0.0661025625708464,1.1442872444486092,0.3337577563688653,0.4662668895293659,0.9698691583181396,0.4363614930162736,0.3327509908050974,0.3214961202925898,0.2568352345202898,0.3585325566978183,0.4765561866657345,0.9632183908045976,0.4650171183148864,0.942528735632184,1.089944806863094,0.3907090353419486,0.4573046003665436,0.3916738630614903,-0.0161749693074468,0.3271930655416197,0.5200973752772872,0.4772107871522127,1.1668673515086452,0.3120156330973551,0.5223224798016346,0.4273939821298029,0.3992726209954276,0.3940670444124349,0.9189655172413792,0.9374525374959888,0.4364387808217578,1.0264973588775863,0.3972053326275772,0.3443532903711321,0.4139942940865748,0.9998515206104494,0.4377232104666715,0.5339757088119832,-0.0301783432124284,1.2541569607061265,0.3452711854267875,0.3000083588340662,0.5511307501452003,0.6135368905967071,0.4210856256923202,-0.0229221449848551,0.6334286854818642,0.4168970778753287,0.347749457913993,0.4936786632470106,0.9595225810918452,0.5091686875688368,0.384417454232118,0.679930439726631,0.407794828006274,0.8575973704236628,0.8317832792946246,1.1077446422043569,1.0895252802427624,-0.01821936196159446,0.9835518540832742,0.8730172413793102,0.8729166666666666,0.3108334122645387,0.46143412310925835,-0.24399347279427527,-0.3695640628806858,-0.20442080334161233,0.18855021517120457,0.41594559959346256
103212,0.9125,0.84375,857.4375,1037.875,939.6575342465752,1230.074074074074,0.06875,180.4375,290.4165398274989,0.7639032104256753,-0.0704228606515299,Low_Efficiency,-0.0081243673436232,-0.1153433833899335,-0.1072190160463103,-0.1887960995899039,-0.219008392228462,-0.030212292638558,0.3739237449707042,0.3163133297088559,-0.0576104152618482,0.2588354222771727,0.2602902568730822,0.0014548345959095,0.6458700751136568,0.4500826035617387,-0.1957874715519181,0.6929952104308406,0.449914088932913,-0.2430811214979275,1.1249120906187722,1.0311668542411194,-0.0937452363776528,0.4082005503065948,0.3702524312789743,-0.0379481190276204,0.9806707120654308,0.4452469533586818,-0.535423758706749,0.8473558881793659,0.4202596905382967,-0.4270961976410692,0.8473533396818473,0.923446664539442,0.0760933248575945,0.4458892583524924,0.6025479220310276,0.1566586636785351,1.0192524373673642,0.6367952579393834,-0.3824571794279806,0.8141918941525116,0.5516608023238327,-0.2625310918286789,1.1733208953417684,0.3881290529008104,0.5532693207958806,0.9774924054095718,0.4459672515483298,0.5092077946550692,0.5254065245104774,0.3847609898222144,0.5171571948549848,0.5930124343417197,0.9695402298850576,0.4911334246317331,0.9729885057471264,1.25281393399833,0.50923403993014,0.5322092652386012,0.5364914721675758,-0.0249959160812564,0.3439056334101747,0.5560219943765413,0.5171497185473708,1.1215935063065472,0.3952676058979024,0.4921592842321652,0.4625389756063437,0.4150351878846344,0.4548883128073601,0.9528735632183908,0.964058595575182,0.4627310001015893,0.8934156117143763,0.465103401718635,0.4980435917733814,0.5071427341169051,1.1355087985733454,0.5101774651585853,0.5687525659727766,-0.0232247374954768,1.3019040523931906,0.5070418735164219,0.4247436596831484,0.426891054295063,0.4940066094737605,0.3284741109581659,-0.0255542690261814,0.6030201103938373,0.526274827747786,0.472522341708979,0.5646057563045036,0.9795521540919568,0.4921189151859676,0.5195916684964642,0.4541364397370662,0.460483888552943,0.5901807254702305,0.43740179140778235,1.5461339459010877,1.929000035149268,0.38286608924818033,1.247627214081916,0.8694971264367816,0.8180495689655174,0.31381389048678443,0.4152253346881602,-0.35109440321277063,-0.38853328096654566,0.01632866658282097,0.1324068676381377,0.10887647501741728
103414,0.9875,0.84375,739.125,970.375,748.4810126582278,1150.074074074074,0.14375,231.25,401.5930614158464,0.6508111342835292,-0.2756052284453508,Low_Efficiency,-0.4484436497413082,-0.516090667150682,-0.0676470174093737,-0.1282716484988215,-0.4072669451067824,-0.2789952966079608,-0.2022641766766636,-0.3983991764496941,-0.1961349997730305,-0.2310870556509557,-0.536702615420243,-0.3056155597692872,0.9856532553192584,0.5272338475957947,-0.4584194077234635,0.2179340263869079,-0.0762204303840993,-0.2941544567710072,0.8560948897368186,0.2356340480807658,-0.6204608416560529,-0.2006690328803399,-0.7172130072912665,-0.5165439744109266,0.8208789393560615,0.1503653975643377,-0.6705135417917237,1.1329124959389842,0.0321944277515217,-1.1007180681874624,0.1484481793621886,0.3758651262776021,0.2274169469154134,0.3719125796192469,0.2222528602835966,-0.1496597193356503,1.4596339640924716,0.3745253386100802,-1.0851086254823912,0.4094810722863115,-0.174065938338783,-0.5835470106250945,1.058681865678464,0.3699479852444383,0.3720392565549977,0.9723773973094776,0.4273030410733163,0.3811614951537261,0.5259972191630136,0.3177002660021118,0.335213028467738,0.6006641386557419,0.9655172413793104,0.4904234392409758,0.9706896551724138,1.173081298771233,0.5526758469006916,0.5873123963801274,0.3990814759824353,-0.0172947739905782,0.5053856668226885,0.6362625593370256,0.5469017414022098,1.205463727491788,0.3600434034162303,0.4858650018580823,0.5561686087233608,0.5579237717063613,0.4331463950630402,0.9270114942528735,0.940336702481258,0.5303899916055715,1.162426363855714,0.4662944247781307,0.5495988730668827,0.5833540237537003,1.1769577584717812,0.4917855181261135,0.4096723634064638,-0.0228149578544061,1.1638431474269262,0.3732522883933152,0.3761383889086437,0.5627582235921392,0.6272548262013331,0.4913593490874302,-0.0152457446154838,0.4472807315882668,0.4586147624208007,0.2540189770148056,0.4761561351258467,0.9758707297491508,0.5767445690985763,0.6054542998059551,0.6278924075330254,0.5350229469965323,0.37087241704644003,-0.06484912385556084,2.662633541827419,13.010769291347302,10.348135749519884,4.886426990621759,0.9154238505747126,0.8146551724137931,0.4990683459874049,0.48662823017692375,-0.3137290126770854,-0.4514256115283241,-0.09363332419155652,0.059971695370265456,-0.14430672936905703
103515,0.7375,0.59375,830.9375,987.4375,1126.6949152542372,1663.0526315789473,0.14375,156.5,536.35771632471,0.6774860241100864,-0.8669825618874593,Low_Efficiency,-0.6188284651212473,0.2682250643216057,0.8870535294428531,-0.5503478951751302,0.1776424606409876,0.7279903558161178,-0.1176989575368223,1.0298401584830017,1.1475391160198238,0.372049043358039,0.976814737708456,0.6047656943504169,0.127890872142963,0.0197175999629905,-0.1081732721799724,0.1130443314560165,0.2000505309870966,0.08700619953108,0.4714154905762737,-0.1470622943711497,-0.6184777849474234,-0.2772611075602861,0.310716447158307,0.5879775547185931,0.2717672477463633,0.2149419902877463,-0.056825257458617,0.489297728633135,0.5112214014980765,0.0219236728649415,-0.2195491111869277,0.1972346530939798,0.4167837642809076,0.1028056574561721,0.3481188689241126,0.2453132114679405,0.6273841778831931,1.5518163550788966,0.9244321771957034,0.4284845793965544,0.9492060343999904,0.5207214550034359,1.3243887558779257,0.5506205468300709,0.5688117702161408,0.9915362259346516,0.6558838469186028,0.5912336411574262,0.7340120444555152,0.5619671771010797,0.5866662181414554,0.7697545875445517,0.9908045977011496,0.6528793591919491,0.9695402298850576,1.6128526499165092,0.4147619677189246,0.942922839597881,0.6205435528695538,-0.0259219250854457,0.6033595637704421,0.688055279703456,0.9343357652598728,1.494687532778669,0.5281082745388794,0.6076737358602186,0.8514970732363485,0.8780154383547728,0.6485557181289935,0.9936781609195402,0.994242816676725,0.6933459424666419,1.0588769349820333,0.6977452537645943,0.4084168670195373,0.5972584636062572,1.2399753888557945,0.4894648741064502,0.549893315650672,-0.0230468856373567,1.2256690637354684,0.5405944766941204,0.7573506736772704,0.97117419946195,0.7160009283251214,0.6174785635067522,-0.0275482527680388,0.6092325530007345,0.6690938278421883,0.4863452375910319,0.5711960415128117,0.975249921800574,0.693870380068049,0.5742471703895156,0.6785932946383865,0.5348853129675919,0.0871752565763069,0.47203457201243554,8.459872320331321,1.2578501180931296,-7.202022202238192,0.14868427344771015,0.732837643678161,0.5882902298850575,0.44497767828070106,0.4119855381654041,-0.4144507931120463,-0.3175881545745077,0.26059880866234186,-0.07913572335180974,-0.78730960542187
104416,0.9,0.9375,811.625,986.0625,901.8055555555557,1051.8,-0.0374999999999999,174.4375,149.9944444444444,0.8573926179459551,0.614961027711643,High_Efficiency,0.0111278405016785,-0.0568219740349806,-0.0679498145366591,-0.1395616697049683,-0.0984175188900666,0.0411441508149016,0.8590616491849782,1.7488415688493395,0.8897799196643613,0.4499906338926771,1.2565176150436386,0.8065269811509613,0.4570117413693743,1.0281386097004943,0.5711268683311203,0.3002170784716911,0.7819243929309754,0.4817073144592842,-0.1001685225683751,1.229821871438207,1.329990394006582,-0.2732300012013786,0.5515944146838798,0.8248244158852585,0.6641277254991473,1.0341221109563268,0.3699943854571795,0.4572837915982135,0.6396886184261661,0.1824048268279525,0.2408409347926864,0.8465673174842743,0.6057263826915877,0.1370953218703063,0.235808223406918,0.0987129015366117,1.432266668060329,1.6723449825162635,0.2400783144559342,0.4087972147275165,0.7514172484586218,0.3426200337311052,1.297669054166032,0.5100842588219255,0.5855822465469496,0.9750793287172598,0.4914428642943204,0.5082628205350299,0.4875733675086852,0.4723474171944234,0.4824999004300039,0.600325068552247,0.9637931034482758,0.4574543400758701,0.9752873563218392,1.2849546248172352,0.7495633623406508,0.5674460225736119,0.4704240180125364,-0.0206383669222804,0.5468401395117723,0.481972928381412,0.6128383598020948,1.1238776402034074,0.5127327167572947,0.4676955692431037,0.5829506959311429,0.4774420932016541,0.4692038794943561,0.985632183908046,0.9881909689141076,0.6558288540856818,1.0956709450145223,0.6174038009991447,0.78065364843906,0.6994954183412084,1.2940410976082624,0.4246388140008411,0.552831955685827,-0.0189227326580266,1.103698013315922,0.4554869208444945,0.3830061771237399,0.5990789495365727,0.533324456494176,0.6446873216671992,-0.0257617521498934,0.4911087044702274,0.558382523700971,0.4768270559531189,0.4263139680861026,0.980815344074024,0.5665245897255609,0.4500083273427058,0.6276087487698847,0.3631425934733097,0.35034717189241976,0.8301105343550041,2.568873115959515,1.129366309466398,-1.439506806493117,0.43963474210357006,0.8870689655172413,0.9035560344827586,0.4921561255605951,0.5311168028677133,-0.4251126754749811,-0.34044618138122784,0.3221019507159584,0.33654135141111,0.9075139556242393
104820,0.8999999999999999,0.75,645.0625,810.8125,716.7361111111112,1081.0833333333333,0.1499999999999999,165.75,364.34722222222206,0.6629795215704413,-0.1371191487257714,Low_Efficiency,0.3519382433374186,-0.0865304719956895,-0.4384687153331082,-0.0194589411491873,0.0176263477042199,0.0370852888534072,0.6179988628497395,0.1486926908980865,-0.4693061719516529,0.7602652272593031,-0.1272205113686907,-0.8874857386279937,0.581042505183673,0.4258498396000316,-0.1551926655836413,0.095253439899095,-0.1258465882212108,-0.2211000281203059,0.7939392667419046,0.8675653214503044,0.0736260547083997,0.0820750217434474,0.0358318205130761,-0.0462432012303713,1.4831253915328113,0.7719569822367345,-0.7111684092960768,0.897196654924036,0.0834089546288673,-0.8137877002951688,1.050268994410068,0.5031915351797701,-0.5470774592302979,0.6107966371213256,0.4376974956001709,-0.1730991415211547,1.8084767316858448,0.7700686210829318,-1.0384081106029126,1.6184119444700549,0.7194169093805891,-0.8989950350894655,1.2212779251361336,0.2550663902206407,0.3198877116469065,0.91797905422166,0.3031622770725011,0.4024192419461445,0.4388984590180738,0.2470044399574809,0.302041154172781,0.4168218292687282,0.8908045977011494,0.2913723003497647,0.889080459770115,1.1938768068659646,0.2909851204713559,0.551143270779811,0.3131681368189447,-0.0208794879167281,0.2495579807612946,0.6052863880649997,0.3592745213029765,1.1576260395475928,0.2631629090780254,0.3191860253595369,0.2806714892141881,0.4717926590855855,0.3024354070067429,0.8919540229885057,0.9059800397421768,0.5972451909169604,1.0605848054090836,0.3525260573453257,0.2202397403670952,0.2743406243003096,1.270570604960613,0.378151738264008,0.335779927400183,-0.0197076748412552,1.195238222244223,0.3602199139527434,0.2459402867339856,0.3177986557812169,0.5599951980469076,0.3569999485606416,-0.0229485517432404,0.3337513897643241,0.4805046730326849,0.3288542925689057,0.3429556733505611,0.9081209774666106,0.305517500120162,0.4977775424655006,0.3274895040864983,0.3008425870301355,0.7665235700006809,0.31726492476351364,1.1741306609378488,2.3639475325282455,1.1898168715903967,2.013358136207672,0.802758620689655,0.6681034482758621,0.2246021826851651,0.2291381250901215,-0.22230399596173278,-0.22563194027260164,-0.6794692513029151,-0.8188653245520225,-1.1282973209722398
105014,1.0,0.875,669.5625,962.125,669.5625,1099.571428571429,0.125,292.5625,430.0089285714287,0.608930427439262,-0.2467797352015669,Low_Efficiency,-0.1865499050332473,0.2568722539135483,0.4434221589467956,-0.4898503675177121,-0.2874140664678142,0.2024363010498979,0.2520091675560006,0.281819458156771,0.0298102906007703,0.0201356290722959,0.3075623404908635,0.2874267114185675,0.1331429661637626,0.4413137569783802,0.3081707908146176,-0.272574461903955,0.2577228950882613,0.5302973569922164,0.0194181765349919,0.5990969571204883,0.5796787805854963,-0.7263174309006097,-0.2818801042301082,0.4444373266705015,0.4541061206765638,0.2625096867896362,-0.1915964338869276,0.1537403917521814,0.0317032179015294,-0.1220371738506519,0.2117805853155629,0.3214847734949185,0.1097041881793556,-0.0463203911235497,0.6395186300231531,0.6858390211467028,0.589361673160129,0.1017653755180324,-0.4875962976420965,0.0759404358507234,0.3268212089909898,0.2508807731402664,1.2136452610812742,0.3991939052878765,0.5224555249317866,0.9328375755829408,0.3237271341830188,0.4347786793694286,0.3537860504934224,0.397306933056057,0.4478734885649518,0.3975832159888098,0.917816091954023,0.3605261335762995,0.9385057471264368,1.2542807924203123,0.4924505586925225,0.4245027545488574,0.3749934255595615,-0.0225625114426574,0.4390612951076938,0.3675876960569633,0.4815154762431817,0.9334232543431964,0.4443215743318375,0.2920233222106763,0.3970068102036403,0.4520421541594609,0.3759219640386705,0.945977011494253,0.9564978899424574,0.4900860467575727,1.0215271285832472,0.5727083661894714,0.4934257792610799,0.4647247373700511,1.239473770605592,0.3126266982892727,0.4410333206909802,-0.0351105800011254,0.6862723816917304,0.3315003241876297,0.3027454761864492,0.4860404308250551,0.4499167828972835,0.4794618736239115,-0.0280674674959683,0.3837440261157172,0.5918637545621266,0.3828439742207874,0.3133003240096343,0.9575416910809632,0.3270420209675309,0.2727710764774879,0.4237436791705273,0.2749298534613704,0.013430184971652675,0.2327783131263321,74.45359453470117,3.7589250876650158,-70.69466944703615,0.05048681746891679,0.945977011494253,0.8030890804597701,0.4390612951076938,0.2861617683465895,-0.397306933056057,-0.24056362177869908,2.268048623713397,-0.2764943645127621,-0.5402531512094718
105115,0.9375,0.9375,747.3125,1007.625,797.1333333333333,1074.8,0.0,260.3125,277.66666666666663,0.7416573626100981,0.2840268463071068,High_Efficiency,-0.2260473261458086,0.6531052146428098,0.8791525407886185,-0.836520512704034,0.2403841626498078,1.0769046753538418,0.3039977496087184,1.0536208933299305,0.7496231437212122,-0.0564606941520487,0.8534095004765139,0.9098701946285628,0.6853940866419407,1.08683356411347,0.4014394774715292,-0.0430102223973208,1.5062607410146884,1.5492709634120092,0.7681518197078636,1.8186393952286175,1.050487575520754,-0.0829865978764615,0.6355914333542994,0.7185780312307609,0.3787924441821333,0.8869795064864102,0.5081870623042768,0.1009867007211759,0.6780588129329669,0.5770721122117909,0.2644134878975146,1.4397707679819476,1.175357280084433,0.019620749931271,0.9615679931477096,0.9419472432164384,1.123704817214036,1.502233159438057,0.3785283422240206,0.2721394455512735,1.1444303395165227,0.8722908939652492,1.187242197010654,0.3437278673437359,0.45309069290698,0.9977361187131302,0.4706260843116545,0.2985824461757284,0.4278211248916349,0.2895467168260107,0.352595349084497,0.6199573360529547,0.9977011494252872,0.4810834449711454,0.9528735632183908,0.9993945069628188,0.3703324738809973,0.493581710371625,0.4545973951230537,-0.0224976386798812,0.397911085443728,0.5656098616062657,0.5016596126353683,0.7240318016176495,0.3486430068425628,0.5872724914738321,0.5279054280043562,0.471714385603685,0.3998985559484933,0.9114942528735632,0.9297871360625192,0.3867136818496619,0.5933632443994526,0.4380511435174345,0.3892238856401313,0.4057168358283671,0.7979448746856144,0.4244027311929708,0.5409349958040683,-0.0262188715071283,0.7868743887347396,0.331851725296783,0.3779854528435773,0.4935571523202822,0.6515682888379661,0.3260320534856789,-0.0204133233495193,0.6554131682315557,0.2834566032719459,0.2959405537480832,0.5603451298723576,0.9670291613961746,0.607313663988595,0.5453583501050985,0.5890998977840335,0.5097482197816121,0.1908697105843038,1.0329203917366967,4.911701733231222,0.9076198900515939,-4.004081843179629,0.18478721928973607,0.8545258620689655,0.9353448275862067,0.373041642603495,0.5693565599893078,-0.271450047024385,-0.4778889560452614,-0.2548475971610376,0.5599803535305345,0.9227408580459682
105216,0.9875,0.96875,563.4375,732.1875,570.5696202531645,755.8064516129032,0.01875,168.75,185.23683135973863,0.754914990518485,1.0100951740571196,High_Efficiency,-0.0695790954440651,-0.0532637535431608,0.0163153419009042,-0.3439223895161385,-0.3611972495521351,-0.0172748600359965,0.4620148048161455,0.8150432307134329,0.3530284258972873,-0.0168251195547764,0.4443426039782294,0.4611677235330059,0.9850272930323586,1.471513182093881,0.4864858890615223,0.4366392770518223,0.3527184353785221,-0.0839208416733002,0.6753446888620269,1.3559275303767098,0.6805828415146828,-0.1039245987595465,0.1826050270478715,0.286529625807418,0.661410507927934,0.8656336098816934,0.2042231019537594,0.3299145980356052,0.3152778051083227,-0.0146367929272824,1.0545236283850092,1.6877490334546807,0.6332254050696715,0.7020818429858542,1.212876451045475,0.5107946080596208,1.3604541665719267,1.40697964264473,0.0465254760728031,0.8586149590450604,0.937729372079493,0.0791144130344327,1.4600337208687455,0.4119940006983603,0.4695285372302578,0.997404670680533,0.4386866135629954,0.4931632171347382,0.6205034852959783,0.3419909544026419,0.3769233845805338,0.6953880361514722,0.9971264367816092,0.6303420728544888,0.9798850574712644,1.4379587196606365,0.5106243333796615,0.573934364667206,0.4617020665212938,-0.0185253661285057,0.4933092266527891,0.7851789041390415,0.5574350840958083,1.1304372061421053,0.4444608768386801,0.5447643503717695,0.589548818498479,0.65622326507749,0.4893524615225623,0.9321839080459772,0.9478803000550002,0.5459354214954786,1.0782118450321456,0.530679087247341,0.5314506382822655,0.6038111849342265,1.3402116255359091,0.5597002504197002,0.5011071604021661,-0.0286682404696336,1.1520182477963314,0.438242895890946,0.4343087893352131,0.6065810539828329,0.7367864664920196,0.5835759694364124,-0.0107809198839135,0.586656185078194,0.513374923634246,0.3235553897050772,0.5691713694209091,0.9824924966707826,0.6689783190440242,0.6977388436722767,0.7245784359202125,0.5876208269950942,0.4994124688170869,0.7595667800505532,1.9773195191130852,1.2753963838954894,-0.7019231352175959,0.6450124658937745,0.9205316091954024,0.9659662356321839,0.48714286131962925,0.6480727465738985,-0.33771606747260885,-0.5692576761514975,-0.05747839531008151,0.5013688333682514,1.4266235211649085
105923,0.95,0.953125,754.4375,868.5625,794.1447368421053,911.2786885245902,-0.003125,114.125,117.13395168248483,0.8714619872520765,0.8997667171360546,High_Efficiency,-0.2621209743892747,0.0332925863918431,0.2954135607811179,-0.4012987666828748,-0.2074575501980454,0.1938412164848294,0.1531976626654969,0.1023233301082617,-0.0508743325572351,-0.0958920729339654,-0.1417050083500536,-0.0458129354160882,0.4688039058455666,0.6059766554742139,0.1371727496286472,0.1706044830917777,0.1747724712957085,0.0041679882039307,0.1526699615418145,0.3534723237471798,0.2008023622053653,-0.0095060498724261,-0.0648423025858992,-0.055336252713473,0.3274887206296735,0.2890660328661277,-0.0384226877635457,0.4612536368630145,0.1886575648320594,-0.272596072030955,0.5601556714183656,0.5814164797435972,0.0212608083252316,0.0800941772106451,0.5378429402773586,0.4577487630667134,0.914800873379274,0.6476980717131351,-0.2671028016661388,0.1573088507466589,0.4492807905928548,0.2919719398461958,1.8185394483047088,1.0487800787033532,1.0200533449093054,1.0,0.9584793312954258,0.9578660420579784,0.9373357597722614,0.9734950910987932,0.9894046339500688,1.2707256739399515,1.0,0.999102097257285,1.0,1.763738893690745,0.9946370256892548,1.0894413538647798,0.9369180980166611,-0.02727969348659,1.1581460990169272,1.181775638268914,1.238530590506839,1.7664325730450745,1.0935697003261766,1.0009693027506994,1.141558759767565,1.1015918167405638,1.0112371800616864,1.0,1.0,1.1253375772290894,1.7649867169855664,1.2646424734915476,1.0462294377186527,0.94224955825811,1.7085966702947362,0.8958673221279003,0.962000604446662,-0.02727969348659,1.8209220962392296,0.892925633623691,0.9070078809559492,1.0787236721565685,1.0893701477719084,1.0579694837568092,-0.02727969348659,0.9822395353277248,1.10742427577653,0.974785944123858,0.9726759761041448,1.0,1.1523392179508778,0.960373910585104,1.0846714681084006,0.9547937487214084,0.19125429139383904,0.25355674185059585,4.967182832310399,3.7590057122436877,-1.2081771200667109,0.756767987484621,0.95,0.953125,1.1002387940660807,1.0983233171094304,-0.9248203365438534,-0.9100377917500924,0.03282130475255736,0.058901351858722785,0.788167246154842
106016,0.9375,0.90625,636.375,949.8125,678.8,1048.0689655172414,0.03125,313.4375,369.26896551724144,0.647667302757123,0.0938992757910902,High_Efficiency,-0.5038088204003752,-0.8298967571640533,-0.3260879367636781,-1.35596584663881,-1.3327344756962505,0.0232313709425596,-0.460760098350627,-0.2797805229703331,0.1809795753802938,-1.1376899952924449,-0.8364931674953585,0.3011968277970864,0.3944650174006132,-0.1437171286897351,-0.5381821460903483,-0.5082197231166791,-0.7387008602848033,-0.2304811371681242,0.4441508921686055,0.3276987810834801,-0.1164521110851253,-1.2973881948410544,-0.9341667951799768,0.3632213996610777,0.2384800032997568,-0.493282040561246,-0.7317620438610029,-0.461137705023375,-0.9150258881427986,-0.4538881831194237,-0.0464762114349507,-0.6576392994507586,-0.6111630880158079,-0.132453253727562,0.0546884364330777,0.1871416901606397,0.1140019559214645,-0.2961434879615826,-0.4101454438830471,-0.0802727248542101,-0.5079538986739051,-0.427681173819695,0.9530741129280992,0.4743768758447051,0.5655086314152058,0.968285316388471,0.4603142401150474,0.5061818634572465,0.4522705368619308,0.4324470915469386,0.5022792816235963,0.708652078941644,0.9591954022988506,0.4962936981802408,0.9689655172413794,0.9031777198855736,0.5043877691939701,0.5051045106114745,0.4755255064828065,-0.0207789193241695,0.5434648097558898,0.5653979739764473,0.6725111884925215,1.4803178755818254,0.4228211452160363,0.4923417690969984,0.5381375541541895,0.5479984597921872,0.4809404299124869,0.9442528735632184,0.9593222419778544,0.6075636480213501,1.377903094618396,0.6862230576784253,0.4947391904247767,0.5374338674660236,1.1702623060653106,0.5191900009695061,0.515638941130469,-0.0273517688234702,1.361489035407479,0.424971421294212,0.3756373814973775,0.5200823900862681,0.5969196721155601,0.5090166504683197,-0.0211644792360584,0.5537910541199227,0.6240418511850356,0.422842177185981,0.5342204062370729,0.9749236483745808,0.536858405414065,0.5147323268794795,0.5726328908261834,0.4218967698595644,-0.34236247892068905,-0.5416533646253031,2.7383177754692074,1.6731149219611863,-1.0652028535080211,0.6110007852078873,0.8852370689655172,0.8692708333333333,0.5094982591461468,0.48652792990649646,-0.40541914832525494,-0.3823439476852303,-0.06074787545309712,0.1342282206060637,0.24169398973096676
106319,0.975,0.890625,1105.75,1245.125,1134.1025641025642,1398.0350877192982,0.0843749999999999,139.375,263.932523616734,0.8112118029545999,-0.2664016832861998,Low_Efficiency,0.6586483884965432,0.3991155180778319,-0.2595328704187112,-0.018391175084235,-0.2376905464235149,-0.2192993713392799,1.3293222780528264,1.0843790153149615,-0.2449432627378647,0.7035900024127503,0.1843558437921445,-0.5192341586206057,1.3905497025866138,1.2380602438700914,-0.1524894587165224,0.7008711797503534,0.8086707885198734,0.1077996087695199,1.344771974549101,1.720762529651866,0.3759905551027651,0.1581679645910024,0.2250448290609086,0.0668768644699062,1.0461070971720574,1.3220297675032664,0.275922670331209,0.8101620404141094,0.7545122905741052,-0.0556497498400042,1.500863285498271,1.147725533766036,-0.3531377517322349,0.9581936321858464,0.7027328652524257,-0.2554607669334207,2.051696027218361,1.5451689444625645,-0.506527082755797,1.4758134393338564,0.7586293324545426,-0.7171841068793139,1.3340868696912818,0.7085140802665206,0.6912273851942379,0.98769114261643,0.6324564661958456,0.7615636211179186,0.6544970026658836,0.69854310454914,0.7261434135398047,0.7648511036466523,0.982183908045977,0.6086659056429459,0.9896551724137932,1.324024789946392,0.6203078466902621,0.7096722377283129,0.6353295097441591,-0.0244716625167543,0.780298451301919,0.7441810712271919,0.7744229250571559,1.3285186936059468,0.7213408726261713,0.6290290292954224,0.731143952181238,0.7416783180692159,0.6581855860409672,0.993103448275862,0.9939106072726764,0.8419800874693171,1.4314246131536197,0.8643648765019709,0.6966383265508986,0.5270243363747164,1.449377679855535,0.5407322428607915,0.6081644444802201,-0.0263206803387222,1.1960899522857926,0.5415419401434792,0.5625985536458249,0.7596234888055656,0.7475329214756781,0.8151574454736749,-0.0262376709261798,0.5576249105392184,0.815457145781326,0.6359278586998252,0.602018822856934,0.990810892172961,0.69710760903595,0.6057368692375513,0.7304232298248465,0.5953093113225795,1.007883274084104,0.8323926397055074,0.9673729663914175,1.0699565175859516,0.1025835511945341,1.1060422905292733,0.9682758620689654,0.8747575431034482,0.760790990019371,0.620861464297643,-0.6810795269354115,-0.5301973553966723,0.19315496585219155,0.19984322416275038,0.03712345704627845
106521,1.0,0.9375,855.0,1188.8125,855.0,1268.0666666666666,0.0625,333.8125,413.0666666666666,0.674254771042532,-0.3805817800985143,Low_Efficiency,0.0311905079819044,0.21942941301254,0.1882389050306356,0.1979806730560333,0.4994249245753357,0.3014442515193024,0.6258305583198175,0.4918990131337808,-0.1339315451860366,0.4805724734738164,0.4483225750826559,-0.0322498983911604,0.7864165421649532,1.000692080474697,0.2142755383097438,0.2622903331370207,0.7108391539029049,0.4485488207658842,0.9995881770817804,1.7057505943293587,0.7061624172475782,0.0769903719610848,0.445283111360075,0.3682927393989902,0.7595653464232,0.9043765460075116,0.1448111995843117,0.3576004302952477,0.7929858303496742,0.4353854000544265,0.7322765694058231,0.9900089655233872,0.2577323961175642,0.6076321770951965,0.7150335918297062,0.1074014147345096,0.7322270272879703,0.943884244810058,0.2116572175220877,0.4812840676082111,0.91121134015991,0.429927272551699,1.570127612017431,0.4380552805208765,0.430488558250645,0.983001151087472,0.490251076913634,0.3552928528217265,0.4820259681453874,0.3712002639343587,0.3740909311281352,0.5509692142432299,0.97816091954023,0.5586703333648264,0.97183908045977,1.3916550955109708,0.6212319907189515,0.4809293560612398,0.4603336779597045,-0.0213771920165798,0.4887642017038707,0.5735398429328817,0.5133276611045383,1.2755947766927331,0.424696455861188,0.537396262632275,0.512944568191661,0.6174213589225158,0.4797059665520558,0.939080459770115,0.9550879559441332,0.4719129397859753,1.116291313763715,0.5499645205848662,0.4928515515730978,0.6007172740560262,1.200753797773352,0.5267548421845718,0.5344549652152703,-0.0282226862164145,1.2519720767453886,0.4537505916309683,0.4035144870583851,0.6182033562163147,0.6443336941931053,0.5755735058017091,-0.0212522691440456,0.5705757991408674,0.5100784638685945,0.2943582055081765,0.5230831033202177,0.9779795362491588,0.5047960155731578,0.4820246305294715,0.6413255862208854,0.4693881146058192,0.5093889468065756,0.769938670325114,1.9631325790175391,1.2176278689525533,-0.7455047100649859,0.6202470794483185,0.939080459770115,0.9170258620689656,0.4887642017038707,0.47324626459983543,-0.3712002639343587,-0.4400513574429555,0.023112497713868474,0.36448597451178305,0.15136443161326185
107018,0.95,0.828125,605.75,749.4375,637.6315789473684,904.9811320754716,0.1218749999999999,143.6875,267.34955312810325,0.7045799700652683,0.3271915300675594,High_Efficiency,0.24395652266077,-0.1781610096264407,-0.4221175322872108,0.0648041831636704,-0.2105926282513106,-0.275396811414981,0.9454353856837516,0.1146841822683401,-0.8307512034154114,0.9875041632214364,0.2920638418002592,-0.6954403214211771,1.3649596959808648,0.8995651439389076,-0.465394552041957,1.2670320264022878,0.8524454515050255,-0.4145865748972624,1.49488240015525,1.594712063457268,0.0998296633020182,0.1608456012379381,0.1803524054762357,0.0195068042382976,1.3889793075731045,1.1444501153318558,-0.2445291922412483,0.7835138782999493,0.4896624954737074,-0.2938513828262418,0.968125268195051,0.4499725647517186,-0.5181527034433323,0.4113563234423441,0.2322803120434343,-0.1790760113989097,1.2938741327247878,0.3564469999452696,-0.9374271327795182,0.9238569785386894,0.5186819541620633,-0.4051750243766261,1.1476948816343748,0.2470083262799812,0.2965581909473475,0.9288063548722628,0.2997609495251751,0.2617736827109271,0.3415231206924964,0.1901580697300846,0.2253520315833655,0.3082355763095087,0.9091954022988508,0.2832485915782308,0.8994252873563219,1.1593250260426815,0.4601787736878121,0.3554442151282753,0.3469945703499553,-0.009531102124754,0.3274518121622274,0.3134887261851058,0.3128446358698256,0.9662530392739836,0.2658611972511374,0.3242643397766651,0.3968376605231455,0.2569841069622152,0.2858028142968133,0.8586206896551725,0.8919596698474014,0.326212781176095,0.836035414595989,0.2688365284139908,0.385952599615575,0.5015467910007559,1.153123816976842,0.3170680465732582,0.4060849093147548,-0.0223029382526928,1.1023890702647194,0.2930294881208191,0.2275960600128598,0.3451391058543104,0.3745852574355707,0.3093485015988665,-0.0118582566723434,0.4080199036105842,0.223553025535382,0.1913646078484083,0.3302535509301604,0.9255202034460808,0.3417592135112911,0.2990491206933282,0.355551842255426,0.2534637862419831,0.8785089905199924,0.4811831351625953,1.0813764331099893,1.7210147623012781,0.6396383291912888,1.591502383540336,0.8156896551724138,0.7529274425287358,0.31107922155411605,0.28301934868903794,-0.18065016624358035,-0.20989969798164226,-0.8681671388391534,-0.43650826514113616,-0.283438263821133
107321,0.975,0.9375,703.9375,793.375,721.9871794871796,846.2666666666667,0.0374999999999999,89.4375,124.27948717948708,0.8531438232478095,0.9243559530745478,High_Efficiency,-0.258447381687882,0.680504221193386,0.938951602881268,-0.1666054675330586,0.5149974616001949,0.6816029291332535,0.2093574825595312,1.6226704141709043,1.4133129316113733,-0.4402469906379148,0.7266150005263828,1.1668619911642977,1.4290880331895666,2.120789043663803,0.6917010104742367,0.5195840303741264,1.2179598749605285,0.6983758445864021,1.160373712935333,2.428460027402293,1.26808631446696,0.2565558979199948,1.3802926107658255,1.1237367128458309,1.5895895101806294,2.1470877469734764,0.5574982367928468,1.3025879359606378,2.029401075294043,0.726813139333405,0.6866788750672663,1.5517281325978365,0.8650492575305699,0.0153013909885979,1.6700957092847035,1.6547943182961058,1.3059708043915284,2.0911343667447198,0.7851635623531908,0.2621976186610965,1.4362519885395597,1.1740543698784631,0.9356118266161272,0.3749284345257258,0.4727713499550913,0.9460153122522792,0.3910089834675567,0.318136802348856,0.3336599142321831,0.3314863805214939,0.3219569254766691,0.3979342600199603,0.9385057471264368,0.4785358189967498,0.9195402298850576,0.9497610648080044,0.4443347534411043,0.4729000679535259,0.3468140714201063,-0.0153094000532063,0.3653667497558612,0.3444240121210001,0.3015324240776557,1.1663850866687826,0.3860893175724311,0.4365359671319545,0.5097437999770562,0.3093901389655559,0.4240184794808979,0.9224137931034484,0.9327935414335152,0.4029037818679645,1.4506229137029831,0.2823637481582404,0.3943244249505524,0.44537476664573,1.023971929767259,0.3322684227422131,0.5641217435971656,-0.0243891009316147,1.050636906710797,0.3136303180839181,0.2877843035222112,0.4431520699216199,0.5020928386639817,0.3611881057432252,-0.0292013521011698,0.5733504879036903,0.3220018966339725,0.3156485141915912,0.3650341319925977,0.9337911544532954,0.6177098024579832,0.3097050758657851,0.6119482780686574,0.3574848555631498,0.5622846751692466,1.544141976694118,1.7339940230675934,0.6071328977625567,-1.1268611253050367,0.3501353173946739,0.8993534482758622,0.8798491379310345,0.35623258101196464,0.5791029398043592,-0.3231992210084565,-0.33514205209045295,-0.2440410781444995,-0.05163538468712827,0.6701018873943068
107422,1.0,0.984375,643.5625,884.25,643.5625,898.2857142857143,0.015625,240.6875,254.72321428571436,0.716434080788804,0.6373201306432401,High_Efficiency,-0.5351789803221938,-0.7525227374783864,-0.2173437571561925,-0.498954633336259,-0.945639245294609,-0.4466846119583499,0.6529284469404424,0.175320667987843,-0.4776077789525993,0.4615783267634644,-0.1131834547079192,-0.5747617814713837,0.765367665270519,0.3982933357883019,-0.3670743294822171,0.1272066109541857,-0.4047299056656002,-0.5319365166197859,1.0083841294838054,0.9511277533188596,-0.0572563761649459,-0.2761181929034413,-0.7319220917949184,-0.455803898891477,0.8663023294084238,-0.041397720106219,-0.9077000495146428,0.5884314478096164,-0.1316948751064753,-0.7201263229160918,0.5285875545377299,0.2485527343837511,-0.2800348201539788,0.164361865017339,0.4090418074701097,0.2446799424527707,0.7779704035190078,0.0117494163773058,-0.7662209871417018,0.6568656820263316,-0.0240435196994024,-0.680909201725734,1.2752370735795775,0.586719282558177,0.6012303925540867,0.9867088670255836,0.5424292106969671,0.5796557968795785,0.5028968496828365,0.5130490438492756,0.5458424448598481,0.5320008061101529,0.9839080459770116,0.4547213343135748,0.9747126436781608,1.2813620200906808,0.5738885526026373,0.5186090522592632,0.4592168123056855,-0.0206679776182525,0.6815040511744339,0.5112930641685215,0.6357231964338952,0.8984626186596212,0.5942650797089752,0.4932250122390077,0.6505573540442184,0.4932124251540669,0.5417783762109171,0.9850574712643678,0.9888547731468114,0.6563188636384454,0.9352826954594872,0.6885728530093109,0.6545901991843961,0.4673429926958772,1.388025677558402,0.3598306941081888,0.5483774309124407,-0.022389560052142,0.7737336172585644,0.3981220253088666,0.4296394156085455,0.5730223376077532,0.520635917080601,0.6711051241945337,-0.0243164926265692,0.5169108579015211,0.538565552067274,0.4563640052444622,0.4343910779552981,0.9850059880519652,0.5406668214104728,0.4971324153108771,0.5524877042358555,0.4355965848410633,0.3776951896549265,-0.06793198818052562,2.647630628504956,14.490382748718703,11.842752120213747,5.472960283716288,0.9850574712643678,0.9685344827586209,0.6815040511744339,0.5322189023259342,-0.5130490438492756,-0.42879038820292165,0.4256109546284607,0.6461194097171794,1.3106540228341903
108121,0.975,0.8125,644.4375,868.1875,660.9615384615385,1068.5384615384614,0.1624999999999999,223.75,407.576923076923,0.6185659779713484,-0.2203378602288533,Low_Efficiency,-0.4550043575685623,0.998496062526098,1.4535004200946604,-0.2870459406153337,0.3507302990339348,0.6377762396492686,0.9530668820073992,1.0128182059480115,0.0597513239406122,0.4658420789232172,0.9713401147346384,0.505498035811421,0.5856846318971838,1.1724068016942897,0.5867221697971059,-0.2960166612299619,1.069851509857792,1.3658681710877538,1.602092416444622,1.6490086383680571,0.0469162219234351,0.0478929709710864,-0.2831347779221335,-0.33102774889322,0.9928507104317472,1.1594159537732158,0.1665652433414687,0.4333532174646977,0.4920350106209313,0.0586817931562336,-0.0117986394306632,1.0116850866543632,1.0234837260850262,1.210928499505762,0.9510541838156163,-0.2598743156901458,2.42198313131823,1.5004585198639258,-0.921524611454304,1.8805854583792136,1.9153908594128564,0.0348054010336429,1.2304585883618713,0.5982964921015123,0.6008189003358105,0.9608011792984424,0.6785187106440599,0.5412611558691287,0.5967589870027935,0.5333022419440521,0.5727033944349617,0.6683722777047291,0.9557471264367816,0.5625922567140298,0.9879310344827588,1.2899196775684274,0.6122901142383446,0.7252880683621614,0.6321144040031665,-0.0253810832636313,0.5868451391401518,0.6605324703353772,0.6852302341609517,1.0388227481000345,0.5578368058907133,0.6077656986588145,0.6435657592503852,0.7170210005189277,0.642587484791574,0.9729885057471264,0.978936026759878,0.714367921667797,1.044791811700737,0.640476227581878,0.5457320536759919,0.4881337907629819,1.2935885994700451,0.4963976961060863,0.7079160047437242,-0.0285289731750543,1.029051983788071,0.5345339873807329,0.5791762435898555,0.715548442812126,0.6881854236376564,0.6433846873745375,-0.0221212493359357,0.6000130853708987,0.6888325386173735,0.4631859039032827,0.5743786921888142,0.9916286238240262,0.5914943471420733,0.5166667397642757,0.691162348785093,0.5368383697715099,0.6817438856070456,0.9979683191701142,1.4301537431143785,0.8141532854693913,-0.6160004576449872,0.5692763593514708,0.9486637931034482,0.7765445402298851,0.572174010661648,0.48058915705293453,-0.5199696858954508,-0.4361811754393518,0.16996164767920727,-0.22410463999678293,-0.4540286669348897
108222,0.9875,0.96875,512.8125,830.3125,519.3037974683544,857.0967741935484,0.01875,317.5,337.792976725194,0.6058870049499054,0.5166554235426593,High_Efficiency,-0.3495362110128923,-0.0535606232041409,0.2959755878087513,-0.1589871309825464,-0.0846221825476533,0.0743649484348931,0.5198546911780831,0.6927184894341979,0.1728637982561147,0.215910248318291,0.3607596398705114,0.1448493915522203,0.286294098401686,0.403296125456057,0.1170020270543709,-0.1838744869426956,0.5114794751187278,0.6953539620614234,0.5013932721302985,0.5999723268586825,0.098579054728384,-0.6261827919501256,1.1588452359253356,1.785028027875461,0.6277834137932423,0.5207052353611105,-0.1070781784321318,0.1417047743518852,0.6666921329612071,0.5249873586093219,0.5573668250649083,0.8136123215844933,0.2562454965195848,0.2131264376365642,0.4753572645284255,0.2622308268918613,0.8740181492297646,0.7196613147830035,-0.154356834446761,0.8945101189609679,0.524713785209928,-0.3697963337510399,1.2574142597498292,0.4700609758797477,0.5143499158095499,0.9933605272557048,0.4933841356348974,0.5035321557727966,0.4925657646451477,0.3743381281940279,0.4680260024045539,0.6915712673908395,0.992528735632184,0.5790562685774265,0.9706896551724138,1.3082163430241742,0.5271746082393777,0.4038531710352084,0.4631125173808134,-0.0167103809355304,0.5396908685000152,0.6025630136312581,0.6375905132916025,0.974426644701994,0.507565503624567,0.5991648056494367,0.6169545355106821,0.4543617297706246,0.4818681188551361,0.9816091954022989,0.9845793206691508,0.4479832591166948,0.8787714810389212,0.5908300740741297,0.610480538094961,0.5844060041348498,1.342796289592683,0.471164596029705,0.494773803641897,-0.0258237037995156,1.0695323174315918,0.3757799402514997,0.356797884442895,0.5029535994854109,0.5378879699882116,0.5133300702068095,-0.0194363105319343,0.5828387532410397,0.4906499407623927,0.4311511271786425,0.5232272722042832,0.9766160532078932,0.6801931752536199,0.5298009305843495,0.5457878480072038,0.473097014463729,0.2509558148698165,0.5221164672385632,3.9349399637234974,1.8554253798932256,-2.0795145838302718,0.4715255951737332,0.9693390804597701,0.9615122126436783,0.5329447326437651,0.6589371385269442,-0.3696589015916026,-0.45831273276173745,0.5718717329393683,0.5937847451631889,1.1496401738464055
108323,0.6875,0.921875,813.375,925.25,1183.090909090909,1003.6610169491526,-0.234375,111.875,-179.42989214175643,1.1787753924000883,1.385973584057691,High_Efficiency,-0.1337996941890598,-0.2604055407039738,-0.1266058465149139,-0.3485426686655919,-0.6483532047995001,-0.2998105361339082,0.4993536350790303,0.1738226273478769,-0.3255310077311534,0.2220023492028351,-0.0246661622912838,-0.246668511494119,0.8170687858218266,0.4071174959475986,-0.409951289874228,0.0862926763630806,0.0453682899364973,-0.0409243864265833,0.5537212838855579,0.935453940213114,0.3817326563275562,-0.8344469332686978,-0.4227462845167304,0.4117006487519673,0.7594713348856957,0.2102888918718274,-0.5491824430138683,0.5130457112447908,-0.0212987766983787,-0.5343444879431697,0.6431793818834399,-0.0189015831095945,-0.6620809649930344,0.326981064336788,-0.0452087172010225,-0.3721897815378105,1.237572756147198,0.3368297351894014,-0.9007430209577963,0.7576011802907535,-0.1503343930434701,-0.9079355733342238,1.1261112866276726,0.518994769261558,0.4786750863294943,0.9920993686357878,0.5481583738584306,0.5460614121636609,0.5013188046589018,0.4754789880192023,0.5008954641119715,0.7056140017872824,0.9885057471264368,0.6097531328366148,0.97183908045977,1.1649806590273617,0.6649341039686424,0.6261793798369056,0.491947775813914,-0.022029674958357,0.6128403856932896,0.5877115595238969,0.7493679576353007,1.2258438788239312,0.5910478422152045,0.563407886636836,0.6963739864428378,0.4652489364500867,0.6288559122895768,0.978735632183908,0.9826529987007906,0.6849560977047322,1.2170245233795471,0.6486727595095684,0.5955474305447759,0.7028974459135042,1.2532678918595748,0.5612317096112198,0.5394654533899392,-0.027324630117793,1.1754292386868437,0.5167648102140554,0.4379223650589902,0.6443114112437882,0.7002856279967697,0.5895813200829401,-0.0239900392650952,0.5971006140942902,0.5766740025916096,0.5087212245430168,0.5051051336468424,0.9795092705237896,0.6588344030855104,0.5504391901280485,0.7878985325773706,0.518701201309299,0.3642500616441176,0.03692616558159727,1.8874344439706938,24.964683464885763,23.07724902091507,13.226774745930538,0.6728807471264368,0.9112787356321839,0.4213277651641366,0.607362965344455,-0.3268918042632016,-0.47817766995701,-0.11303734445713425,0.5863034357718744,1.830980700096401
108525,0.725,0.71875,846.375,867.0625,1167.4137931034484,1206.3478260869565,0.0062499999999999,20.6875,38.93403298350813,0.9677256988891844,0.3992938330438329,High_Efficiency,0.1692175637367101,-0.1691664549721173,-0.3383840187088274,0.0360343512310658,-0.2308305274716897,-0.2668648787027556,0.4044393943639688,0.2120571684632315,-0.1923822259007372,0.1213263414400586,0.0704751147471414,-0.0508512266929172,0.7033494013432549,0.4456505651619025,-0.2576988361813523,0.0056436734205264,0.1681455858754754,0.162501912454949,0.9362168168849004,-0.0299679283416818,-0.9661847452265824,0.3029153171541989,0.199298439773266,-0.1036168773809328,0.8376572182325503,0.6685249662010324,-0.1691322520315179,0.474427349953205,0.5141421135444868,0.0397147635912817,0.9241029853861746,0.5418012688271869,-0.3823017165589877,0.3597631634073061,0.5021943746334323,0.1424312112261261,0.9708737000837312,1.298495685557513,0.3276219854737816,0.6888877597923491,0.7383450855868254,0.0494573257944762,1.2104049872899556,0.6696827443754628,0.7239766907382759,0.9633179940468138,0.6233271183133415,0.5594075254242243,0.5058255531070391,0.4590234180316047,0.5206143320446828,0.4889281154406765,0.9528735632183908,0.452711532769955,0.9758620689655172,1.4028413675199436,0.7005781769041268,0.6770833354272568,0.4769002272775563,-0.0218018735176287,0.6692784370063936,0.6364098972276967,0.5159827295743078,1.2039152357925669,0.7090001164565035,0.4664257685199282,0.6042004787288613,0.6325495854916647,0.6412728134461952,0.9597701149425288,0.9689632604402882,0.7730456199065595,1.2498225586631002,0.6220394129924911,0.7542807504838325,0.4796867993529338,1.508012105460866,0.4542858188804142,0.6929307210816644,-0.0215757317222512,1.1305631580416593,0.4639017000807965,0.425236721625747,0.7178326740705399,0.6432563446842224,0.7811457057006093,-0.0239154912089547,0.5006647745504917,0.7184777241979715,0.500834313046099,0.4555531294472384,0.9799484609590872,0.445070812615298,0.5010119989937004,0.6056778145038767,0.4012506279035672,0.49534678831642864,0.3520832469704289,1.4636181226610612,2.0414148209827943,0.5777966983217331,1.3947718975352146,0.6958333333333334,0.6848778735632184,0.48522686682963534,0.3198946465672454,-0.3327919780729134,-0.2883988888056889,-0.2742656848117949,-0.21810407941866433,0.045724436709502936
108828,0.6875,0.71875,1152.8125,1173.875,1676.8181818181818,1633.2173913043478,-0.03125,21.0625,-43.600790513834,1.0266962565706044,-0.0443932999745933,Low_Efficiency,0.7796583145210958,0.0415328081295482,-0.7381255063915475,0.7593700380055022,-0.0503880049880493,-0.8097580429935516,1.052518056210693,0.3036655261188872,-0.7488525300918059,1.03406157040782,0.3196995640291419,-0.7143620063786779,1.3359453608616398,0.5455650287402052,-0.7903803321214348,0.7211582972110133,0.2537708333122268,-0.4673874638987866,0.9864875057090062,0.540927637696986,-0.4455598680120203,0.7043385175806549,-0.0391495547182937,-0.7434880722989486,1.0442575287104452,0.4043672565737122,-0.6398902721367331,0.9804698379383104,0.5202136514176938,-0.4602561865206165,0.9770647843645952,0.176801068849672,-0.8002637155149231,0.4739073104261472,0.1100250062546843,-0.3638823041714629,1.603073601575344,0.8490072150438852,-0.7540663865314587,1.5676965535703404,0.7232670863030504,-0.84442946726729,1.4463922901775803,0.5858660297555174,0.6738923621424187,1.0,0.6571046545441679,0.3834783309363046,0.4961050503601072,0.458229615027695,0.4933864033812118,0.8820023445847555,1.0,0.7760141509528341,0.9908045977011496,1.3140758573727738,0.6980206362525261,0.5937259208397966,0.5651797409180217,-0.0267586143024674,0.5263494804541955,0.828419015334335,0.7540277212782613,1.2498688590380074,0.6018353288364634,0.7758593183701983,0.624538105147324,0.6431972316154497,0.6510667489543158,0.9793103448275862,0.986751767472907,0.5777484178454075,1.007373042788116,0.6173343477764743,0.7107509904987841,0.8079177690122077,1.2769758405809584,0.6687795106268073,0.7227833874177565,-0.02727969348659,1.4094822553247908,0.5248213931180437,0.5256949725476755,0.708169717887544,0.7071675192022744,0.6601966246713546,-0.027926134239315,0.7857160591419639,0.538247545651084,0.5083141244740524,0.6839896759498246,0.992236183347628,0.7512193409767056,0.6524794371041336,0.8174096971898325,0.6836620618181479,1.0014290912209005,0.3356646516259536,0.6865182163258442,2.1412676468932648,1.4547494305674205,3.1190207003280004,0.6732758620689655,0.71875,0.3618652678122594,0.5399389013270072,-0.3150328603315403,-0.49138210693179385,-0.10313279882921933,0.09175754217520113,0.07895431845614517
109123,0.9875,0.953125,690.375,954.0625,699.1139240506329,1000.983606557377,0.034375,263.6875,301.8696825067441,0.6984269467259845,0.3181127570940919,High_Efficiency,0.015655198748162,-0.2854059360189304,-0.3010611347670925,-0.5516973489968485,-0.6794636112077351,-0.1277662622108866,0.2035738797895529,-0.0429217538226437,-0.2464956336121966,0.1939320865703725,-0.2764291579688709,-0.4703612445392434,0.5187066273730425,0.2449658741147015,-0.273740753258341,0.4913599620348323,-0.0710125073208186,-0.562372469355651,0.7811431285559449,0.493007621625414,-0.2881355069305309,-0.3167647621442913,-0.4887144987755698,-0.1719497366312785,0.6565024540941047,0.0475941287189197,-0.6089083253751849,0.2250734700366283,-0.0610757995844031,-0.2861492696210315,0.6773108536606534,0.1216573710361687,-0.5556534826244847,0.0519413274060738,-0.2291778297403069,-0.2811191571463808,0.9978123431268248,0.550002624837193,-0.4478097182896319,0.548300502471263,-0.2195288371410301,-0.767829339612293,1.1036268052514615,0.4262347574866533,0.412661103815512,0.9937483638115824,0.4522688068619731,0.3864461167923495,0.4099263144247222,0.3761634888248699,0.3530697293257133,0.5998464481820318,0.993103448275862,0.5210445844340725,0.964367816091954,1.1164186033442176,0.4856654688725222,0.4045582224176066,0.4078580470059986,-0.0174173672201795,0.5351091133148954,0.538647977018192,0.5270934332972548,0.7682121021171463,0.4420148434170527,0.5240300116665141,0.5883576585697539,0.3479406025137109,0.4840635718689395,0.9614942528735632,0.967680601720082,0.3519618124708598,0.6057675524357868,0.4351630765581974,0.4628497485891893,0.4977052116764662,1.0965951265761973,0.4988576081686521,0.4635993752591766,-0.0262555707109588,0.8380497382511545,0.3732807398151118,0.3653518772301706,0.4654597042647757,0.5356748136460806,0.4359380971714497,-0.0186364715600326,0.4835968981492571,0.3688606632507362,0.3204095330910327,0.470843427860047,0.9711806896210812,0.6062192366795942,0.4882415648913926,0.5614630836205834,0.488305286159839,0.32091783733759394,-0.06403587937485085,3.0771020118123795,14.884001364599913,11.806899352787532,4.837017580322539,0.9494755747126437,0.946551724137931,0.5284202493984592,0.5778027099602382,-0.37146144521455904,-0.4654159758710965,0.2814360000907584,0.6482242982342792,1.0596712523656677
109325,0.7124999999999999,0.90625,756.4375,975.8125,1061.6666666666667,1076.7586206896551,-0.1937500000000001,219.375,15.091954022988377,0.985983902303636,0.9026953870733224,High_Efficiency,-0.0699991064494993,-0.292273596209739,-0.2222744897602397,-0.111621243017925,-0.2081994114636238,-0.0965781684456987,0.661422063193704,0.0613479284739467,-0.6000741347197572,0.5277295915618385,-0.1856838478674315,-0.7134134394292702,0.5293032968783605,0.3665179961601997,-0.1627853007181607,0.1981425229150531,-0.2280958398640408,-0.426238362779094,0.5219055692448189,0.907588856759418,0.3856832875145992,0.514848152157757,-0.0907574281826603,-0.6056055803404173,0.1099794984814557,-0.0697796668212405,-0.1797591653026963,0.1592889987996237,-0.1378989184966395,-0.2971879172962632,0.4490117202885011,0.2017148339730669,-0.2472968863154341,0.4917505257330189,0.2358612252123923,-0.2558893005206265,1.237618589109436,0.3056725956235709,-0.931945993485865,0.9297550313211989,0.1075774808511705,-0.8221775504700284,1.2446572325804686,0.3594220091057205,0.3886803758188495,0.9416763811616472,0.4126728845514195,0.2977893587209286,0.4432711658915632,0.2868239837898836,0.2885332086297186,0.5569090708063391,0.9327586206896552,0.4501219312405515,0.928735632183908,1.1044259049171874,0.6431492517651443,0.4360549103659839,0.3452590138060017,-0.0105260275767366,0.3782318800027804,0.6586589050376508,0.5509642052108163,1.0280250186211326,0.4104798698097348,0.3934234761946256,0.4643936736153963,0.5351059444275162,0.5084352598380677,0.9026819923371648,0.9351876214404244,0.3831154068491498,0.817168308981597,0.4718075552016716,0.5788782430184909,0.4217761359243715,1.094040383956695,0.4025536862801266,0.4257560387322228,-0.0309542443725471,1.071071300728847,0.326976536824209,0.3269122250134798,0.4816851255252652,0.5910821688340044,0.3776247538054157,-0.0226192816839698,0.3318481594625443,0.3920874856260167,0.2910599751402181,0.3675379721652091,0.9437058804127412,0.4079214031445751,0.5172862552677361,0.521728117270271,0.3806950528718593,0.439223943586953,0.06954230058202783,1.6221756309678868,13.031449361985034,11.409273731017148,8.03331099290322,0.6431609195402299,0.8453125,0.269490214501981,0.3696787715997712,-0.20436208845029205,-0.3450048916651225,-0.7418712563918772,-0.11626229111094506,0.5724426671370418
110007,0.925,0.875,610.5625,889.9375,660.0675675675675,1017.0714285714286,0.05,279.375,357.00386100386106,0.6489884083113944,0.1296119271110589,High_Efficiency,-0.2291568351732039,0.1209855702206733,0.3501424053938772,-0.9863065896376302,-0.0225197881039352,0.963786801533695,0.2415162034058059,0.1093695670758268,-0.132146636329979,-0.0663287702201985,0.5026059971578563,0.5689347673780548,0.6197198787013624,1.3140022296712672,0.6942823509699049,0.158851241491661,0.8694493940952099,0.7105981526035491,0.9457771082241188,0.877550384686445,-0.0682267235376737,-0.4040608936783402,0.1006549303339089,0.5047158240122491,0.354666820321257,0.8623667777301356,0.5076999574088785,-0.4945335193802532,0.2018031952967651,0.6963367146770184,0.0103968809317813,0.2586207473674485,0.2482238664356671,0.1897134302030144,0.4526423540603409,0.2629289238573264,0.8125281432717635,1.0305995115728506,0.2180713683010871,0.5450438218090727,0.8282106009108452,0.2831667791017724,1.4255042390126609,0.6280111309148446,0.5700437512573961,0.987685458293904,0.5998778265691792,0.7403392530979198,0.6337066144134352,0.6483228410356773,0.6543608407536708,0.5882856935885663,0.9839080459770116,0.5884346777008742,0.9948275862068964,1.5771120948593669,0.5466210641923603,0.715478989822325,0.5698414820626883,-0.0273835933952862,0.6974365701704902,0.6580972832108223,0.6626661227012203,1.7147355567801013,0.6289862216992905,0.544081930653693,0.6813549583224741,0.7266913392781068,0.6307654980860853,0.9885057471264368,0.9900934861222218,0.8558468732651641,1.8439262338682083,0.6948010231529557,0.5518712739084527,0.5403951531978223,1.6661241699130522,0.4799238983169122,0.5180880081589271,-0.030344277001371,1.544661248947214,0.5244855953573386,0.5859060411345658,0.796865453552684,0.6426319099962248,0.8399636890678206,-0.0279439434095437,0.4555394964188713,0.8171775767382414,0.5678468522619255,0.46658463840048,0.995318949957256,0.6217565148835952,0.4984465910039151,0.7224856892287183,0.5082604467582914,0.12127335144787221,0.5361672480054027,7.627334130890785,1.6319504246196672,-5.9953837062711175,0.21396076042473228,0.914367816091954,0.8609195402298851,0.6451288274077035,0.5440369505231458,-0.5996986279580016,-0.44472789091350495,0.3357656372272527,0.2985987164369949,0.47468244296652523
110411,0.975,0.921875,679.75,799.3125,697.1794871794872,867.0508474576271,0.0531249999999999,119.5625,169.87136027813995,0.8040814321602499,0.7590041498051149,High_Efficiency,0.0659898118178719,-1.0776986120471617,-1.1436884238650336,-0.0077539098120847,-1.5040695400965745,-1.4963156302844898,0.4565986162796019,-0.7606411716993562,-1.2172397879789585,0.2405925556404166,-1.1432742765009511,-1.3838668321413676,0.6902655028608962,-0.3512244532682662,-1.0414899561291624,-0.0656908629059736,-0.8616817490608543,-0.7959908861548806,1.0979469117472842,0.2790966989731987,-0.8188502127740855,-0.3447045627051072,-0.8423408000250517,-0.4976362373199446,0.9332958190682514,-0.1244235480819353,-1.0577193671501868,0.7397260239814637,-0.2228286983235156,-0.9625547223049792,0.9849484210327696,-0.4293234833289271,-1.4142719043616967,0.0558010452708509,-0.1855458757998366,-0.2413469210706875,1.258096990493066,-0.4122160623639128,-1.670313052856979,1.138156025692434,-0.6968725058546101,-1.835028531547044,1.958358850864668,0.8821743077040975,0.8870444265824224,0.9835246390267036,0.8716894416631218,0.8131179587831556,0.6725086203017132,0.8454801408682576,0.821285621453357,1.111823801386694,0.9816091954022989,1.0965016317319174,0.9890804597701148,1.8427732255907208,0.9098391110489276,0.862688172384988,0.7673736809014715,-0.0304463607379934,0.9484093500083456,1.0866832154652324,1.0031900533648312,1.580480553750806,0.9860739147192336,1.03368704691812,0.923604437481417,0.8835818430617736,0.940043421891894,0.9839080459770116,0.987716327132619,1.0171236394998615,1.6767979292509865,1.1052994473318614,0.9783411074891956,1.049088409259075,1.7948080407755511,0.9726936203009816,0.9323276384840502,-0.0297504071186436,1.7140259223958352,0.7758402176355543,0.7329225009243632,0.9103965232176991,1.0684374357728714,1.0082468402251428,-0.0291923100844561,1.0739703661476383,1.0495667386656056,0.8705869349341142,0.945559921719085,0.9910180627209614,1.064295270558001,0.8673263063727488,1.0071166324476493,0.897506575160936,0.5173763134615529,-0.5952174341055539,1.8845047407987163,1.5488011579905434,-0.3357035828081729,0.8218606738412534,0.9593103448275864,0.9049209770114942,0.9246991162581369,0.9811472025456572,-0.8243431373465512,-0.8273888739764879,-0.07580414444057908,-0.16620907439665364,0.39610730026516716
111312,0.95,0.828125,678.9375,871.0,714.671052631579,1051.7735849056603,0.1218749999999999,192.0625,337.10253227408134,0.6794913495528432,0.0053982022934928,Low_Efficiency,0.3717356738961505,0.0838726117392629,-0.2878630621568875,-0.339939428355372,-0.477859164772833,-0.137919736417461,0.5174077261181746,0.7056532002499029,0.1882454741317282,0.1402169069158808,0.1206100324943037,-0.019606874421577,0.9435211727509084,1.2569351512983091,0.3134139785474008,0.5929819052026346,0.8168702500999623,0.2238883448973277,0.7775102463218277,1.0741708575915163,0.2966606112696887,-0.4004178956985327,-0.2696810228665217,0.130736872832011,1.2890289889254771,0.8932505263169688,-0.3957784626085083,0.8804661469357675,0.5039332950474656,-0.3765328518883018,0.8179043532039783,0.6199310987774151,-0.1979732544265631,0.6312165459641921,0.3850081622743607,-0.2462083836898314,1.5032132421198308,0.9910534928730336,-0.5121597492467973,1.476337001235274,1.1924274070520815,-0.2839095941831926,1.059685766746311,0.5804609370550411,0.6538430739196401,0.9786389018824924,0.6187461806573955,0.5242800530389033,0.5809409038083075,0.4944385650033943,0.5547398675283355,0.4992404676072383,0.9724137931034482,0.4888985691042312,0.9942528735632185,1.1860446375300997,0.7127493237500955,0.6233455273304419,0.5944774831342653,-0.0240603524295817,0.6160876792853789,0.5334635775477898,0.6434190391036434,0.9069076688947472,0.59503405458945,0.4816628107019349,0.6634611179600842,0.6116001384304707,0.6398754750863708,0.9833333333333334,0.9882886202771262,0.6732774116039772,0.9610725901810182,0.5933261530185594,0.7052544434765313,0.5816125013620482,1.360275784220239,0.4403445702053871,0.6686012455597157,-0.0191270353365502,0.6161924754235538,0.5502531813362818,0.5080226246566912,0.6496990988127145,0.6109457062297656,0.6164589385789995,-0.0265051117807338,0.5552823212491049,0.5862627374489255,0.5486064260474484,0.5026690950150737,0.994724022146436,0.4802501856371134,0.4886664775866897,0.5687399368041152,0.4184888536130207,0.6572273275382994,0.5640125641553734,1.4454641715738272,1.4682714257770397,0.0228072542032125,1.015777795723975,0.9341666666666667,0.805280172413793,0.5852832953211099,0.39770718498073454,-0.46971663675322456,-0.3465610818982828,0.3211206368401991,0.1812474471402114,0.22991347510313417
111413,0.9625,0.8125,666.5625,994.1875,692.5324675324676,1223.6153846153843,0.1499999999999999,327.625,531.0829170829169,0.5659723441203294,-0.6319429012547623,Low_Efficiency,0.4045886077709456,-0.2876605376437426,-0.6922491454146882,0.3473616908035826,-0.2161742900686596,-0.5635359808722423,1.0284100239834073,0.6349522642780829,-0.3934577597053244,0.7994857688668192,0.4187238611790387,-0.3807619076877805,0.8321231318296346,0.7971700617342783,-0.0349530700953563,0.1577160721062846,0.474706932923249,0.3169908608169645,0.8985359125907006,0.7316005013341853,-0.1669354112565153,-0.3714795767770827,-0.4172723411347271,-0.0457927643576443,0.7860346372667013,0.6897906192195327,-0.0962440180471687,0.7621489891381308,0.6908082715756794,-0.0713407175624515,1.0746857169465307,0.5420051225678294,-0.5326805943787014,0.6573341304547358,0.3160001723465217,-0.3413339581082141,1.213489642423367,0.9632823348422618,-0.2502073075811051,0.9413670511355144,0.1758844412934171,-0.7654826098420973,0.7703446794036297,0.336198481304529,0.3788346626027631,0.9189394825623848,0.3205073647288859,0.3349143081307522,0.2888808373998818,0.3360925724660558,0.3297152511350442,0.3945658761655086,0.9017241379310346,0.3673305743276204,0.9080459770114944,0.9910476241053418,0.6254509307524216,0.3104625590426956,0.2850973603514415,-0.0262666201149766,0.3734427688754678,0.3210999401412333,0.4345347304726279,0.8366134310599368,0.3455660709807955,0.308184381032862,0.3307440210428627,0.3072245245083335,0.3472829317001101,0.9201149425287356,0.9448086189881292,0.4594067902350965,0.9919911685199312,0.5171685221580946,0.5180606374926031,0.5788865798003605,1.372954215346024,0.310599093842214,0.3417718528861354,-0.0259062977062035,0.6756173845916424,0.3070222486130218,0.2546192504253906,0.4129586196251383,0.2506497012183423,0.5202376404556188,-0.0147859793655484,0.2970864258665385,0.4714095627321112,0.2892966298320581,0.2643414144094397,0.9246346421721638,0.3083958119059977,0.23269673621662,0.3186114138657808,0.250673431411495,0.6808429856099482,0.3938441010319248,1.4136865718769982,2.062993795964824,0.6493072240878257,1.4592996621068977,0.885610632183908,0.7326508620689656,0.3594386650426378,0.2505715971736231,-0.3234891009985787,-0.2036721630218397,-0.21670872738607488,-0.5800129998213269,-1.2240897942224227
111514,0.9875,0.984375,697.8125,863.4375,706.6455696202531,877.1428571428571,0.003125,165.625,170.49728752260398,0.8056219849090834,0.8710708825071785,High_Efficiency,-0.1340536935450666,0.1229062276383493,0.2569599211834159,-0.5679782987534783,-0.0051253481184823,0.562852950634996,0.3382125397599054,0.6673837213497524,0.329171181589847,-0.0297982073624039,0.4373623112582422,0.4671605186206461,0.6143324793055486,0.5536956963240486,-0.0606367829814999,0.1087590426843567,0.7571007236640723,0.6483416809797156,0.5231028347622526,0.6863390825214555,0.1632362477592029,-0.1064306614461159,0.2250179389040246,0.3314486003501405,0.848018811981874,0.7020398130100901,-0.1459789989717839,0.263832669497936,0.4238392249082998,0.1600065554103637,0.0252059817739858,0.5840487541827728,0.558842772408787,-0.0084530411678003,0.6018659124425367,0.6103189536103371,0.8865631548854971,0.8860593187273214,-0.0005038361581757,0.2825619033044338,0.492190742080556,0.2096288387761222,1.0262827509432462,0.3588419247680576,0.3465834769481891,0.946943806451246,0.3083339473035765,0.3379372808095982,0.3166960548332799,0.2903166588073808,0.3136259368183872,0.5088678603688779,0.9304597701149424,0.2792071407391854,0.9327586206896552,1.0187372179142324,0.3782805062946181,0.3553671813721033,0.3407539501234328,-0.0192379140924655,0.4208368225395383,0.4367296913264669,0.4634112586217495,0.7520595004583213,0.3651906966897362,0.2897413308179831,0.3976231701690651,0.3729355290243319,0.321475906473841,0.936206896551724,0.9487182510781188,0.3680074847444738,0.6884765250702544,0.4318177566539346,0.419576390182418,0.3008691638984025,0.9973585428847732,0.2958147491679814,0.3754444150350444,-0.0228974184647188,0.8202493939928448,0.2765670329592519,0.2918905864233061,0.3746884984900809,0.4418530003278341,0.4039898057089739,-0.0158952219966855,0.3487907183290835,0.4004387702049929,0.2546871548775883,0.3504373791109185,0.9460251702600748,0.4088192377888849,0.3576364945406579,0.4083785961551855,0.3577789012291075,0.21741967969149464,0.5096231513495029,4.541886270437551,1.9315705454565681,-2.610315724980983,0.42527927939314236,0.9245043103448275,0.9159213362068964,0.4155763622577941,0.40243143719843355,-0.28668770057228854,-0.3521886058974027,0.12336169758377291,-0.02179420365361997,0.6649157092647066
111716,0.95,0.84375,680.1875,1036.6875,715.9868421052632,1228.6666666666667,0.1062499999999999,356.5,512.6798245614035,0.5827348145186624,-0.552538973095293,Low_Efficiency,0.0465172595487364,0.1597235457021001,0.1132062861533636,-0.2850621056403217,0.029296957005639,0.3143590626459608,0.3026859424113763,0.1411781649582539,-0.1615077774531224,-0.069787323073162,-0.0348593583280523,0.0349279647451097,0.7522612155882384,0.9074558105048928,0.1551945949166543,0.3598157354479516,0.5182156637890926,0.1583999283411409,1.0397780122853448,0.9590838274009912,-0.0806941848843534,-0.7088517263398905,-0.3632581228013944,0.345593603538496,0.9472649334820672,0.7905245138367694,-0.1567404196452978,0.662195531311877,0.9337262922322644,0.2715307609203873,0.6025700004936496,1.255040459097403,0.6524704586037534,0.3805810413955043,0.4582369993297138,0.0776559579342095,0.9403762167344945,0.5596429835014561,-0.3807332332330383,0.2199335757484454,0.2389609670956557,0.0190273913472102,1.1263480419967584,0.155275628544744,0.1827040503495585,0.861017404237095,0.186608600465146,0.2479887981815277,0.2728265517635865,0.2062658108469898,0.1788978389522131,0.294550056136886,0.8350574712643678,0.2300941966019324,0.8385057471264368,1.1601332223220129,0.2484174431234454,0.405796481890834,0.2038050875534541,-0.0294649939970961,0.2265297839941884,0.3367543416061127,0.2992674700341733,1.0606929944549028,0.1843084603330481,0.1941288139111608,0.237484593182134,0.337678112343016,0.2231676432080525,0.8408045977011493,0.8654102070428404,0.4085740329938995,1.1295899956524291,0.3604024888996693,0.164376282542446,0.1662175329180334,1.181626379258521,0.1848398925881527,0.2116415741908002,-0.0414557957722752,1.0029586634037204,0.2225438415321943,0.1970906023351749,0.3585463255972648,0.4108448319852787,0.3634329147411673,-0.0227058299481391,0.1903031214624224,0.3847422675194274,0.1621302473194038,0.1785867047676372,0.8646152086317486,0.2224628317805587,0.2252337437467895,0.4027559163523651,0.2093158059127399,0.37073416495673656,0.4680691930946275,2.562476100994794,1.8026142498448372,-0.7598618511499569,0.703465505758094,0.7987643678160918,0.7045797413793103,0.21520329479447897,0.1877030143148464,-0.1959525203046403,-0.1766102112388743,-1.1502377304237594,-1.3709764298010558,-2.1456309403193345
112112,0.9875,0.8125,653.6875,1173.6875,661.9620253164557,1444.5384615384614,0.175,520.0,782.5764362220058,0.4582515751165623,-1.4375434493968218,Low_Efficiency,0.8358805821468153,-0.5093360844299131,-1.3452166665767284,0.6276151098962733,-0.8523158258016772,-1.4799309356979506,1.0084146154205007,-0.342063196928111,-1.3504778123486116,1.073736161834914,-0.4613599754506504,-1.5350961372855645,1.158493100351024,-0.3645210959594955,-1.5230141963105197,1.0347113798613177,-0.2456400565011715,-1.2803514363624893,1.236629038891314,0.4294748485115464,-0.8071541903797674,0.7890389701808121,-0.4441605399422412,-1.2331995101230533,1.8283011312241444,0.0552552854679419,-1.7730458457562026,1.4277860325324745,-0.2665575611002518,-1.6943435936327265,1.9546832009500448,-0.1469213404680022,-2.1016045414180478,0.7826194700949233,-0.0062791204630137,-0.788898590557937,1.6187961548140393,0.1278268839453176,-1.4909692708687217,1.370391173333398,-0.2928631087631169,-1.6632542820965148,1.326002392499248,0.7678644507403333,0.8603741084023455,0.9873225877533724,0.7169100664987547,0.8989087288941835,0.8954767951384204,0.7944243755230995,0.7604886769569277,1.0501008927784,0.985632183908046,0.6614242787334467,0.9988505747126436,1.440372901928496,0.7128404332422841,0.9188263094071956,0.664673983333673,-0.0269038416615346,0.8283375512558362,0.9556182890744968,0.9164815982291328,1.343138384063152,0.6687806426255853,0.7316435373688243,0.849668644174608,0.8832597066101411,0.6083916298794464,0.993103448275862,0.9948843458976552,0.8916768428561798,1.2539842106796932,0.8728163402991491,0.7506024410372696,0.6446968647096236,1.4690211966330593,0.5991171745697954,0.7370461852127106,-0.0256015863633928,1.460001236066879,0.5826471222497797,0.731215707850521,0.856211358412534,0.9356656932921028,0.8801661724486685,-0.0265192570121726,0.655312162480538,0.9767660252097158,0.6713083349072231,0.6212700947729789,0.998850574712644,0.9119155407801374,0.8480268604991965,0.8638899433613262,0.8019688757059461,1.1962211515379995,-0.23710434913448844,0.8255155605757322,3.4267468151430958,2.6012312545673635,4.151033399927449,0.9806896551724138,0.8008261494252873,0.8179833318651383,0.7409313768838616,-0.7844940708290609,-0.6515997115110812,0.08698470051572302,-0.09900466082812161,-1.2653410257638094
112314,0.925,0.828125,836.3125,1180.5,904.1216216216216,1425.5094339622642,0.096875,344.1875,521.3878123406427,0.6342445725585814,-0.8027860530601039,Low_Efficiency,0.3943999205207551,0.3383962255208517,-0.0560036949999033,0.2216436969108141,0.1547097104221296,-0.0669339864886845,1.5225221632543473,1.3822072129357226,-0.1403149503186249,0.9662155194828136,0.8386388783445705,-0.1275766411382429,1.5221198484700724,1.2788562439214433,-0.2432636045486291,0.8862679569108987,0.9748310171517488,0.0885630602408502,0.6968142880879691,1.2927453928221069,0.5959311047341378,0.2836992265029112,0.3440250224723848,0.0603257959694736,0.9780460428208368,1.2072877619080482,0.2292417190872115,0.9053029572482024,0.5467123773076902,-0.3585905799405123,1.045883891168704,0.9448429846303064,-0.1010409065383975,0.3322103944128423,0.2630660400395255,-0.0691443543733168,1.5880547677713186,0.8476591179892774,-0.7403956497820411,1.1500731039156715,0.5794000389744736,-0.570673064941198,1.367481399635746,0.515486540293822,0.5024777122673765,0.990192978861145,0.5240780213432735,0.4877064746376437,0.5595738507183117,0.4879122506050166,0.5011725149958721,0.7278669387371596,0.9885057471264368,0.615769615190306,0.9810344827586206,1.377604314262049,0.5480935487998144,0.592261443326723,0.5380074058658455,-0.023773250027664,0.559174899169163,0.6140096154889543,0.7058202209065005,1.1895909340024768,0.4739124344013781,0.5877234438694035,0.567324999562296,0.6294979508961858,0.5119959880709369,0.9735632183908046,0.9784031695129568,0.5051435805746273,1.0894772568411004,0.711839123775593,0.4966610557739689,0.5857278886103128,1.2160544470375183,0.5196533203620819,0.5515601054636438,-0.0254821767358467,1.103604275445294,0.4317308522233227,0.4897490234758901,0.5629903771583635,0.5548059040762515,0.4865966745788719,-0.0203775158517632,0.6456231910087389,0.6517647728524185,0.3954817367576714,0.5574521582250221,0.9856866682867896,0.584696642409546,0.5498214308836658,0.5988709118310227,0.5116706522534062,0.8923752698198683,0.78524128746002,1.0365582672729712,1.0546108038560815,0.018052536583110346,1.017414861989128,0.9005459770114943,0.8186063218390804,0.5172367817314758,0.4842019069954053,-0.4513188318096404,-0.423727258897352,0.14181821580970094,0.27041889677128517,-0.3011660995794125
112516,0.8625,0.765625,929.8125,1260.125,1078.0434782608695,1645.8775510204082,0.096875,330.3125,567.8340727595387,0.6549961615264186,-1.0964864699747323,Low_Efficiency,0.4368508749130719,-0.0051907160679553,-0.4420415909810272,0.2176758096190659,-0.1481677372634787,-0.3658435468825447,0.629326281125404,0.5433943408130546,-0.0859319403123494,0.5032010778696983,0.2564859809393168,-0.2467150969303814,1.6194181994038543,0.9579888815208712,-0.6614293178829831,0.9024449148506664,0.7211300875121782,-0.1813148273384882,1.444841444774489,0.9411522417073134,-0.5036892030671757,0.179761827249132,0.1340421505905358,-0.0457196766585961,1.611803219054881,0.82119989874413,-0.7906033203107511,1.1256106384616222,0.8886512713587768,-0.2369593671028454,1.0379829455205611,0.9547322968731624,-0.0832506486473988,0.1584140315529997,0.4040025857846326,0.2455885542316328,1.0477165127162829,0.8127349751291424,-0.2349815375871404,0.9822654466141578,0.1408585993222967,-0.841406847291861,1.4638292491270843,0.7936807000343333,0.8854500431934194,0.9955285531837256,0.7517875916559649,0.7780201188379336,0.7631339943050872,0.7169678337472336,0.8409434884009575,0.8355137535524522,0.9948275862068964,0.7729087246088253,0.999425287356322,1.4562893576966216,0.8697302500835549,0.8408544113491455,0.8140231028578448,-0.0270917675740623,0.8371703449760657,0.7235438613681637,0.9139664321220384,1.3142944713893816,0.8133596306228897,0.742184322401589,0.8527659681870431,0.7080652418707499,0.8071400011685854,0.9982758620689656,0.998354923067567,0.8595063501705338,1.217801194407321,0.9327003761284712,0.8685899993909638,0.7959907395368946,1.3712764629258265,0.7284176953784434,0.837585217265295,-0.026833051354373,1.2268312590723622,0.7811346419153129,0.7104318980562931,0.9328610207335716,0.8641508957862765,0.9044965653996078,-0.0287276703886996,0.7647225227779908,0.7776885000621716,0.7849197933512632,0.7524853845186787,0.999425287356322,0.7908269869846665,0.7422933777489804,0.9001579051004529,0.7155449346619889,0.8498080874089917,0.5302153469259984,1.0149338395870795,1.4439860340761188,0.4290521944890393,1.4227376751236527,0.8610129310344828,0.761664870689655,0.7220594225418567,0.6054769119101353,-0.618384756606989,-0.5478390906005852,0.09824115207758757,0.04723815481904774,-0.8123295473918527
112920,0.9875,0.921875,624.375,922.75,632.2784810126582,1000.9491525423728,0.065625,298.375,368.6706715297147,0.6316789213584875,0.1195760304567669,High_Efficiency,0.702288802111015,0.4778691922914181,-0.2244196098195968,0.2358193578390875,0.2662187260616513,0.0303993682225637,1.1744607081682712,1.057390297896997,-0.1170704102712745,0.6306513818683068,0.7804718854831636,0.1498205036148568,1.5677027069542535,1.578570188027098,0.0108674810728444,0.949817841768013,0.9889936945646752,0.0391758527966621,1.6572268772302954,2.0182618110729145,0.3610349338426191,0.253180710646532,0.372261340030648,0.1190806293841159,1.3012363808484508,1.3830582556193254,0.0818218747708746,0.9657593537906974,0.7465969318454577,-0.2191624219452397,0.9097807083391596,1.1873862781787756,0.2776055698396159,0.598791585409831,0.7623708902926604,0.1635793048828293,1.5208699298643562,1.4013960953229254,-0.1194738345414307,1.3442745255966002,0.933788880752822,-0.4104856448437781,1.2160177338911942,0.647936704821767,0.6841372249321478,1.0,0.6282263905853301,0.5904795523386657,0.5988959728640577,0.594565474035283,0.6150779160647359,0.8230104378495486,1.0,0.7327982138000453,0.9913793103448276,1.2457467601981331,0.7149817072216632,0.6392351541592602,0.6138164022081869,-0.0251917174915943,0.7043758790299198,0.6717242512608439,0.6559741549066349,1.022992227502462,0.6432618289732693,0.7449495661130285,0.6884173378428711,0.5226201747605783,0.5979883999099822,0.996551724137931,0.9967399688434172,0.669011463575593,1.05745632239225,0.6574936368395089,0.7558393572259123,0.7371057086010178,1.3148820927240732,0.6481580807198649,0.6658130702638477,-0.02727969348659,1.052813777647222,0.5362907428011662,0.5587485097141482,0.7159053414162421,0.7423300317396249,0.7641686681778652,-0.0267700731602347,0.7507410106085043,0.5588062170741901,0.5597778006221348,0.6956293382700822,0.9923669724966576,0.7707655612966023,0.6510171341880281,0.8125690340644574,0.6682918529882873,0.9865614907453477,0.9967596048171808,1.000950278632572,0.9248710227357793,-0.07607925589679265,0.9239920488430486,0.9840948275862069,0.921875,0.6955711805420458,0.7105495018203053,-0.5871334056098421,-0.6160815519735774,0.38897000683661276,0.36954077647124556,0.555020920236479
113215,0.975,0.9375,585.6875,817.5625,600.7051282051282,872.0666666666667,0.0374999999999999,231.875,271.36153846153854,0.688829364962688,0.577409040659725,High_Efficiency,-0.0376883090680745,0.0324351322420776,0.0701234413101522,-0.2467738368825092,-0.0682165744200652,0.1785572624624439,0.6902120004541503,0.8421896426585606,0.1519776422044103,0.4881032961628695,0.4887018539114839,0.0005985577486144,0.870658669327695,1.3552225921622827,0.4845639228345878,0.1981028729432365,0.3949222670385391,0.1968193940953026,0.6389394605605254,1.5131005466132872,0.8741610860527615,-0.4239523587426109,-0.1003275027104665,0.3236248560321443,0.5496860865899705,1.0285789305523196,0.478892843962349,0.1860932989755687,0.4169671345247653,0.2308738355491965,0.6599782227810423,0.6332369478042211,-0.0267412749768211,0.3841017491329278,0.4448051662815049,0.0607034171485771,1.0524439432592954,0.8533941932346276,-0.1990497500246676,0.6760062904052648,0.5455347908478161,-0.1304714995574487,0.9275354870759038,0.3308659403368718,0.3449617712319779,0.9553201927246212,0.3406527521884226,0.3859187394621133,0.3978299137273464,0.3135509766126013,0.3563414060941886,0.3908293778196624,0.9339080459770116,0.432089053615167,0.9350574712643678,1.027623246604536,0.5718005509636929,0.4329806784054441,0.3732896493416008,-0.0166016278607641,0.3899101401298229,0.3193477963521185,0.3883102302590699,0.7681523818056193,0.3546553529479339,0.3703972059360065,0.4418642926293797,0.3393639935294262,0.4008353499005511,0.9310344827586208,0.9447415752232632,0.3600989906634971,0.7464189453504375,0.3685258177953924,0.5771612376051048,0.558791131121703,1.02498395883602,0.3421714382231737,0.3546253471317025,-0.0206763198704021,0.919217323804642,0.325203957504155,0.2844521305856424,0.3137366752107671,0.4159252470303912,0.2749581450728006,-0.014737235249619,0.3558148781601645,0.3456033747170714,0.3128630928910858,0.3383611941391735,0.9488749346992909,0.4664089459636964,0.3218943309011705,0.3725174452240111,0.3072489218308137,0.40613652756423946,0.5986103657672109,2.400664636551673,1.5661246237756479,-0.8345400127760252,0.6523709924157686,0.9077586206896552,0.8755387931034484,0.3801623866265773,0.4372583868409654,-0.30571220219728623,-0.28804586421638784,-0.05750312411774718,0.049032259596830705,0.5197758979622931
113619,0.9625,0.90625,853.6875,1137.0,886.948051948052,1254.6206896551723,0.0562499999999999,283.3125,367.6726377071203,0.7069451821265806,-0.251560751989241,Low_Efficiency,0.1699896327838649,0.0424590425609371,-0.1275305902229278,-0.3174382595398849,-0.3629051668395236,-0.0454669072996386,0.7427482802322554,0.8576832062092021,0.1149349259769467,0.4863379743691178,0.2920885514124005,-0.1942494229567173,0.903781008504022,0.8961933863547458,-0.0075876221492762,0.3879546464919177,0.0170720609442043,-0.3708825855477132,0.7807454900200932,1.3480662228474394,0.5673207328273462,0.0203087565107469,0.2910290194707225,0.2707202629599756,0.9042489470008438,0.6804406473406575,-0.2238082996601862,0.4808767187529532,0.4567949609637883,-0.0240817577891648,0.5540429653741461,0.6693489992675548,0.1153060338934086,0.1942062354132803,0.2278662203533474,0.0336599849400671,1.2743280788019684,0.8982797885548764,-0.3760482902470919,0.5692929452428215,0.3704054138581751,-0.1988875313846462,1.3439069320927697,0.4172447465558311,0.5119262428701081,0.9763720525636814,0.421270952434132,0.3893875670608499,0.3960326903613304,0.3977023068018778,0.4441723055421992,0.4861364240395107,0.9637931034482758,0.5764095940166637,0.95,1.3041618639712218,0.7523594000159926,0.42368665827975,0.4070844659079929,-0.0174176833871334,0.4719872996582217,0.485742991504059,0.4599022518091509,1.059839882778352,0.4455167732131633,0.5284210324459442,0.5276570155152819,0.419017639838138,0.465971205448201,0.9563218390804598,0.965046429801095,0.4331708199850562,0.8536674436152225,0.3671210619601259,0.5665107946633725,0.7542338949651096,1.2567951873028456,0.4150065771372089,0.4588527184189228,-0.0248333373202403,0.979848704870368,0.2665518673769666,0.3621573018760267,0.5604791184264031,0.574469537132785,0.4758592013080345,-0.0252388340462859,0.5314069462513733,0.3887112276893024,0.380862543435459,0.4567526265784876,0.9676296667174978,0.5543715740074705,0.4731922469702359,0.6785146248861069,0.4311680360330711,0.510815958568439,0.4774873109498947,1.8842365819204585,1.8979522204368633,0.013715638516404782,1.0072786142511958,0.9204597701149425,0.8734375,0.4542877759210384,0.5023992389442702,-0.3827884702968074,-0.39074603265497065,0.12167644094278815,0.21463837980667738,0.06733189568143111
113922,0.9625,0.890625,797.375,987.9375,828.4415584415584,1109.2631578947369,0.071875,190.5625,280.82159945317846,0.7468395146322646,0.123750730750334,High_Efficiency,0.1554138522735957,0.2267373251582124,0.0713234728846166,0.1789934106206968,0.0704714778376584,-0.1085219327830383,0.5825099708143003,0.3552550210765528,-0.2272549497377475,0.1444712955260245,0.1536116094282144,0.0091403139021898,1.1724943285325045,0.8795444412075403,-0.2929498873249642,0.8196191861592836,0.5298172194195904,-0.2898019667396933,1.3718083444061115,1.773750731054923,0.4019423866488114,-0.2091134551371865,-0.0477949265290882,0.1613185286080982,0.9813314681096944,0.7290318809611551,-0.2522995871485392,0.1545715748169219,0.3081821131373365,0.1536105383204146,1.2143887738965733,0.8696802005639634,-0.3447085733326098,0.6683333095693181,0.546560643437813,-0.1217726661315052,1.562984148056854,1.2125364991788907,-0.3504476488779632,0.6588108307867094,0.3748113463188355,-0.2839994844678739,1.0704143607474623,0.3912922213727357,0.4559526989523499,0.9552646464758354,0.3623246789952289,0.4134759657074405,0.3611360623898274,0.3033415802646884,0.3177714737418648,0.5017405157556227,0.9396551724137931,0.3974646120957225,0.9396551724137931,1.0908119300491077,0.3892303548290524,0.4256285823731577,0.3350496588381752,-0.0120510382789135,0.3937699136250255,0.4127641499718791,0.423657854154855,1.0664664331650442,0.3688812774613394,0.3629488710626202,0.419398639783158,0.391935988617264,0.3732472242396867,0.9528735632183908,0.9627249195831996,0.5376773950140571,0.9630043996884304,0.4120226951129019,0.3668935883472411,0.4147387486793354,1.1964076580237104,0.3099041312886517,0.4003074193447519,-0.0210237009727762,1.1634506820227195,0.2778387038516897,0.2736704277662243,0.4968941825752461,0.4342421767808011,0.5153075268032082,-0.0128267454273384,0.3564095489047971,0.4485920943516321,0.2897303243769757,0.3167933012710716,0.9573443301114488,0.4022535272131019,0.3058857275114569,0.5282038796355906,0.3114765716111546,0.675472645602243,0.5701568273036856,1.4249260593162718,1.5620674791256046,0.1371414198093328,1.0962438174731115,0.9171408045977012,0.8368803879310345,0.3790035418640871,0.3582570476741689,-0.2919662710047626,-0.2774088215911846,0.18577229797979428,0.0074989038283795,0.10765211481561432
114217,0.975,0.921875,687.1875,898.3125,704.8076923076924,974.4406779661016,0.0531249999999999,211.125,269.6329856584093,0.7232946122269855,0.3858117813142901,High_Efficiency,0.8856771786351443,0.618546920987023,-0.2671302576481212,-0.0433488459592985,-0.2245491955849086,-0.18120034962561,1.418587531288383,1.6679935427342176,0.2494060114458345,0.7734321569520173,1.0445755480043375,0.2711433910523202,1.6894711725236229,1.9097062017145552,0.2202350291909327,0.7266647146177894,1.4137472944102736,0.6870825797924842,1.2789889814945934,2.263688088348805,0.9846991068542116,0.5750757874210425,0.9372601999936008,0.3621844125725582,1.499045730060646,1.584567462791795,0.0855217327311489,0.9646610434600056,1.2980129939945368,0.3333519505345312,0.8935572147823876,0.9757261291025916,0.082168914320204,0.280123998590232,0.1995502355439837,-0.0805737630462482,1.7666604631648068,1.242352287689582,-0.5243081754752248,0.9317645350076418,0.7598608604861261,-0.1719036745215157,1.3533091182188686,0.5705856542596228,0.639104651419767,0.9941890072464784,0.5803324856194204,0.6259145087620575,0.6509048889681177,0.5725545434283574,0.6062754263836249,0.6197275754344557,0.9936781609195402,0.5629811828904783,1.0,1.4647716204603642,0.669892975743857,0.6359384757315454,0.638593267480111,-0.02727969348659,0.6408445660437276,0.5960282238141267,0.6846829090453773,1.236476570086431,0.6068592080784936,0.5306933896868323,0.6455119743320569,0.5941467227147188,0.6041942696867615,0.9982758620689656,0.9983990147783252,0.6309244058876942,1.2080025251662398,0.7178591973952999,0.6142433938734191,0.5803826717384073,1.3843787978421582,0.548477212976116,0.6616855496956671,-0.030665565448803,1.0464254024509274,0.6422053178914717,0.579643509812748,0.6170560485420855,0.4922920920085222,0.6101421237600593,-0.0264851935368478,0.5151034684885453,0.6973532186490186,0.5745959331646311,0.4852437374072236,1.0,0.594509815378953,0.5452706167560208,0.560193406629597,0.5155657183414668,0.9743115472885009,1.12078846930118,1.0007055771922595,0.8225228959144267,-0.17818268127783277,0.8219421303517631,0.9733189655172414,0.9160470545977011,0.6248234518926344,0.5480637360524723,-0.5582406798426485,-0.4752871465960397,0.42329271870370705,0.4731677806557073,0.8955386069815521
114318,0.9375,0.890625,676.25,886.0625,721.3333333333334,994.877192982456,0.046875,209.8125,273.54385964912274,0.7250476123298301,0.3388624669367534,High_Efficiency,-0.0831713613572407,-0.5190675357808878,-0.4358961744236471,-0.6831329619426284,-1.1214702155614342,-0.4383372536188057,0.3421981942227634,0.1175066246835379,-0.2246915695392255,0.2273810613113579,-0.2108027619461916,-0.4381838232575497,1.2403075378530537,0.6133789411678546,-0.6269285966851993,0.137880326249165,0.1111559897464373,-0.0267243365027276,-0.0856754550714585,0.2977675541416038,0.3834430092130624,-0.1600048452478123,-0.2096917533501682,-0.0496869081023559,1.4984325692740508,0.6222590902725795,-0.8761734790014712,1.12674940025892,0.5681092425966361,-0.5586401576622838,1.057197470617132,0.1000926792711801,-0.957104791345952,0.3230037002751532,-0.1418110618335047,-0.464814762108658,1.670627853916261,0.9477389688576238,-0.722888885058637,1.068119528172078,0.2894981895454301,-0.778621338626648,1.3979277513986883,0.5481737965523752,0.5323730932476094,0.9904692835160104,0.6175959919766296,0.5561193975359868,0.631475456351736,0.5080269482950723,0.4740981062088108,0.7365371931114586,0.9890804597701148,0.5652780308708031,0.9816091954022989,1.379149330078782,0.6416917504015702,0.6414605415318986,0.5729678422107615,-0.0207076156382374,0.7192444943831295,0.6924776726711717,0.7963852795402258,1.2984121594742537,0.5957933146734719,0.6245597760232287,0.7703249411642973,0.6276888210932786,0.5964351125881826,0.986206896551724,0.9884910359967832,0.7249320197936393,1.175327857114716,0.7386013515504799,0.7484038028088797,0.5453306490855422,1.3260766671823438,0.5713563875854024,0.6142500927358653,-0.0226773391835833,1.1336664444243043,0.5780711631983162,0.5356649022715391,0.6554523274688708,0.6555170952679596,0.6248836152317745,-0.0217346347577531,0.6009804560106509,0.675192394686908,0.5426868483594258,0.5896455386856838,0.986402526085589,0.7284244619244107,0.6589996617655492,0.6946852393832523,0.560774880896848,0.5485652156093426,0.10461885370076404,1.7090006152833037,8.512963538903284,6.80396292361998,4.981249556918692,0.9245689655172412,0.8808997844827585,0.6742917134841839,0.6487530364014282,-0.47627526402663034,-0.4994401282987553,0.31602704294710804,0.3648076753247896,0.7233470559632462
114419,0.8625,0.703125,981.0,1053.8125,1137.391304347826,1498.7555555555557,0.159375,72.8125,361.3642512077295,0.7588904675827676,-0.5386881221889228,Low_Efficiency,0.7089873798560707,0.5328778239426188,-0.1761095559134519,0.2947920506234494,0.0223689261398082,-0.2724231244836411,1.1041221354477058,0.7536424629596914,-0.3504796724880143,1.152540094082363,0.6858808802230976,-0.4666592138592652,1.387771024798692,1.169222307315589,-0.2185487174831028,1.232933827062945,0.970560381109371,-0.2623734459535741,1.1379470687817863,1.1492580252573952,0.0113109564756088,0.4083361860184153,0.4748132756358322,0.0664770896174168,1.173944665792987,0.6201917728350995,-0.5537528929578877,0.9588753242740872,0.384627963226205,-0.574247361047882,1.399802335072498,0.9165945363435656,-0.4832077987289323,0.6898627418078742,0.5669254953801072,-0.1229372464277671,1.294475115907871,1.094340791435913,-0.200134324471958,1.5559460575093975,0.7614429855730566,-0.794503071936341,1.4012709483184522,0.5323305162265767,0.5801642888483598,1.0,0.6552713826029168,0.459370746797477,0.5921052173587713,0.4600825621805927,0.4802358797014339,0.8920431251329294,1.0,0.743615270491012,0.9942528735632185,1.4192371120989624,0.815947077446894,0.6471932085917067,0.6471287906797383,-0.0246133044889129,0.6135385641792357,0.846580777447706,0.8128659516209624,1.395600154231572,0.5362724610531934,0.7520608560819446,0.777991826594294,0.6822592433677301,0.6735981751188304,0.9839080459770116,0.9870755552513498,0.5896673858969945,1.1583180782178597,0.6713312052819916,0.6715671160933396,0.8656108946349912,1.369565428998018,0.714025173227025,0.7340313107101808,-0.02727969348659,1.464240927899525,0.6297370242507436,0.5780761679311845,0.6603162203673265,0.7557922217245014,0.5680378116726514,-0.0243951099397104,0.7985945767656284,0.6163459487065769,0.46904491837608,0.7345040162930254,0.9946320973619828,0.8270171529562655,0.6918423767490498,0.7076320843419124,0.6597626786992454,1.0357382862168671,0.7216248305269536,0.8327385197006097,0.9743622944962437,0.14162377479563393,1.1700685165591165,0.8486206896551726,0.703125,0.5291770116045909,0.5814964356723742,-0.3968212098807612,-0.46389563346040696,0.2052087896362249,0.0858967164832337,-0.32104753223042015
114621,0.9875,0.921875,694.6875,925.125,703.4810126582278,1003.5254237288136,0.065625,230.4375,300.04441107058574,0.7010096565807904,0.2600241101616896,High_Efficiency,-0.2309747495410875,-0.1333351825302641,0.0976395670108234,-0.6496537805745299,-0.2986919844342076,0.3509617961403223,0.1005146220644576,0.224774140706017,0.1242595186415593,0.141030597211147,0.1048987947395329,-0.036131802471614,0.6577913653696108,0.7488265858296185,0.0910352204600076,0.3085353145334087,0.4175390811163652,0.1090037665829564,0.5016528337185153,0.7828908532456426,0.2812380195271272,0.0128209579538114,-0.0153925679152881,-0.0282135258690995,0.5288220414032727,0.5061246591940427,-0.0226973822092299,0.4019010490111775,0.0554407295228337,-0.3464603194883439,0.6402005515794325,0.7002775336403547,0.0600769820609222,0.3213566409146248,0.1069198044998231,-0.2144368364148016,0.6646949140060954,0.5541743273093511,-0.1105205866967443,0.5057085595453308,0.2367246738769686,-0.2689838856683622,1.121560252956428,0.3652843750917827,0.4723901425798995,1.0,0.438511428667516,0.3946338868628058,0.425914300645432,0.3475670542670922,0.4128771141589018,0.6137795658743763,1.0,0.5959286208983938,0.9706896551724138,1.0439102902445754,0.5956653503787738,0.4935842899473093,0.4270164263394604,-0.0178312307848126,0.4696797072461545,0.5659933087072765,0.587265209138061,0.7976721884947492,0.3933260176194502,0.5599596834390017,0.6237094139556987,0.4332724702058002,0.5282856760603244,0.9614942528735632,0.9685783813094104,0.5011306670174311,0.7916180808274995,0.5034330104731837,0.530395291388828,0.594567679818618,0.9955050247872989,0.4612793173591433,0.4835095952031762,-0.02727969348659,0.7507962275216871,0.3505201089693482,0.3559680283668145,0.5851946531968913,0.6378466994698344,0.440901560156311,-0.0229275560151232,0.5517275774673802,0.3925142129160949,0.3530121773752117,0.5000048166189918,0.9807989140395328,0.6418813087270758,0.5117053348867727,0.7281009025179342,0.4896164370283467,0.2788857797996619,0.28508367491434217,3.540863431064642,3.233688377942416,-0.30717505312222615,0.9132482875008386,0.9494755747126437,0.921875,0.46380871090557757,0.591734331482773,-0.34322246608875356,-0.4513651528855071,0.3385970961412379,0.6104497387158714,0.9664977193403957
114823,0.95,0.96875,586.5625,798.5625,617.4342105263158,824.3225806451613,-0.01875,212.0,206.8883701188455,0.7490201348640444,0.9077269080702632,High_Efficiency,0.1197964671687132,0.6963969962526994,0.5766005290839862,-0.2804380370756207,0.3525273755099896,0.6329654125856103,0.3430141920740988,0.9007760772369118,0.557761885162813,0.1544869691112069,0.4952180973685687,0.3407311282573617,0.4859161302584759,0.9861035523825188,0.5001874221240428,-0.1140925932866737,0.8851767733004829,0.9992693665871568,0.585300819432773,1.414618116427263,0.8293172969944903,-0.4198255617392102,0.1093444053082858,0.5291699670474962,0.1063883630175434,1.187107271817447,1.0807189087999036,0.1326808429639759,0.7037532599777628,0.5710724170137869,0.4550557768666395,1.3089173873231488,0.8538616104565091,0.2605436631614768,0.8946391053214264,0.6340954421599496,0.6601713419146636,1.6382734002492862,0.9781020583346226,0.4309936016003033,0.7606326577616104,0.329639056161307,1.5740581636890982,0.3955655247531832,0.508817641211798,0.99785927142249,0.793326473569435,0.4569989908769696,0.7917798293221743,0.3292750431973066,0.4681182448211576,1.1144089447897263,0.9977011494252874,0.8679074655114787,1.0,1.435992779441965,0.6902894382307517,0.8943048966956623,0.8223841457274197,-0.02727969348659,0.4238255206612726,1.001904527598269,0.8822250033245461,1.3767264029606512,0.374868155559252,0.906670444718608,0.8466455176180826,0.8531842840264094,0.7477361134787253,0.9701149425287356,0.9756489842605494,0.5725779440615865,0.9476302873859664,0.3211602727988779,0.3783189879213409,0.826543018351739,1.126902768025996,0.8022853817898895,0.8481256660790364,-0.0265273742652183,1.4650112727771012,0.7341140817218539,0.7269881929442978,0.85292422128475,1.025543034835511,0.4225986153311385,-0.0240236627876463,0.9439074455024604,0.4878960477656724,0.4121648417735335,0.8883575288568228,1.0,0.9461605025859487,0.8567979228683887,1.0449598991560165,0.8511034485423684,0.20857085539059755,0.8809631768741001,4.554785199666139,1.099647437921242,-3.4551377617448966,0.24142679583991122,0.9216091954022988,0.9665229885057471,0.40263424462820896,0.9165929868801379,-0.31281129103744126,-0.8245064657754194,0.44074089251243365,0.15957535988433164,0.9198148327085562
114924,0.825,0.609375,865.25,930.9375,1048.7878787878788,1527.6923076923076,0.2156249999999999,65.6875,478.90442890442887,0.6865177454301321,-0.7361721130081478,Low_Efficiency,-0.178831371635613,0.3718435397800274,0.5506749114156404,0.4333514116535767,-0.1923058138025768,-0.6256572254561537,0.5728743300604948,0.6634695947167176,0.0905952646562228,0.2159767484245155,0.3077652538428883,0.0917885054183728,-0.2387010537825559,1.3281924198350272,1.5668934736175837,0.1402998610945383,0.2251134577350707,0.0848135966405323,1.3113758512332143,1.2354136289638251,-0.075962222269389,-0.3556864633978036,-0.608897479447712,-0.2532110160499084,-0.0056701747021992,0.4239348984651291,0.4296050731673284,0.3709717570319611,0.9201770211931988,0.5492052641612376,0.0409971394372092,0.3985661607836639,0.3575690213464546,0.1977048600581669,-0.0089529305846093,-0.2066577906427762,1.107411729713565,0.5000998443044459,-0.6073118854091191,0.6421794141598496,0.1767962301861029,-0.4653831839737465,1.4413529195008654,0.6549324628901652,0.5851946434922365,0.974974894730642,0.5418800956139971,0.6823496329451813,0.5264108110708989,0.6767482798576459,0.6341550772076732,0.7197217650923051,0.9706896551724138,0.590367541691667,0.9775862068965516,1.284398873477815,0.4856823628880927,0.6240847005904409,0.5340384980931487,-0.024038067482792,0.7821161378394852,0.7015918428720628,0.7135301050124362,1.566350028720776,0.6813995250715064,0.5930261610641967,0.6561946958980733,0.664837019853308,0.5604911936080361,0.9867816091954024,0.988708697969068,0.7376229451422394,1.4821530776178895,0.8452024714119406,0.6552264844197817,0.4736066611487451,1.3942205402778631,0.5585278918246985,0.5016618931569414,-0.0261136688928103,1.7217253864874724,0.5210215566050889,0.567621273185263,0.7500326559462642,0.6400811247652158,0.8650237352096971,-0.0274502019404588,0.6031228192281071,0.7656369306824709,0.6195184839428476,0.5831931329834199,0.980211465011565,0.6616854000346484,0.536938291017309,0.7995881900372045,0.6157224930228122,0.30387528852492285,0.4100868447122284,2.7149206145853544,1.4859621124045208,-1.2289585021808336,0.5473314973152436,0.8140948275862069,0.5915140086206897,0.6452458137175753,0.40321454064611384,-0.5583173308825577,-0.3752058941857762,0.0014110110066350324,-0.3727258025271082,-1.0488573997792836
115017,0.9625,0.875,753.625,1058.5625,782.9870129870129,1209.7857142857142,0.0875,304.9375,426.7987012987013,0.6472113232460401,-0.337473053023079,Low_Efficiency,0.0827353307672974,-0.0484705372095623,-0.1312058679768597,0.1669037524799915,-0.4266648062483794,-0.593568558728371,1.0228148183186183,0.492541226647661,-0.5302735916709576,0.3352102093644139,-0.0345834089839072,-0.3697936183483211,1.365001944502387,0.4739554222327176,-0.8910465222696697,0.5764774936175616,0.3593380915258138,-0.2171394020917477,0.6301965724056855,0.5996125830965476,-0.0305839893091378,-0.1891244297045175,-0.533757011469042,-0.3446325817645245,0.848340493718936,0.1077834142226453,-0.7405570794962908,0.6296175540142332,-0.025759007234637,-0.6553765612488702,0.8504420732287735,0.3286902502183981,-0.5217518230103755,0.3667062550404567,0.3482299215291704,-0.0184763335112862,1.366398527921729,0.7421808746411496,-0.6242176532805794,0.990795797880558,0.5559298836627571,-0.4348659142178009,1.0640226348552917,0.3644688730349407,0.4572527068341462,0.91175622603009,0.3117412251699278,0.3725791714468898,0.4074278224993322,0.3121598024188309,0.4008270618123869,0.351150007714432,0.8931034482758621,0.3038277409209365,0.9063218390804596,1.113222100673318,0.4275694476232137,0.4109692932347262,0.3386991861293056,-0.0154904539341724,0.3077876156037077,0.3951205646791028,0.3685547619169511,0.7534923476230766,0.3972347612856412,0.2665592841875643,0.3220924670061686,0.3124911196476012,0.3398884757096828,0.9160919540229884,0.9378663885616064,0.443787426177034,0.7039597702161879,0.288497568184743,0.4938989995733104,0.417856035459717,1.0324104035693504,0.382792147130963,0.3532005893619347,-0.0184631810534944,0.6149809263477626,0.3469734916732678,0.2630607370996307,0.373215158103837,0.4930988090953122,0.3913900571529604,-0.0260589649163617,0.2959826409166055,0.3046045712144114,0.3565236701204746,0.3046223593530328,0.9275835779030396,0.2826282413448943,0.4058226414178897,0.3542678568093302,0.2904353719474997,0.6458940281111518,0.20993049261652377,1.4901802276055975,4.168026383722899,2.6778461561173015,2.796992947240401,0.8817385057471263,0.7814655172413794,0.29624558001856865,0.2472997111767825,-0.30045380982812475,-0.2541309504540622,-0.25997855699312467,-0.6208198194003971,-1.040938278674482
115320,0.825,0.796875,840.25,1073.4375,1018.4848484848484,1347.0588235294117,0.0281249999999999,233.1875,328.5739750445632,0.7560804552070928,-0.2634657699002689,Low_Efficiency,-0.0966352834324079,-0.2422643997437189,-0.145629116311311,-0.3281526122102202,-0.3620485129450058,-0.0338959007347855,0.912683808943228,0.4160560983090352,-0.4966277106341926,0.2348733155878765,0.0628604000189155,-0.172012915568961,0.854141342242777,0.7252379607158606,-0.1289033815269165,0.4928284049723861,0.6203754943226488,0.1275470893502627,0.7207161819532462,1.0021184823442213,0.2814023003909752,-0.2413087559051681,-0.4365772866678583,-0.1952685307626901,1.0228462041891095,0.5863788507130512,-0.4364673534760585,0.2066821235705604,0.0262573195597674,-0.180424804010793,0.9403074314882044,0.7694392351658685,-0.1708681963223359,0.451102627766795,0.2607268066099642,-0.1903758211568307,1.529516085840586,1.1998781021724625,-0.3296379836681238,0.8934470704356914,0.4411834788524775,-0.4522635915832138,0.980194374316983,0.3138487625440718,0.3407472564433116,0.9729177103771816,0.3414421099167125,0.3713836134774707,0.4317146257837145,0.3364391549106355,0.235498246638563,0.5472704519622622,0.9660919540229884,0.4362846107066191,0.9379310344827586,0.9137146272157572,0.3640635330391471,0.5322591069205027,0.3412018068328952,-0.0133381121868861,0.4226333520087157,0.6157623470188202,0.4890966287773074,0.8673663982287335,0.3659907071651128,0.4334681437982045,0.4067912055533166,0.4435259931567603,0.3677495107120769,0.9201149425287356,0.9387637360433068,0.540865161179141,0.9750104990237812,0.5050496986663251,0.390164819330928,0.3623896797902987,0.9885926838060456,0.3970461430819812,0.4201166803286493,-0.0260931155086095,0.9103707954320968,0.3151677631829588,0.3464557017891795,0.4954134371910385,0.639158364188179,0.4884457839809578,-0.0103159265236699,0.4698337544691569,0.5421066311300138,0.2475732620489212,0.3946601259286273,0.950981163121261,0.4675495324333805,0.5097776075509851,0.6040607353249631,0.4441993483415697,0.5423605675316189,0.3621158592448349,1.521125480470007,2.2006017661310153,0.6794762856610084,1.4466921681956784,0.7590948275862068,0.7698545258620689,0.34867251540719046,0.3725785336578501,-0.27756230280127425,-0.35397135570968835,-0.47091752611379895,0.022779919717072727,-0.18096014865747642
115825,0.9125,0.75,690.8125,813.1875,757.054794520548,1084.25,0.1624999999999999,122.375,327.19520547945206,0.698229001171822,-0.0853949994436301,Low_Efficiency,-0.0054143826205446,-0.5414678707182866,-0.536053488097742,0.0246363378016862,-0.9413986665766584,-0.9660350043783448,0.4605034084820432,-0.1268366404017468,-0.58734004888379,0.8758348282327237,-0.2983230509494372,-1.174157879182161,1.7269518021784362,0.6797508237072535,-1.0472009784711829,0.8943311500037259,-0.0595729009092526,-0.9539040509129784,1.3462397529049928,0.5760331112286483,-0.7702066416763443,-0.1561682112484797,-0.8482919098388787,-0.6921236985903989,1.062482301620751,0.4021468676022139,-0.6603354340185371,1.4346046065497844,0.5867802145682959,-0.8478243919814885,1.3549861673486845,0.3685395447055954,-0.9864466226430892,0.4587698456080019,0.0773253958500733,-0.3814444497579285,1.1383914134830388,0.5600916340345425,-0.5782997794484964,1.5536672124630884,0.1234853946555845,-1.430181817807504,1.1456151929291916,0.5193906134466151,0.5835799596095416,0.986208935247048,0.4886144469518173,0.6140314122097515,0.5178037767335452,0.4899141681284614,0.5358257656488055,0.5827885447852237,0.9833333333333334,0.4910183772571378,0.9701149425287356,1.1536180536441465,0.7022511733147123,0.5457526241461088,0.4101781647903268,-0.0173345730623726,0.5219206648553029,0.5366181388744465,0.5276917913670003,0.9203107383807828,0.5390331736551132,0.5103693208303199,0.5461251635452308,0.4295932580814864,0.5134866364704862,0.9844827586206896,0.9880744410558254,0.666450373996767,0.9867588843917948,0.5141150834601782,0.7469612514628701,0.6235390814970381,1.2428658662801118,0.4268037638491502,0.510303899701898,-0.0212978537997568,0.9816305536294136,0.4246621490010079,0.363344273519166,0.6261069174471343,0.5710879885684037,0.6449190686483111,-0.0241699523419824,0.5460364938676086,0.5030111900721544,0.5253818390359484,0.4171064931577148,0.9780713826512252,0.5363378266915511,0.5062066783394634,0.627801813477975,0.4184395877997782,0.8692725880577094,0.03987585335413909,1.0497270508803505,18.80790325503836,17.758176204158012,17.91692928398473,0.8983405172413792,0.7375,0.4762526066804639,0.4022533700186633,-0.447046678417221,-0.31382969084983364,0.2647630577816216,0.307645861356855,0.31512659074136096
116524,0.6375,0.609375,971.125,1144.875,1523.3333333333337,1878.7692307692307,0.0281249999999999,173.75,355.43589743589723,0.8108144993994979,-0.8053293589458231,Low_Efficiency,-1.1564850436929766,-1.027775569942183,0.1287094737507932,-1.192266444194328,-1.4249625828989538,-0.2326961387046258,-0.8499091534187428,-0.8466292912790411,0.0032798621397017,-0.9060105730069123,-1.4075680248360705,-0.5015574518291581,-0.667115859681656,-0.5083547213749077,0.1587611383067483,-0.9899018420586334,-0.9945517826609566,-0.0046499406023232,-0.3360172435001064,0.3469253964175576,0.6829426399176641,-0.8173161307746313,-0.8644805110477207,-0.0471643802730894,-0.1640838219346275,-0.151127139390392,0.0129566825442355,-0.5038025698624159,-0.4135451669781938,0.090257402884222,-0.7917236424041956,-0.9885396981322234,-0.1968160557280279,-0.478536951402036,-0.5367057555989114,-0.0581688041968753,-0.7879537098807866,-0.8320399584144795,-0.044086248533693,-0.1190627298966839,-1.0245476546537506,-0.9054849247570664,1.3983224660130331,0.5748961795794818,0.6144512527216497,0.997536945812808,0.867416334310172,0.5709429936916305,0.7531074724258742,0.5251538273613306,0.6152251114741816,0.9148493430777354,0.9971264367816092,0.7756015441993509,0.9948275862068964,1.7274418686117403,0.7512411186786488,0.8465246797035384,0.7844114384008973,-0.0279241047168011,0.5024204372970198,0.9181162856062084,0.7678683149049383,1.5855128920956327,0.5189085173003053,0.8636343459812338,0.8737761910567985,0.814690070044203,0.8190397541406271,0.9442528735632184,0.9644065277579305,0.69925915811597,0.9879353450306134,0.5777561953093489,0.4231938346994781,0.6282634001893339,1.2344551267024664,0.7166701570526972,0.8264796805680275,-0.0290684568027866,1.399806091845572,0.7096613345853096,0.7575517747122392,0.9570479979794132,0.9763930991249592,0.6684003333086986,-0.0332348138639433,0.8046780437424909,0.5671235819376607,0.5081409553224996,0.828166562408795,0.9954184104528934,0.9124074006778492,0.8049673205735053,1.0000812696668349,0.8277627537006695,-0.6971561225506238,-0.7624216043421591,0.9144280096682339,0.7992614549063467,-0.1151665547618872,0.8740552262185214,0.6019612068965517,0.607623922413793,0.3202930287768501,0.5559982597880644,-0.3347855649428483,-0.5044179280363456,-0.6116755387942275,-0.21783840535411086,-0.9109906790915681
116726,0.975,0.921875,699.375,1098.125,717.3076923076924,1191.1864406779662,0.0531249999999999,398.75,473.8787483702738,0.6021791953066854,-0.373420418915878,Low_Efficiency,-0.0667409172968621,0.0621984592582733,0.1289393765551355,-0.1494399417149428,-0.1080956164614682,0.0413443252534745,0.1490874962896021,-0.1095624823231289,-0.2586499786127311,-0.0037882676223158,0.0917636594231101,0.0955519270454259,0.3026973426204655,0.1998505267306327,-0.1028468158898328,0.1504039713322858,0.2121840347888348,0.0617800634565489,0.7626922847505799,1.2531601201796934,0.4904678354291134,-0.1046747662017671,-0.0335356626401426,0.0711391035616245,0.4357758479140826,0.5549031027425482,0.1191272548284656,0.4572131237304563,0.3054596431997666,-0.1517534805306897,0.2299470030784339,0.5990041272499931,0.3690571241715592,0.3692475008218295,0.0960150455691654,-0.2732324552526641,0.8281226002689468,0.568903068534765,-0.2592195317341818,0.639203168433359,0.500557751291864,-0.138645417141495,1.2273133630934252,0.4868739237645118,0.559383264730942,0.9485003680638624,0.4277631363225117,0.4810648899342441,0.3791500544266398,0.4655360219276961,0.4978163102744275,0.3266271411548481,0.9339080459770116,0.4550650693262917,0.950574712643678,1.2775887257159495,0.5412243284702457,0.5064154146042813,0.4408925931562251,-0.0179208329388204,0.5209380168674388,0.4032542782570408,0.4277798137840232,1.244429648908171,0.4807112533799472,0.4002616673699366,0.4940527786089855,0.5000157730993531,0.4662629759959975,0.964942528735632,0.9722256068879273,0.5791060448490621,1.0325365936883677,0.5173172811001223,0.5323192904942281,0.5403589011931641,1.2596964651790588,0.3499732352165657,0.5022377014271582,-0.0221522002445029,1.060729570569304,0.4034835265665707,0.3794118654715779,0.5728477527746986,0.4866815916914163,0.6053811461405401,-0.0201758025110842,0.4556244442536129,0.5957089490736784,0.4219170028854148,0.3778799864826256,0.9639679683269272,0.4217210034321867,0.3204808673043733,0.5479455010977499,0.3415845439248318,0.28569617474315384,0.2994861269674219,3.4127043814015314,3.078179050080778,-0.33452533132075324,0.9019762054047075,0.9408189655172412,0.8609464798850576,0.5079145664457528,0.38877405003904714,-0.4538976213795037,-0.3148982514307043,0.21303721671554143,-0.05687018088049256,-0.36746854500693105
117122,1.0,0.875,666.625,1194.9375,666.625,1365.642857142857,0.125,528.3125,699.0178571428571,0.4881400700873476,-1.1679101187821566,Low_Efficiency,0.3094821860828504,-0.2384279194241438,-0.5479101055069943,-0.5042004096380085,-0.5362641682641938,-0.0320637586261853,0.5722349106049236,0.040184628546712,-0.5320502820582114,-0.3124355954043843,-0.534422283016911,-0.2219866876125266,0.9575589530681224,1.0796190648572428,0.1220601117891206,0.1426245379309154,-0.3839783364597884,-0.5266028743907039,0.5964697744963278,0.5227907212744733,-0.0736790532218543,0.2098756980149913,-0.202300647190851,-0.4121763452058424,1.0423340795712948,0.5992287118191316,-0.4431053677521631,0.2073240705858398,-0.0417265478461896,-0.2490506184320294,0.9424644790138832,0.5290479938311897,-0.4134164851826934,0.8560564349608002,0.5744366942729586,-0.2816197406878415,1.5245049008293414,0.6966577745868946,-0.8278471262424468,1.3291107902346746,0.3540225156089172,-0.9750882746257576,1.0941216956126998,0.3813229363787749,0.3950619705205748,0.9527687808749888,0.3328538153759708,0.4468430331183122,0.4739675969400601,0.3262564614468082,0.3557482864263253,0.3396437737631365,0.939080459770115,0.4320352158257104,0.9235632183908046,1.1518438498755936,0.5494629132236868,0.5359166355267693,0.36002503965707,-0.0061924780760164,0.4185099719100743,0.4178335770358553,0.3280335467344589,0.6826920619322255,0.4630315906369016,0.3786727469811544,0.3533766024368505,0.4409891770379128,0.386141999676137,0.9396551724137931,0.9537884709131188,0.5333878194550798,0.8761015941372707,0.3974837981819791,0.7090371073100337,0.5752590667581182,1.1537238519328432,0.3634450124656643,0.4033873608886609,-0.0235967103625297,0.5842834345670465,0.2702282964459951,0.2509717725928291,0.4147929575353828,0.5886261780552524,0.4516545595299218,-0.0157721405164249,0.4431472193032852,0.4079100197172617,0.2813659260565209,0.4147574788270433,0.9398336203285372,0.3535979311256223,0.4775698285139084,0.5035748720354947,0.3377881838885709,0.5623860578822552,0.17563344304253162,1.7781348023292638,4.981938535758103,3.203803733428839,2.8017761799925673,0.9396551724137931,0.8216954022988506,0.4185099719100743,0.3093981897349195,-0.3262564614468082,-0.29556466090249955,0.0720132974999917,-0.047632764430331556,-0.9871734756701854
117324,0.6375,0.734375,1105.6875,1103.1875,1734.4117647058824,1502.212765957447,-0.096875,-2.5,-232.19899874843557,1.1545713124068957,0.3690941741487148,High_Efficiency,0.6066215727691917,0.586093742980156,-0.0205278297890356,0.316900189888886,-0.2726565226662369,-0.589556712555123,1.3503892086767222,1.1586116002622393,-0.1917776084144828,0.697562705645303,0.6130280731059269,-0.084534632539376,1.0883272221154097,1.2378469185929049,0.149519696477495,0.765632906925098,-0.0072850704202564,-0.7729179773453543,0.590643314899475,1.019481312594844,0.428837997695369,0.1636077288934956,0.2069867878452038,0.0433790589517081,1.266008061631973,-0.583192217263848,-1.8492002788958208,1.3363056456051747,0.7300429225991918,-0.6062627230059829,0.5899230206556995,1.446109196972288,0.8561861763165887,0.7085889850378049,0.2578994421571616,-0.4506895428806433,1.4867398915104078,1.6233733350389592,0.1366334435285512,0.6322206847969514,-0.0092814379548092,-0.6415021227517606,1.196733583228074,0.6737716861794079,0.7140772985709886,0.980794185630018,0.6308526768963986,0.4717105425948945,0.5077255727687808,0.5547815599202254,0.5574952707193771,0.38711978276154,0.97816091954023,0.7352071807513338,0.9477011494252874,1.2672357508008254,0.7932981265236958,0.5156630005339056,0.5483846629736047,-0.0209343714103215,0.7193598308553962,0.5446428044713316,0.3125005252680659,1.7817158344209998,0.8449335574313568,0.6750940304466693,0.6131668571579134,0.5047654921576379,0.7219720133535587,0.960919540229885,0.9748712395568968,0.6292026709486485,1.6299909055955333,0.5603774800192967,1.031677992361969,0.8256151709479758,1.3606694487640385,0.4817655234251241,0.7127672690586826,-0.0251888096018248,1.6185737323817642,0.4805096947464075,0.4596350552667994,0.7403669660372632,0.4884576429419222,0.8427278700443865,-0.0232812478924012,0.7354104539892725,0.5926346025549547,0.5821551455068283,0.5694730639628882,0.9613944468075166,0.6811304857791238,0.510535453912763,0.7105549875566348,0.5137517182272998,0.8285336527893996,0.5719327202745517,0.769430702570798,1.2840211618357977,0.5145904592649997,1.6687915997556009,0.6125862068965516,0.7183369252873564,0.45859189217031504,0.500205200494044,-0.35367324444914366,-0.3772864180731733,-0.4602104486326999,-0.011165553829795982,0.27933759221049836
117930,0.9875,0.84375,812.0625,926.3125,822.3417721518987,1097.851851851852,0.14375,114.25,275.5100796999533,0.749046213079457,0.0529180419186172,High_Efficiency,-0.0262233928212716,-0.0446283859019132,-0.0184049930806416,0.1294765682044344,-0.0427885088305707,-0.1722650770350052,0.576199593575354,0.6770353140168673,0.1008357204415133,0.733375779814162,0.5391668450296595,-0.1942089347845025,0.9761713995468,1.417937768879119,0.4417663693323191,0.7262528302705544,0.9223226946260864,0.1960698643555318,0.8435867296327493,1.628933765725153,0.7853470360924037,0.008691428596789,0.0279762350020598,0.0192848064052707,1.4966585747054912,1.5077861036799725,0.0111275289744813,0.7814654389763891,0.6075490114279479,-0.1739164275484411,0.6969962976497324,0.7031456927608439,0.0061493951111116,0.6417991090203659,0.3048217345718627,-0.3369773744485032,1.2283813626923208,1.339978815990738,0.111597453298417,1.2699944577787068,1.0294594769679626,-0.2405349808107443,0.7580419042055431,0.2951965073100885,0.3050863547527942,0.9264059890854076,0.3112489274270766,0.3816117408801613,0.4321232434213952,0.2956139371159441,0.355125129534402,0.3282391859031913,0.9097701149425288,0.2885394147247377,0.9040229885057472,0.8746123452372814,0.2532271834618555,0.4494054878099697,0.4123504383656241,-0.0121755102788489,0.3361445856638239,0.4298747496570776,0.3584541946063608,0.7263157262579193,0.305680191282239,0.2964692623270347,0.3204430696142397,0.365543483178514,0.3070662471839136,0.8850574712643677,0.9221907652166738,0.4489191291629796,0.5767089847355109,0.357140368613643,0.1999606494307266,0.2506021072105879,0.9350939531880076,0.2809700130402592,0.3518694387408974,-0.01887604464377,0.7916337253858635,0.3278106864670693,0.2932152443068642,0.4285799719981629,0.439857692082959,0.4335064170719358,-0.0263141798608926,0.3282864789909434,0.3982818623678178,0.2811903104259907,0.3787718481709429,0.933196830621253,0.2586821100823119,0.3823979854269061,0.3842273293742417,0.2762515476526505,0.7202018698316126,0.7584783259961279,1.3711414399541104,1.1124232013732005,-0.2587182385809099,0.8113111876330159,0.8739942528735631,0.7676185344827586,0.3319427783430261,0.21826303038195066,-0.2919187629019948,-0.23308724333192385,-0.5371132465786412,-0.45288959420576147,-0.5217345299527184
118023,0.9125,0.890625,648.3125,814.8125,710.4794520547946,914.877192982456,0.0218749999999999,166.5,204.39774092766152,0.7765845050073501,0.632138277227277,High_Efficiency,0.1409727183531967,0.5224334803031598,0.3814607619499632,0.1108464225640887,0.4031204258328781,0.2922740032687894,1.138206266551251,1.0521805080190831,-0.0860257585321678,1.0603120354188649,0.7060812123021621,-0.3542308231167027,1.5421071944792866,1.8338141248862956,0.2917069304070085,1.4375093177484963,1.424203955966545,-0.0133053617819512,0.6961312923595036,1.5496148326130426,0.8534835402535391,0.24161009595033,-0.0134921148465826,-0.2551022107969127,1.6395163095374286,1.339180160420339,-0.3003361491170893,1.6784631575082725,1.155579435231929,-0.5228837222763434,1.3848871046741038,1.3102315045544,-0.0746556001197038,0.1160209628111391,0.647241708860688,0.5312207460495488,1.7396989190679557,1.5419485264240942,-0.1977503926438616,1.261070655391511,0.7203195845417328,-0.540751070849778,1.1399222560665987,0.3306428166240034,0.3802426921651167,0.9434426118128436,0.3393830835700875,0.2889183309664824,0.3478368258852191,0.2190772214778741,0.3085062306826981,0.5864855551809371,0.929310344827586,0.3181837899554237,0.9097701149425288,1.193186309058024,0.4733285632789843,0.4348226030924653,0.3732117321157823,-0.0200634649165399,0.3436502333469805,0.498880315316397,0.4890091488062708,0.8228641477870817,0.3324384027034273,0.3886392904244552,0.3756425661226601,0.355638490066071,0.3160885214761941,0.8994252873563218,0.9156396395535596,0.4608729698462445,0.6775477091680825,0.3799035561823339,0.4741462902830941,0.4341375038419837,1.3145886460075322,0.3568292988634077,0.4169130936374105,-0.0209970163284141,0.904146354149582,0.3365965031789324,0.2699914647403094,0.4210635961959973,0.583663294452061,0.3840578625038453,-0.0091099861111111,0.4121609916200495,0.2857984400994572,0.3002675285168316,0.4095149486529152,0.9249188557517988,0.4253122945911916,0.4465562825918012,0.4774580220303768,0.3670395550780371,1.0133823180296735,1.0137469532221262,0.9004490046019098,0.8785467799655836,-0.021902224636326184,0.9756752462386741,0.8207255747126436,0.8276670258620688,0.3135808379291197,0.37879376237028,-0.1999079645985601,-0.3268946037413768,-0.5155522415782121,-0.22349859647481582,0.2239987430695734
118124,0.9125,0.8125,687.25,873.3125,753.1506849315068,1074.8461538461538,0.1,186.0625,321.695468914647,0.7007055681750225,0.0327248028692904,High_Efficiency,0.0753417439652382,0.2510250229417199,0.1756832789764817,-0.0309126643350234,0.0264814846841134,0.0573941490191368,0.2541477424975937,0.386355803038904,0.1322080605413104,0.4125577360724445,0.3503885627138178,-0.0621691733586265,1.1228467524713286,1.3559870994022547,0.2331403469309261,0.7349225660490621,1.2754588640732936,0.5405362980242314,1.6586576960235968,2.844836580758395,1.1861788847347985,-0.0208973987568568,0.6670815147315217,0.6879789134883785,1.5076501799622333,2.1440423296920788,0.6363921497298453,1.0252098008390078,1.7396042042448538,0.7143944034058461,0.8182690327425526,0.9876990966660362,0.1694300639234834,0.6993879572074606,0.3571456291703067,-0.3422423280371538,1.6602181086907857,1.3841093561270208,-0.2761087525637649,2.027593964597987,1.2315901737527484,-0.7960037908452385,0.4468101063460435,0.2448941671246085,0.2678738576789868,0.9453142177762168,0.2689844298407081,0.3088494886481195,0.3164363978669109,0.2062959679821757,0.2584873717404305,0.3459189371665623,0.9327586206896552,0.411093010599817,0.8775862068965518,0.4768455927494112,0.3815898938913402,0.326579235357603,0.2905783881947503,-0.0101100167744237,0.3023778150022704,0.400457469512784,0.2749445651465814,1.029572040379802,0.2729609742244016,0.3774084918851516,0.3121791281104163,0.3061952221301965,0.2973980754667097,0.8551724137931035,0.8893317854882835,0.4075144550241615,0.9612263357590204,0.2623957417872251,0.3124466193151303,0.4279261483046782,0.6933833717728387,0.2814823257234057,0.3388519326738696,-0.0205912923611605,1.0642803501189997,0.249556821308244,0.2102732310897643,0.2959525756490511,0.3804397260198348,0.2984598034106991,-0.0031305209603675,0.4049307135374582,0.3553850307808825,0.1732714725694936,0.3032654994779609,0.9012843894073086,0.3724495400234211,0.312396738301791,0.3592038989388086,0.293104271262668,0.8532138012876721,1.0715575515712188,1.0694844939666477,0.7582413474360659,-0.3112431465305818,0.708977682926583,0.7803448275862069,0.7578663793103448,0.2759197561895717,0.30261525126902966,-0.1882450707837353,-0.23814722040091776,-0.9916500503491779,-0.22847879480276423,-0.25842125221487866
118225,0.9625,0.90625,750.0,1155.0,779.2207792207791,1274.4827586206898,0.05625,405.0,495.2619793999106,0.6114015854275593,-0.5431716108657687,Low_Efficiency,0.1051369082518639,-0.5010868706233769,-0.6062237788752407,0.0601092425885025,-0.8410037663518775,-0.90111300894038,1.0358881823588009,0.0999089775495117,-0.935979204809289,0.5357981452916233,-0.4421180216972954,-0.9779161669889188,0.8667759412866763,-0.3484049831034455,-1.215180924390122,0.5014542312125021,-0.117258962116531,-0.6187131933290333,1.6558089682468902,0.9518451403235222,-0.703963827923368,-0.1828381247624702,-0.4723178916937748,-0.2894797669313045,1.0391362628708125,0.166136372681774,-0.8729998901890381,0.4597993827953325,-0.6651467612572124,-1.124946144052545,1.1133220619815347,-0.0712019505366228,-1.1845240125181575,0.0794401461747565,0.0568206149594411,-0.0226195312153154,0.8736456665338865,0.2534054435732725,-0.620240222960614,0.8146968879624814,-0.0068268887348269,-0.8215237766973084,1.4060256795034185,0.7241872331053835,0.7344305828328261,0.9961038482590208,0.6597382118773416,0.6815299365642005,0.5926524104587667,0.6932863640344239,0.7086808145137902,0.7220829373735955,0.9959770114942528,0.6812160843798329,0.9896551724137932,1.495337704450877,0.8442207901388504,0.7199465675688889,0.5949037029471751,-0.0242406396513809,0.7915096708634763,0.6670174787990951,0.8237463686046962,0.9522274958262782,0.7484952202814539,0.5977070199000591,0.792473308176584,0.6703111068330532,0.7489819681796879,0.999425287356322,0.999425287356322,0.8444882171600672,1.1032673213274269,0.8395129844235251,0.8344723991640522,0.7366899269213764,1.537617952930453,0.5729508664043774,0.6178555332600584,-0.0253340271751324,0.7347616034413971,0.5594216497445603,0.588368030099813,0.7794486049414086,0.7079394394126185,0.7780060431671465,-0.0270147856886962,0.5860841069333487,0.7710134613272315,0.7024223358930538,0.5670493362790663,0.9917759957202736,0.6702377906329436,0.6026580048217499,0.7312314408818902,0.5641695635681159,0.6398695644852281,-0.13837496764481722,1.5042104660249924,6.549186361075055,5.0449758950500625,4.353900039322158,0.96194683908046,0.9026041666666665,0.761828058206096,0.6074029977611052,-0.667288125383133,-0.511278666983605,0.28371658477482187,0.4600302914422727,0.14112822612777726
118528,0.9125,0.9375,773.75,948.6875,847.945205479452,1011.9333333333332,-0.025,174.9375,163.98812785388122,0.8379457198887793,0.6447494246491984,High_Efficiency,-0.1780912865171229,0.1861095140019881,0.3642008005191111,-0.2191238716131557,0.2797955439992617,0.4989194156124175,0.5653419162284821,0.7491353956051823,0.1837934793767001,0.5006853007041625,0.6925187106060176,0.191833409901855,0.913235173368621,0.729470124951431,-0.1837650484171898,0.4254352003170574,0.3816959001032306,-0.0437393002138268,0.6954362948215367,0.7331647867278144,0.0377284919062776,-0.2964360901403666,0.4704390201435351,0.7668751102839018,0.8641772402340266,0.507677737293399,-0.3564995029406276,0.6080242769677586,0.4005179331138554,-0.2075063438539031,0.5601765875691092,0.7164384382736578,0.1562618507045486,0.250762108092515,0.6739386885474166,0.4231765804549015,1.3380617150261855,1.1416051800941411,-0.1964565349320446,0.6379944828035409,0.8546239005632834,0.2166294177597425,0.9758565909419404,0.2729404945017926,0.2462964225169228,0.9534797855097894,0.2750704350025999,0.3452464677074793,0.4358667871942751,0.2272201420916801,0.2458820087908588,0.4371774167218564,0.9402298850574712,0.3551355158535695,0.9201149425287356,1.058638598990657,0.4571238504689643,0.4882559392864573,0.3214719974781875,-0.0075471697809249,0.3926840802107575,0.4607541249804138,0.4305199928744586,1.0058144950099874,0.3129084607566562,0.3293650302338582,0.3860991848869725,0.4180174837727615,0.3232784879306999,0.8913793103448275,0.919108370112689,0.4777777122413924,1.0118183161114542,0.3989263092623156,0.3900532228683026,0.469926403854391,1.159327869440976,0.3219527403138132,0.3168321530541262,-0.0192260644846401,1.025644085046279,0.2618007257036416,0.2349086467330476,0.3461806156993751,0.4810893409830753,0.2712569814405665,-0.0059202700149965,0.4145792640850712,0.4317506647805712,0.2747402200934377,0.3409507196081902,0.936900250360272,0.3940220482489244,0.405934416280031,0.4323263313471097,0.3037593768362043,0.4761199319901679,0.6083664910017295,1.916529895431784,1.5410093633641164,-0.37552053206766756,0.8040618426956981,0.8133836206896551,0.8814655172413792,0.3583242231923162,0.3693956702333666,-0.2073383796586581,-0.2847744157839415,-0.5296854988419264,0.0882668424539899,0.6221172272233553
118730,0.8875,0.828125,810.625,1027.5,913.3802816901408,1240.754716981132,0.0593749999999999,216.875,327.3744352909912,0.7361489496590248,-0.1470675021171615,Low_Efficiency,0.3169711393972244,0.0263052704189938,-0.2906658689782305,-0.0383341703503672,-0.0883129938697838,-0.0499788235194166,0.5508342810732134,0.3107298617241834,-0.2401044193490299,0.0717354269115332,0.331691121901439,0.2599556949899058,1.0345565893523947,1.297835227820745,0.2632786384683502,0.3634444463861966,0.7551162210753505,0.3916717746891539,1.434561807164764,1.6285271016815168,0.193965294516753,0.05866961008238,-0.3269676318179924,-0.3856372419003725,0.4216075848521886,0.8627984175319913,0.4411908326798026,0.4994064769328969,0.3483968083173638,-0.1510096686155331,0.5467727902612529,0.2001104724820555,-0.3466623177791973,0.3643202656284391,0.3413152383304708,-0.0230050272979683,0.8085382702444366,0.3618663110387155,-0.446671959205721,0.4697149175049014,0.4176597037013382,-0.0520552138035632,1.3103183743989582,0.3637431122153323,0.2888638648450397,0.906869274936798,0.3546722725928986,0.4380189888241353,0.4223282335082066,0.4182331383275378,0.2928551704586986,0.4332600843434298,0.8844827586206897,0.2594831127820364,0.9298850574712644,1.2871089573892835,0.3904887930671374,0.3988924617142643,0.3276698457792004,-0.0188354994025673,0.54318243035745,0.5350711824954156,0.549651656243868,1.1699504140929382,0.3739165644994593,0.3322386336679093,0.4688303421308269,0.561935876832131,0.3320100279745142,0.917816091954023,0.9317169369720985,0.4882612917008977,1.2430178241853782,0.5914431081478699,0.4022976057465234,0.3596931147185495,1.293602261928457,0.1860540088129111,0.3377593456253645,-0.017675320972611,1.0114259371592884,0.2597548789255972,0.3707382366244368,0.5652793614615194,0.3580327419390945,0.6273704285462578,-0.0226226069671567,0.2928738882877674,0.5817109378698422,0.2729014878456087,0.2601437279952766,0.9425852960519668,0.3783257843876524,0.3428065331666916,0.4957532715171178,0.3337357654655921,0.49305710253153245,0.4619336521668848,1.799990701792071,1.7927319288894144,-0.007258772902656752,0.9959667742382208,0.8145617816091953,0.7324622844827586,0.4820744069422368,0.31330104019602467,-0.37118191026568975,-0.27637493077619346,-0.522303537634322,-0.8586781554576202,-1.1857618103745624
118831,0.8500000000000001,0.875,776.3125,1086.375,913.3088235294116,1241.571428571429,-0.0249999999999999,310.0625,328.26260504201696,0.7356071527679072,-0.0708333751077608,Low_Efficiency,0.1512816106721562,-0.1294295258398772,-0.2807111365120334,-0.4370181959327938,-0.1936738085757222,0.2433443873570715,0.3803679105370909,0.0659296807125964,-0.3144382298244945,0.2340608874130496,-0.0236889189874603,-0.2577498064005099,0.9626930632007672,1.3150765564308684,0.3523834932301012,0.5863299560941087,0.5548923312264964,-0.0314376248676122,0.9489195565739996,1.5273936429792747,0.5784740864052753,-0.1746798378608908,0.0098704417520665,0.1845502796129574,0.8731117000405257,0.4171664666538631,-0.4559452333866626,0.7558393199452709,0.1999919423724667,-0.5558473775728041,0.6948677025318072,0.6364315376588532,-0.058436164872954,-0.0040708826718896,-0.1464044184118194,-0.1423335357399296,0.8920061206067875,0.2813573151220311,-0.6106488054847565,0.7601573248375012,0.3630583823042286,-0.3970989425332726,1.5125793980903128,0.5597915482317259,0.6293641561771501,0.9944081087762996,0.5922855828341883,0.5460683012811802,0.6882086292804226,0.4959355579553037,0.5429610383875908,0.7437055972373423,0.9936781609195402,0.6342581511685724,0.9919540229885058,1.406799751889486,0.7869280075654328,0.6207600991981477,0.6394156966862206,-0.0240067443731825,0.6416446938607037,0.8323722380241698,0.6572313518804762,1.478104729248368,0.5664274190791267,0.6838235407035704,0.6732823041635632,0.6359927978530123,0.5296883259750236,0.9902298850574712,0.9910610112119358,0.5595220044574314,1.381552024232557,0.7283848527600014,0.8151633682414063,0.7803567036494957,1.3604366373866328,0.6946539303091144,0.6761618422597794,-0.0254195148332006,1.617871838971907,0.6141087865511208,0.5611701594947771,0.6741789453154007,0.8454502743758842,0.5918832628744422,-0.0237819549888271,0.7038245935322147,0.5232716081052059,0.56338827950755,0.7354066073436494,0.9926315359821108,0.6917552281789932,0.820285304934121,0.7997443216422297,0.7176655826532212,0.4731333025705351,0.34842654467127615,1.7965300663721835,2.51128251305596,0.7147524466837765,1.3978508694130776,0.8416954022988506,0.8694683908045977,0.5453979897815981,0.6052858246566191,-0.4215452242620082,-0.6279573848215686,0.24689786121289714,0.1737492052775967,0.1600150752456157
118932,1.0,0.828125,770.25,1122.8125,770.25,1355.8490566037735,0.171875,352.5625,585.5990566037735,0.5680942109657668,-0.9352242296439244,Low_Efficiency,-0.6322220928018525,-0.7458269744296009,-0.1136048816277484,-0.9848314268881908,-0.2049608347964437,0.7798705920917469,0.7061077560535208,-0.1750841554742726,-0.8811919115277933,-0.2496149385094437,0.3774809577538772,0.627095896263321,-0.1121328632417936,-0.0321370323467178,0.0799958308950756,0.4798155064865666,-0.0668238469475563,-0.5466393534341231,0.7871174047492724,1.2325267495419732,0.4454093447927008,-0.8933837039660828,-0.2149931486466502,0.6783905553194326,1.2254991019554151,1.5049710141914705,0.2794719122360551,0.2842278779557105,0.4350211888905403,0.1507933109348299,-0.1740726220499364,0.5883833775470722,0.7624559995970085,-0.1568366060211888,0.2900875379214516,0.4469241439426404,0.959342609447818,0.4860183945681744,-0.4733242148796436,0.5268084685998304,0.0042176257075886,-0.5225908428922418,1.4368903847518977,0.5702788023265557,0.5854381679775058,0.9896254602145408,0.5723548229691707,0.5692573403926107,0.6523521636633094,0.5000898409517631,0.5077718978287379,0.8108937945086354,0.9867816091954024,0.6490657736988839,0.9770114942528736,1.415227299832805,0.4580518803876412,0.7064276174518185,0.5219203653079133,-0.0269481975489585,0.6277977845841003,1.041312425524632,0.7282768741163927,1.637184919738073,0.570695490356272,0.6562806391392016,0.6519658813818645,0.8733887587824631,0.5676545674687712,0.9770114942528736,0.9841139051509455,0.6634131780696505,1.4339345781081132,0.6712882561837765,0.4576575116837615,0.5084384408298046,1.4730204993079865,0.6629629968997517,0.5419494055236652,-0.0250993152792784,1.864480441277365,0.5483311212222215,0.5694290131921769,0.6845402972315837,0.8098617452600219,0.7318521647631071,-0.0287220580653432,0.603368203796613,0.7684010944601616,0.515810020959838,0.6197497298055868,0.9849273427565348,0.7118366934784348,0.7749286632632648,0.6977600806718487,0.6799325096911613,0.12613031941211753,0.24849148953435046,7.928244980397226,3.3325956915310466,-4.595649288866179,0.42034463862132526,0.9770114942528736,0.8171785201149426,0.6277977845841003,0.5894897617868289,-0.5000898409517631,-0.5630691095879929,0.5126422478640665,0.07997404915503595,-0.6434592816730376
119126,0.925,0.75,829.6875,1155.375,896.9594594594595,1540.5,0.1749999999999999,325.6875,643.5405405405405,0.5822521645306455,-1.170640201193228,Low_Efficiency,0.3750467099966807,0.2214952469383768,-0.1535514630583038,0.2071523211486387,-0.1221079642776535,-0.3292602854262922,1.0853346217289468,0.5716660072802255,-0.5136686144487213,0.6542750624465017,0.3175888535959345,-0.3366862088505671,1.444220048332648,1.143348627367102,-0.3008714209655461,0.5659955318360576,0.4148454546177285,-0.151150077218329,0.748777802093766,0.8027846813377525,0.0540068792439865,0.1088754689978638,-0.1122711731881887,-0.2211466421860526,1.421555166938194,0.7740623952398681,-0.647492771698326,1.2713652238389774,0.6595442917446632,-0.6118209320943141,1.0533134737927083,0.8450512314958377,-0.2082622422968707,0.6567165214244598,0.6019564973152917,-0.0547600241091681,1.5332379590307963,1.2587420232969302,-0.2744959357338664,1.2632357819319793,0.9683588050313964,-0.2948769769005829,1.2405765376103983,0.636777978196322,0.6135274361876603,1.0,0.6514693626097738,0.6853018355729035,0.694777595891823,0.6112644772767724,0.599394420675653,0.8196867580853513,1.0,0.6624267953190143,0.9977011494252872,1.410193880309866,0.7752252656337266,0.7942946944530298,0.6399514459704081,-0.0262202049186885,0.743663120511419,0.7733930016141943,0.8146648224865505,1.39651316527054,0.6562546298611323,0.7047695786804675,0.760762046198723,0.7386316920217937,0.6680789359736962,0.999425287356322,0.999425287356322,0.842764633432197,1.4278927315857093,0.8598767686176823,0.6367792747361081,0.7706691548771482,1.488873871021125,0.5884465840024422,0.6594676164015241,-0.02727969348659,1.3473334922167632,0.6340763088039257,0.5812763390442395,0.7491278048306745,0.8111012343526007,0.7706045909461061,-0.0270147856886963,0.705189809544176,0.813748886581593,0.6002158003965428,0.6570425080242744,0.997783251231527,0.7874409970758354,0.6830878911342826,0.7812134811825153,0.6014636240206603,0.8849358352527299,0.5960760698425188,1.0452723439134821,1.2582265581834022,0.21295421426992012,1.203729689951365,0.9244683908045979,0.75,0.6878883864730626,0.5905807478068765,-0.5654196414810144,-0.45109771801549525,0.3209552090280238,0.21067811292751362,-0.6677858202826821
120111,0.975,0.8125,633.3125,935.3125,649.5512820512821,1151.1538461538462,0.1624999999999999,302.0,501.6025641025641,0.5642610535694398,-0.5078146541206712,Low_Efficiency,0.4001332630316677,0.4520723396564491,0.0519390766247813,0.3724394190438804,0.323356261764784,-0.0490831572790964,0.5691329709581217,0.4507971689374868,-0.1183358020206348,0.5105618692767715,0.449023244484901,-0.0615386247918705,0.7676656852519343,1.1842100670465303,0.4165443817945961,0.3009636595475634,0.425361452033972,0.1243977924864085,1.205936267309799,1.8824309335688203,0.6764946662590214,-0.3365325556005474,-0.332935988617086,0.0035965669834613,0.926280252661767,0.7461373557886313,-0.1801428968731356,0.9230805758946838,1.1402565275310268,0.217175951636343,0.8394233067093244,0.8546207206537912,0.0151974139444668,-0.0556698402744878,0.326229556241643,0.3818993965161309,0.9746302029285367,1.1930365681450257,0.2184063652164886,0.6718533468962489,0.8226276902857849,0.150774343389536,0.988245230592798,0.3052437852378403,0.4124592877457261,0.9513711545762448,0.3250844245634463,0.3149998879753404,0.4042666526214808,0.2671359322285185,0.3118731191970028,0.4301239747660906,0.9264367816091954,0.3891754174329883,0.9183908045977012,1.1582472751365338,0.59596728226978,0.4624433964375463,0.3145090884595297,-0.0169710753290006,0.3563623395122397,0.4840073341513985,0.3343953770792559,0.7601690693993441,0.3475939334000217,0.3280707032033331,0.4282093918719883,0.3855677656273228,0.3970058692950708,0.917816091954023,0.9433172626028794,0.4191784350836547,0.7477233801985844,0.3237112369774946,0.5982634843676808,0.5310220250518024,1.2394351781361537,0.331548353173016,0.3593277595000033,-0.0210775215508754,0.7670546438657471,0.3337149630016744,0.2906343150766349,0.4706306521313014,0.4367854072145435,0.3931376977067742,-0.0149923536348578,0.3386115584835948,0.3210042413438307,0.2986018769686557,0.2951615622532426,0.9485275353836284,0.4126338990976635,0.4133736799537708,0.4945922621126526,0.3520437221656873,0.5764213159739474,0.7083731355372686,1.69146817009088,1.146992753178032,-0.5444754169128481,0.6781044393001889,0.8948706896551725,0.7527298850574713,0.34745328102443374,0.3352650430168516,-0.2604575339228055,-0.2860355242596209,-0.12731031745745408,-0.29505215945741226,-0.7707410336072295
120212,0.9625,0.859375,655.9375,862.8125,681.4935064935065,1004.0,0.1031249999999999,206.875,322.5064935064935,0.6787783929218192,0.1331664060035235,High_Efficiency,-0.1515291907543358,0.470743504073584,0.6222726948279199,-0.6571518109174872,-0.0215982638546187,0.6355535470628684,-0.3820691927203239,0.5118504319171905,0.8939196246375144,-0.259983664658559,0.3400552379819335,0.6000389026404926,0.8492313605981686,1.6923954862888662,0.8431641256906975,-0.4230244597692506,0.7368259002684538,1.1598503600377046,0.9714036146794222,1.5363619801756965,0.5649583654962744,-0.0897185257266992,-0.0629604292932433,0.0267580964334558,0.7384554688234162,1.168920332535032,0.4304648637116157,0.3244731129652108,0.8461874633595736,0.5217143503943628,-0.0369211038729801,1.1982440856409458,1.235165189513926,0.082217230148974,0.6844429908278589,0.6022257606788849,0.9074944302727248,1.323687287157823,0.416192856885098,0.2418507041843122,0.8859982348683395,0.6441475306840272,0.7406902016238902,0.5220368810624473,0.4762655008982198,0.9573456830121918,0.3962430717387493,0.5536048325958044,0.4898480808559867,0.5359312169103057,0.5470304839458084,0.4797275535462129,0.943103448275862,0.3782953256025761,0.956896551724138,0.9348508385735788,0.5054467289444923,0.5145549736121297,0.4835875026541337,-0.0126214263874075,0.5575160599497626,0.4782023085317691,0.5901450054313413,0.9680408629324356,0.5718205432565963,0.3650806934887876,0.4580741058549647,0.5214766466827727,0.456498432143665,0.982183908045977,0.9858205368604642,0.6061127370461626,1.0693240378546829,0.7100309564096778,0.5533787484165902,0.4203942268549311,1.048241332823768,0.3988736981966113,0.4066104187736962,-0.0224500491968288,0.986353803291624,0.4000537589467736,0.3802477643301054,0.4944274419200236,0.4941942646659757,0.5951932184052353,-0.0299361121935785,0.388988007504338,0.6680097364862102,0.5225252898174371,0.4550272820958169,0.9643927472937968,0.3756769067323061,0.4451424383625468,0.4997287415753617,0.3523793502556758,0.15105199808947092,0.8079395887105311,6.371935758798359,1.0636611305437174,-5.308274628254642,0.16692901558933645,0.9453520114942529,0.810479525862069,0.5366092077016466,0.32284734172307555,-0.5158337962761692,-0.3028260041259714,0.41352959685270463,-0.056864724573311154,0.0350100042467902
120515,0.6,0.609375,1103.375,1142.4375,1838.9583333333333,1874.7692307692307,-0.009375,39.0625,35.81089743589723,0.98089850374747,-0.4048280931857484,Low_Efficiency,0.2019770516199059,-0.0849421326744268,-0.2869191842943327,0.0918463466664352,0.0014582006773076,-0.0903881459891275,0.5946273577984993,0.2703906386924876,-0.3242367191060117,0.4170114768181495,0.1927863528336441,-0.2242251239845054,0.8452386380741226,0.7025084413764224,-0.1427301966977002,0.9197380012347588,0.8232992459240471,-0.0964387553107114,0.9257197482611262,1.14702349404898,0.2213037457878535,0.1232117290392252,0.3217745649198936,0.1985628358806684,0.9910059358895136,0.7656060354565408,-0.2253999004329727,0.8944523257005217,1.1131335387142385,0.2186812130137166,0.9139646692521076,0.6514828660111213,-0.2624818032409862,0.4478143331161324,0.2618973808877993,-0.1859169522283331,1.2919096254205242,0.976608331494539,-0.3153012939259852,0.7456626623165905,0.6356733456836581,-0.1099893166329324,1.2817990561289978,0.6172531173883087,0.6482760749317558,0.9887584686672204,0.5507656337310376,0.4950278689254931,0.4006873220047302,0.5528703953574505,0.5689165085089838,0.6950599245358258,0.986206896551724,0.6578613077651928,0.9637931034482758,1.2738921572900297,0.6718022183343693,0.5772787386184575,0.4881165771794773,-0.0262448360169389,0.6629254266748577,0.6027057570687403,0.695468790410764,1.4896106068865334,0.7041631809699307,0.6106999510811761,0.6346833272662324,0.4728944846597673,0.6411491677260908,0.9896551724137932,0.9913855903568548,0.6631984735525636,1.4880710798550618,0.7718310953354637,0.766445963634504,0.6427455190912074,1.4286839136981082,0.5153035591342536,0.5670482429765735,-0.0270046163596799,1.421851504388048,0.4781592574949104,0.4618002627414037,0.6844493096529823,0.6559340747913374,0.7028914168350271,-0.0261406727080544,0.6357449484334599,0.6641519143563068,0.5826593843373575,0.5500357498336856,0.9773392570605216,0.6306208687524648,0.4737663192734637,0.7170440879325974,0.5172918559797125,0.6717271358005438,0.5556214502890181,0.893218503174561,1.0967429406119595,0.20352443743739856,1.2278537769429159,0.5937931034482758,0.6009698275862068,0.39775525600491457,0.38428459189603326,-0.3317222372144703,-0.3152247247376373,-0.20774369842437287,-0.09276070448743876,-0.43709931958145365
120717,0.9875,0.796875,698.0,1060.0,706.8354430379746,1330.1960784313726,0.190625,362.0,623.360635393398,0.5313768808215906,-0.9868902525578468,Low_Efficiency,-0.4254172877691369,-0.0121014170630216,0.4133158707061153,-0.5449324178102546,-0.1219958304166929,0.4229365873935615,-0.1454649837368488,0.7202178922725726,0.8656828760094215,-0.1632895343193164,0.1954061907989428,0.3586957251182593,0.506551055201958,0.7259747063448043,0.2194236511428463,-0.1201271125214268,0.2141973594711751,0.3343244719926019,0.3001641460160571,0.5855173020752833,0.2853531560592261,-0.237199217203315,0.4292239605766784,0.6664231777799935,0.6329046907345919,0.9246502426838716,0.2917455519492798,0.4922875152027523,0.4470876946882108,-0.0451998205145415,0.373861011152453,0.8181569377928637,0.4442959266404105,0.1928882737844034,0.7857392280677531,0.5928509542833497,0.5580555169506323,0.9559415094950396,0.3978859925444073,0.2574194120286475,0.4789879208032598,0.2215685087746123,1.6198029898648842,0.3840241970493809,0.427354480843189,0.995882746457459,0.464231431700949,0.5562662302491852,0.6441505865349252,0.3969390515510814,0.4934850632974968,0.674096770253229,0.9954022988505746,0.605872777480177,0.985632183908046,1.5054107154647232,0.5138262363778152,0.7418774401293879,0.5168330942870993,-0.0240497570310875,0.4254837957957744,0.7369484905448396,0.5424027160941984,0.9533604732780336,0.3759157452393845,0.5822847352223892,0.56712317304494,0.6039457543131727,0.5018574753315728,0.9511494252873564,0.9643011914104856,0.6647588289204964,0.956962320770115,0.4450946469900772,0.4355790312380835,0.5906926237123777,1.4787647118961855,0.6253572178736149,0.4510789453781627,-0.0281191018593719,0.864329882491103,0.51090081317715,0.4715251451760913,0.5819082647685327,0.9200058946862216,0.5412233246980128,-0.029423428265154,0.5543112152033245,0.5345086349844307,0.4451512937131038,0.6448262551883837,0.9872174413126438,0.6841003346831751,0.7844889782734236,0.7564511616261399,0.6474271394338547,0.11983579055079976,0.5105002641136244,8.24037422448652,1.560965772305387,-6.679408452181132,0.1894289677085251,0.9392600574712644,0.7932112068965517,0.42016524834832725,0.5451424542006552,-0.3919773134066929,-0.5159185017363529,0.31316851714251265,0.16804924383635325,-0.5748669235803172
121416,0.7875,0.75,1261.25,1385.3125,1601.5873015873017,1847.0833333333333,0.0374999999999999,124.0625,245.4960317460316,0.867089899347964,-0.7544880109804877,Low_Efficiency,0.0431349006258587,0.1177513024785141,0.0746164018526554,-0.0888245354092429,0.0245837804877846,0.1134083158970276,0.0699235325600571,-0.0481843118708317,-0.1181078444308889,-0.316239423068068,-0.1376779590654584,0.1785614640026096,0.8941867043029584,0.9601722717613372,0.0659855674583788,-0.0504894685484909,0.2786349308243137,0.3291243993728046,0.9497058574375828,1.0482675586089585,0.0985617011713756,0.1997733437922239,-0.0125321183359558,-0.2123054621281797,0.7187453538077389,0.5644511906445165,-0.1542941631632223,0.3683994211922419,0.2344226994225012,-0.1339767217697407,0.4206860248333822,0.3833230318158012,-0.0373629930175811,0.398836934854767,0.5473543216189451,0.1485173867641781,1.001191755550898,0.5869188316963245,-0.4142729238545735,0.5022292528964446,0.2903059354323836,-0.2119233174640609,1.3106285397634283,0.4796103924277801,0.5519959539647763,0.981596262613504,0.5375013281006589,0.5047990335710956,0.546629966778346,0.421828327553126,0.5424510017654707,0.5543921879119943,0.9752873563218392,0.4918791015151751,0.97816091954023,1.31021743759872,0.5392609999652986,0.5177102546181953,0.5558207326749568,-0.0239098781403825,0.4632126738012084,0.6305509103576437,0.5723955261480752,1.1696439191918175,0.5059627253067172,0.4977855348175661,0.6106782305310247,0.606842482770066,0.5636059614610387,0.964367816091954,0.9732722281973508,0.4988325113906358,1.2144841287199135,0.4870539380022958,0.6060031745464269,0.4624105817013433,1.0778099050719785,0.5032178364006964,0.5607259012575057,-0.023720389316822,1.0769177558656422,0.5271855627137718,0.4880996565237596,0.6154724150205672,0.5538162354865233,0.4998718458699528,-0.0228482529890849,0.5230428924571155,0.5263863794091006,0.5595082288251214,0.5409868620379312,0.9821004070952452,0.492512108368508,0.5513984121806312,0.588326709619319,0.4798549880601059,0.3650899753448823,0.3455565332513668,2.1569966205165443,2.170405584688649,0.013408964172104909,1.0062160310445285,0.7594396551724137,0.7314655172413793,0.3647799806184516,0.369384081276381,-0.3321898079480867,-0.3598912410450794,-0.05987156195512887,0.038237859731264166,-0.5518234785891568
121618,0.925,0.828125,730.625,980.3125,789.8648648648648,1183.7735849056603,0.096875,249.6875,393.9087200407955,0.6672431915498539,-0.2412556920052333,Low_Efficiency,-0.5583871217755536,-0.0563498915542437,0.5020372302213099,-0.6248368897046279,0.2156325758602517,0.8404694655648797,-0.124615408530226,0.3889154138981427,0.5135308224283688,-0.2481197543825144,0.2211199121022805,0.469239666484795,0.737317655974301,1.0799547202123163,0.3426370642380152,-0.1324646236518882,0.3404609362931193,0.4729255599450075,0.4075741986327706,0.7679619372442816,0.360387738611511,0.0676630712930438,0.2990754287915883,0.2314123574985444,0.4862783613332542,0.8433814254095047,0.3571030640762505,0.2088462194972232,0.7913176046624064,0.5824713851651833,0.10452498361091,0.7192792445538886,0.6147542609429786,-0.1286760869892572,0.4169655905116374,0.5456416775008945,0.922265277778952,1.0779846799466537,0.1557194021677015,0.3179352438422507,0.5282185245328053,0.2102832806905545,1.1711772114798942,0.5144285399031294,0.5666999120867475,0.9858785505013126,0.4937578780098702,0.5140361418607903,0.5195279576141325,0.4996562073575634,0.5275541980117181,0.7001868140692807,0.9833333333333334,0.4788140360599842,0.9913793103448276,1.2217476754131131,0.587460613437271,0.5966903541277548,0.5118633440650624,-0.025535418602288,0.6085334568412248,0.6200340326410019,0.6974838944256321,1.1759706218189718,0.5095780671099935,0.5207689647734943,0.615740389169194,0.5406179559681368,0.4779549582215752,0.9844827586206896,0.9872428831094496,0.5866517235696507,1.2592146282240826,0.72957720930161,0.62081681688294,0.4975105330692774,1.291003239667738,0.4687371930855251,0.5374031156911232,-0.0222029033571415,1.0736041081944352,0.4943490517413279,0.4642656262073188,0.6477210922346768,0.5716284746467974,0.6158258516187745,-0.0244905411877394,0.5478684650984242,0.594122225702928,0.5020858102851807,0.4996413941666311,0.9925509300193208,0.5759349578733013,0.4885416080153407,0.6546253727440775,0.4521825249144414,0.102521794780617,0.5452798644617595,9.022383773085368,1.5187127478192963,-7.503671025266072,0.1683271979654161,0.9106465517241379,0.8143229166666667,0.562893447578133,0.47694613698882765,-0.46218199180574615,-0.3744636534447718,0.5103764126430714,0.2732947519007024,0.14853704215276972
121921,0.8625,0.859375,647.6875,817.6875,750.9420289855072,951.4909090909092,0.003125,170.0,200.54888010540185,0.7892266986586199,0.5841212392080737,High_Efficiency,-0.5145890776648117,0.0240741470889487,0.5386632247537604,-0.2757191057674449,0.3423140893307723,0.6180331950982173,0.1918524263547834,0.0720800666105262,-0.1197723597442572,0.1746736189615177,0.1198618294698441,-0.0548117894916735,0.1188088745016308,0.8548067928553497,0.7359979183537189,-0.0726096605254712,0.4618668909773806,0.5344765515028518,-0.1966139731031313,0.6979093278397382,0.8945233009428696,0.0539817255620482,-0.0414086245265616,-0.0953903500886098,0.3034477109604721,0.7830140087814377,0.4795662978209656,0.4628392757809569,0.4945640216641105,0.0317247458831536,0.1387525604946826,0.8987328942885064,0.7599803337938238,-0.0137973170470611,0.4253068337562318,0.4391041508032929,0.5992083845113629,0.8497921025137446,0.2505837180023817,0.7290665899555419,0.5186316084107003,-0.2104349815448414,1.5067841005652776,0.5665096376590897,0.6093130849003308,0.9565070862615576,0.4977312287126656,0.5821073967233429,0.4610839492932557,0.5614578384484361,0.5636807853880772,0.5579477270513326,0.9494252873563218,0.4280178032556488,0.9660919540229884,1.5202126784961196,0.3527368594050368,0.5820057794000058,0.4581640118927023,-0.0240629627234387,0.6324698854344568,0.6273380564641439,0.5856543335320953,1.1585829784141748,0.5154313331347536,0.4703453121753953,0.5615332822732695,0.5190925973687626,0.4538243044867963,0.9747126436781608,0.980705503845184,0.6872160725321389,1.1141770403874176,0.6672855593052631,0.4347778529576991,0.3095745576686808,1.66038206937081,0.3179556043347745,0.521701768792153,-0.0263408653356655,1.2735742788622717,0.3789190186378486,0.4420343277716684,0.5683767343393553,0.6159845868630432,0.6051933080054646,-0.0224985999952165,0.4604467328311882,0.6917343540407235,0.4801848533037862,0.3859145413051005,0.9773843479543096,0.5278280121049044,0.4813727428948349,0.540621491854228,0.4410400943496222,0.12137871664107688,0.46439614207576646,7.105800078199523,1.8505174173957188,-5.255282660803804,0.26042347611912114,0.8406896551724137,0.815912356321839,0.545505276187219,0.4536021979026522,-0.4842573856617762,-0.3790188310817066,0.17441395817532784,-0.1144438147780705,0.32160644175412045
122317,0.9,0.84375,991.0625,1261.8125,1101.1805555555554,1495.4814814814815,0.05625,270.75,394.3009259259261,0.7363384763980384,-0.629369115241103,Low_Efficiency,0.5446353971857119,0.6166179624880865,0.0719825653023746,0.0940842701229806,0.6936219268002323,0.5995376566772517,0.890610145257235,1.129809673657077,0.239199528399842,0.6994806555188047,0.752914565657182,0.0534339101383773,1.533773544138044,1.4065314446513435,-0.1272420994867004,1.0579857207430776,1.1516711258090928,0.093685405066015,0.7691644326822997,0.8822092549040975,0.1130448222217977,0.5482830243639881,0.4584269708172644,-0.0898560535467236,1.0109122135041542,0.96744868122366,-0.0434635322804943,0.8340597410619837,0.4914099650468577,-0.3426497760151259,1.237561851389423,1.5064320075869273,0.2688701561975042,0.5969394732968176,1.0557420896486989,0.4588026163518813,1.6952441222324812,1.528337705200144,-0.166906417032337,1.4798837768744748,0.8622428830929634,-0.6176408937815114,1.0002363232555318,0.6513010521166233,0.6940524574242051,0.9956235760833462,0.6215445173885783,0.7555014470866073,0.702507482354294,0.661113490845795,0.6879326024691849,0.5400381413318404,0.9954022988505749,0.5045633618030609,0.9936781609195402,1.177666578902322,0.676122018155246,0.7771843190958109,0.6205631708368767,-0.025108285244541,0.6897428231112395,0.5989734742531455,0.6573715051176666,1.1934028880328098,0.6245839695792834,0.5119447031076643,0.691543043960332,0.6671929238131173,0.6322424306413796,0.9988505747126436,0.9988916256157636,0.8390999099263377,1.3387355954779063,0.7336116184500554,0.6014226321908054,0.5307821696671995,1.2386976201942854,0.4292153165342615,0.6426910828459116,-0.0268517073013172,1.0618141039010645,0.5134253143262664,0.5736728540917827,0.6831530206971801,0.6293095786261402,0.7123266382732142,-0.0270593006845928,0.50567267742237,0.7041627149553884,0.5876450835424293,0.4861990806259482,0.9949707965512564,0.5779297198397837,0.551001806021264,0.5586964082579021,0.4732636799336221,0.9280441691693911,0.9645297326131163,0.9697803834327462,0.8747777250332958,-0.09500265839945043,0.9020360052044256,0.8989655172413793,0.8398706896551725,0.6207685408001156,0.48762820111481747,-0.5950021417612155,-0.3993162299439937,0.21735565051978295,0.42526250604777427,0.029365806139041606
122620,0.95,0.859375,772.4375,1065.5625,813.0921052631579,1239.9272727272728,0.0906249999999999,293.125,426.8351674641149,0.6557579006022888,-0.3790002750472346,Low_Efficiency,-0.0321517324375938,-0.0217734971187237,0.0103782353188701,-0.3549615852182361,-0.4779033522400532,-0.122941767021817,0.4268122163831519,0.184624467956557,-0.2421877484265949,0.4484765094704374,-0.0715584861723412,-0.5200349956427786,0.9130722121629148,0.7210174968777296,-0.1920547152851852,0.4805785453154476,0.0827561882048176,-0.3978223571106299,0.8865974947609315,0.6250718859289548,-0.2615256088319767,-0.1624668383140908,-0.2693061161281544,-0.1068392778140635,0.5531881382039373,0.5387109418172911,-0.0144771963866462,0.5664892657767511,0.4771848831994429,-0.0893043825773081,0.8299868893086565,0.5309689051276737,-0.2990179841809828,0.3158166676846645,0.1450100335487548,-0.1708066341359097,0.738445490134178,0.6491097700588839,-0.089335720075294,0.7978061153866532,0.4028193348743756,-0.3949867805122776,1.1419317365238135,0.3037149229032075,0.3776081120336166,0.9884630425934772,0.3626606403658407,0.3011941520580947,0.4033422386798682,0.2420882274519571,0.3065496423407051,0.4132531205538866,0.9873563218390804,0.441054620053235,0.9632183908045976,1.1090986849376805,0.4923576624688988,0.4120647710428016,0.4000529707563294,-0.0205639721919745,0.3027797548858885,0.4867862265557062,0.4488630479662978,0.8670433403492267,0.3061879438898177,0.3952646672362104,0.4442554280172504,0.3477917812385261,0.4091626963359956,0.9206896551724136,0.9442490542390032,0.3916161933114266,0.6568205716760565,0.2785124398397071,0.3834229050344557,0.5724930437361256,1.1620391249980258,0.4233094103522975,0.4360731593298373,-0.0242998337377677,0.809951716083688,0.3449432502938366,0.3088747317929998,0.4473032341129718,0.4823498954866749,0.369229510479079,-0.0182371949350741,0.4588717350358904,0.2859855615701659,0.2452133534861776,0.4441244534046451,0.9742159922717736,0.4295404818214756,0.4914046084911473,0.4606413809345131,0.3820273078276485,0.457692099186986,0.2511951754239435,2.075626662686227,3.421130909137585,1.345504246451358,1.6482392148840608,0.8746551724137929,0.8485093390804597,0.28764076714159403,0.3691363515653306,-0.22998381607935922,-0.3283047176643854,-0.09863060305082003,0.46622085533885277,0.27926491744896287
122822,0.6875,0.859375,976.0,984.0625,1419.6363636363635,1145.090909090909,-0.171875,8.0625,-274.5454545454548,1.2397586535408067,1.1393083404122055,High_Efficiency,-0.0221586362680044,-0.4138225402075475,-0.3916639039395431,-0.2141702251775615,-0.3140126917765823,-0.0998424665990207,1.6002516971965974,1.0315438592525437,-0.5687078379440539,0.9301997384500572,0.3032639383149257,-0.6269358001351315,1.225124891354735,1.2109225662885714,-0.0142023250661637,0.714298113538387,0.4865466100369924,-0.2277515035013945,1.7820158956512564,1.5996451419144568,-0.1823707537367995,0.3682103439883438,0.1087434963476644,-0.2594668476406794,1.6926592904273927,1.091886332312294,-0.6007729581150986,1.6711311744603077,0.9984477470775796,-0.6726834273827278,0.8335226495656669,0.4364211201513571,-0.3971015294143097,0.2232376016733931,0.298047349549783,0.07480974787639,2.177150779737064,1.6716012128958242,-0.5055495668412398,1.1857042376077982,0.9040806265181704,-0.2816236110896277,0.8315252852974515,0.3530586586685972,0.3920640494086962,0.9369537878756136,0.2722540387723946,0.3019596542722167,0.3138067417882033,0.2974071749284444,0.3414550413922488,0.4360396383636113,0.9091954022988508,0.3125771973682949,0.8896551724137931,0.9759109357630288,0.5084120150978545,0.4486461065543834,0.3420783578181887,-0.0119252472042386,0.3997857479244726,0.2751366387810123,0.394677249138147,0.8604084557720577,0.3757198564939058,0.3238291847347669,0.3535313810371779,0.1763980918130148,0.3063355127856301,0.9256704980842912,0.9551441956184572,0.4884441515677817,0.7773975938505769,0.4629305256150043,0.5318268885020062,0.4098757273458,1.0773651555807295,0.2852947533936384,0.3639936536611382,-0.0246507350569129,0.8650493731030451,0.3217885333708625,0.2410826950872344,0.4258002604892085,0.4408121282581253,0.4604561995129831,-0.0217940460097737,0.3688222340051635,0.2817945694065065,0.3196756412140822,0.3048556464036837,0.9249120404499512,0.3655755020980336,0.2918387959528426,0.4529152185857568,0.273687418846645,1.0119412537289596,0.6723796263340025,0.6793865929272099,1.2781079143900091,0.5987213214627992,1.881264726786005,0.6363984674329503,0.7813397988505749,0.2748527016980749,0.3141664471154976,-0.2044674327633055,-0.23520012557133554,-0.531995954355311,-0.353945136242345,0.46454832871953416
123117,0.875,0.78125,893.0,951.75,1020.5714285714286,1218.24,0.09375,58.75,197.66857142857145,0.8377425044091711,0.0909966679669253,High_Efficiency,-0.3281723858104491,0.1388500363357582,0.4670224221462073,-0.3692984515154819,-0.0676007314042864,0.3016977201111954,-0.3091612120484164,0.3628358659533455,0.6719970780017619,-0.0723169221833152,0.2702757362562337,0.3425926584395489,0.068350919872349,1.031536442502281,0.963185522629932,0.2246941675953738,0.5256848796471247,0.300990712051751,0.2558609364802886,1.3287518171495676,1.072890880669279,-0.3660919307743795,-0.1102497385652972,0.2558421922090822,0.5281198814986052,0.7231747644945226,0.1950548829959173,0.3205400031683399,0.5437237276204334,0.2231837244520935,0.1490257527729246,0.6426437397723643,0.4936179869994397,-0.0565544910474932,0.3519466037117105,0.4085010947592037,0.8047495632912385,1.210330940114285,0.4055813768230465,0.5337338624342873,1.036588036235693,0.5028541738014056,1.2334154017247103,0.4325746431664155,0.4779346588888702,0.9731090351579674,0.4454292422282739,0.3779823296793855,0.419415508361874,0.3732153390511051,0.3781798006818153,0.6014895001809408,0.9666666666666668,0.577152883101463,0.942528735632184,1.191561821493219,0.5333853138848297,0.4495760468632679,0.4243611735966828,-0.0223992286771515,0.4404564022598737,0.5429187637266548,0.5681016920102,1.1226626183680168,0.543228752823407,0.5180083951804231,0.4902239076984938,0.5395348594498289,0.5386346906566405,0.942528735632184,0.9586671039517184,0.4522716302669731,1.295751905920441,0.6378705107133248,0.5920221601865734,0.56664296313748,1.3242307327620957,0.4675759491527306,0.5061925340597262,-0.0270178292016212,0.9990183411822516,0.3747013006675526,0.3577995716484642,0.6016438913728734,0.5662865683897804,0.5579806989329921,-0.028731116666036,0.5604180444645024,0.5777398784824005,0.392515846870488,0.4857878301475763,0.959956271036241,0.5101652028019311,0.4408053991606253,0.7082118087739596,0.441818199712684,0.09881997812384798,0.5706065799874096,8.854395257081963,1.3691546123821876,-7.4852406446997755,0.15462992310594914,0.824712643678161,0.7552083333333335,0.3853993519773895,0.3985665646890087,-0.32656342166971697,-0.34517046852553435,0.08353919257442255,0.000451847305344899,0.07285727063814794
123420,0.975,0.734375,609.0625,988.0625,624.6794871794872,1345.4468085106382,0.2406249999999999,379.0,720.767321331151,0.4642914779150468,-1.2192358125628748,Low_Efficiency,-1.0522761685212885,-0.3002241859995999,0.7520519825216886,-0.9898866618821844,-0.7583353836469383,0.2315512782352462,-0.5809589464290261,0.0355753830099084,0.6165343294389345,-0.0328353256911707,-0.5122273541409932,-0.4793920284498225,0.429182228035553,0.3985169512665385,-0.0306652767690144,-0.1878625239526357,-0.4924810049081261,-0.3046184809554904,0.2235986147834842,0.8917488920013682,0.668150277217884,-0.834490659804723,-0.7169437371278815,0.1175469226768415,0.1403153744197897,0.9139773909020296,0.7736620164822396,0.2474059274304696,0.3933214773093823,0.1459155498789126,0.0037023186100779,0.4922403452601341,0.4885380266500561,-0.3681216276908926,0.4217728827869813,0.7898945104778738,-0.3456677070223205,0.808187748560421,1.1538554555827414,0.4080894913145704,0.8942995461243398,0.4862100548097694,0.7440451903891857,0.6191899060591641,0.541772182815896,0.92853397214405,0.5126249456994154,0.5862418858506901,0.496748345756246,0.5762877431006025,0.5538137740924183,0.4126907461187687,0.9132183908045975,0.405043600363367,0.9580459770114942,0.9108216080559104,0.497705718338594,0.5211736216683391,0.4239169428199648,-0.0213792394929318,0.7223274897306153,0.3924196930387617,0.4620062915736872,0.909950826246579,0.6176792956650737,0.4089902374162087,0.6480702806737668,0.4745407705142374,0.5297417822312911,0.9850574712643678,0.9877623509698066,0.5928513859986828,1.1832536870975026,0.5800035954965376,0.6020119672815609,0.3199852109057001,1.010349945068966,0.3174634076828128,0.4144420840939028,-0.0213770463694459,0.8206036951221403,0.45120314607064,0.4475234587721401,0.4535280297533589,0.383887927066675,0.5892705145465005,-0.0280102194625341,0.3049483215989792,0.5937557640062012,0.5597166901183891,0.3205058916919906,0.9675554880109508,0.5426335346627273,0.3512775760784197,0.3495119097185137,0.394272339436814,-0.20998611902859263,0.17638778224268314,4.643141943707701,4.1633883439912625,-0.4797535997164388,0.8966746004736742,0.9604310344827586,0.6706447557471263,0.70426930248735,0.3984965020179404,-0.5618805495230874,-0.2895437492739103,0.3614024978904689,-0.6927842652019761,-1.831063297319849
123521,0.7124999999999999,0.875,982.375,929.5625,1378.7719298245615,1062.357142857143,-0.1625000000000001,-52.8125,-316.41478696741865,1.297842198449799,1.3847486433967575,High_Efficiency,-0.1729280714471498,0.2047780203068499,0.3777060917539998,-0.475764883982736,-0.1989644640796689,0.276800419903067,0.391227726677877,0.8946698852907713,0.5034421586128943,-0.1781003985393103,0.2657123586975182,0.4438127572368285,0.1862516793208533,0.1633805731187178,-0.0228711062021355,0.0167649056406209,0.1285701561794205,0.1118052505387995,-0.2074449866122644,0.2739843194159911,0.4814293060282555,-0.1655940125971515,-0.2562485504569788,-0.0906545378598273,1.061024215205279,0.7537578678251118,-0.3072663473801671,0.226496890207715,0.1080364034957287,-0.1184604867119862,0.2238988056173768,0.5444770246269524,0.3205782190095755,0.1484925216596839,0.0457750900175409,-0.1027174316421429,1.4215887097927835,1.6649630077055222,0.2433742979127388,0.3638847399048942,0.4397527278800666,0.0758679879751724,1.1036135537048426,0.4348878614555548,0.4105028589732569,0.9301589894378104,0.4539705196015645,0.344478481322335,0.3544505440989589,0.3165521431414621,0.3083379488437354,0.2333316032713215,0.9080459770114944,0.5057377756082566,0.9109195402298852,1.2685495245724874,0.5203027186775139,0.4557942325693814,0.2888291112043287,-0.0124415342995621,0.4993437788172057,0.4020864535975152,0.356615155730709,0.916140920730959,0.4487883167036283,0.4954890259456801,0.5330538072884936,0.3975119697167377,0.446015508544299,0.9183908045977012,0.9401416685585662,0.4483670565262519,0.9810217795549934,0.369943311968982,0.5136370875954889,0.5761094218220945,1.2571087464488804,0.2244517893173852,0.4508118635279667,-0.0043422536816029,0.837135716160103,0.2804386567284236,0.2684045980283645,0.2721524364585715,0.4008615517833198,0.3337477015580738,-0.0163585798892312,0.4980080082764705,0.4291429662050423,0.3015855414233781,0.2762336141442065,0.9367138258972108,0.5436638668414783,0.3733430279764962,0.2527099014351163,0.2932263363095866,0.20284270291774797,0.3594746014302531,3.512556661859574,2.4341012199955134,-1.0784554418640604,0.6929711777903974,0.654353448275862,0.7945402298850576,0.35578244240725904,0.4757058834862935,-0.2255434019882917,-0.2565730442708883,-0.5715225126529031,-0.39851328195285385,0.6040647184196621
123824,0.875,0.59375,834.75,810.5,954.0,1365.0526315789473,0.28125,-24.25,411.0526315789473,0.698874151758174,-0.563962461187663,Low_Efficiency,-0.6888764542125995,-0.2172283149411403,0.4716481392714591,-0.7931902139045349,-0.1929415342897786,0.6002486796147564,-0.0927709287848877,0.0346840475719765,0.1274549763568642,-0.3322636656619044,0.0181720722464104,0.3504357379083149,0.2698228404932462,0.9687664729342372,0.6989436324409909,-0.5635185101827436,-0.0450106342739097,0.5185078759088338,-0.3595322546881555,0.6998976915613668,1.0594299462495222,-0.4829853898954737,0.3203187089859837,0.8033040988814574,0.0292000896560604,0.572249695342935,0.5430496056868745,-0.0860066434714268,0.2813433563002441,0.367349999771671,-0.0544594966650618,0.6044593952070457,0.6589188918721078,-0.2893241125881172,0.3114235594636446,0.6007476720517617,0.918322557790159,1.208957852935684,0.2906352951455249,0.182826006536946,0.831177775164638,0.6483517686276921,1.4533392063418082,0.621820424277824,0.5834191510490008,0.9651756735338068,0.6054614313301588,0.5421285298163357,0.4719471405458542,0.6285598286250922,0.5316174542452025,0.7017646377958927,0.939080459770115,0.7295092451250151,0.9448275862068966,1.414966781019022,0.7449899456890967,0.6305855205721742,0.4544584474477805,-0.025937416129898,0.7901701383809554,0.5531907442183249,0.6809271809493225,1.7291557303754628,0.591815529459655,0.6253978876600077,0.7491792438133562,0.5244493997528366,0.6549652999028014,0.9545977011494252,0.9696372814005982,0.7320932362574621,1.7964889622918023,0.8148191640681914,0.7474051646741913,0.7657578419933424,1.4074900229837335,0.5275257235561147,0.5479611328671904,-0.027065750109719,1.7830689003446172,0.4331191566041108,0.5308288277500138,0.7232419367697367,0.7194192396631375,0.8132711954407187,-0.0253194562593734,0.562002563810776,0.688233724365063,0.4795890933204623,0.5157884763971238,0.964798527433368,0.7805199549797904,0.5221102743147414,0.7400170041677216,0.5982475011672779,-0.1673397268270353,0.3854478674435241,5.228852632535814,1.5404118422711313,-3.6884407902646825,0.2945983862860748,0.835272988505747,0.5575790229885058,0.691398871083336,0.4634337232692506,-0.5499898500469557,-0.35520945381807123,-0.1605819276240435,-0.6609054592629917,-1.2707793354110646
123925,0.975,0.90625,664.6875,702.3125,681.7307692307693,774.9655172413793,0.0687499999999999,37.625,93.23474801061002,0.8796917463598963,1.0175994818691771,High_Efficiency,-0.8275303526974713,-0.6386013423290255,0.1889290103684459,-1.1438834483050684,-0.601006802490722,0.5428766458143464,-0.5895534445957495,-0.428742773686225,0.1608106709095245,-0.6559160305803562,-0.1878793955800264,0.4680366350003297,-0.2388098310880299,0.74101931785157,0.9798291489396,-0.7953937062750427,0.4152008336376016,1.2105945399126443,-0.1994467175791655,1.3472632434358658,1.5467099610150314,-1.182080316698654,0.2206254787682752,1.4027057954669293,0.0054166198517154,0.3001683760686591,0.2947517562169436,-0.1776990583089384,0.1933844656181809,0.3710835239271194,-0.3006165812929939,0.0344902493701416,0.3351068306631355,-0.3892844790720186,0.0090581922734976,0.3983426713455161,0.6298655941741313,0.5316065732335746,-0.0982590209405566,0.125013732574654,0.4670620245396619,0.3420482919650078,0.8751022896658939,0.4428311386698295,0.6640261234413135,0.9395577657111956,0.3313943028504733,0.4617924262740845,0.4362103864231525,0.4422511183875142,0.35637924729802,0.4680362686916745,0.9235632183908046,0.2985586113722746,0.9229885057471264,0.9759681224048848,0.5280446330716085,0.3540359134035535,0.3420048203686323,-0.0160836777976781,0.4998244999862613,0.4107746858011587,0.4167459591563087,1.1674977268354891,0.4704039344318331,0.281619276047322,0.4196891053706386,0.3900619911252005,0.3457513128251936,0.9109195402298852,0.9299554824452052,0.4262940156000521,1.2292540030339514,0.4372983096436927,0.6194768577537677,0.4043081046991238,1.1230793844471143,0.3256614385431086,0.5949427406076677,-0.0035117493636435,1.1153646703863531,0.3823685831321645,0.3123296946584184,0.3952380959346327,0.427498666176577,0.4607709635454857,-0.0124006152700442,0.5188400375892932,0.5085138093649052,0.3780398900653278,0.3261223718974184,0.9381038895486808,0.3752161443152113,0.3769730924301716,0.3700404963344459,0.2779297665725375,-0.40999414427807057,0.17168917433650208,2.3780769445862675,5.278403400207436,2.9003264556211685,2.2196090806122672,0.888146551724138,0.8369791666666666,0.48732888748660474,0.34003963078566024,-0.4311948404278263,-0.2518738509563621,-0.46988607269912697,-0.1273304564910173,0.6499532326991802
124220,0.9125,0.90625,846.4375,1112.1875,927.6027397260274,1227.2413793103449,0.0062499999999999,265.75,299.6386395843175,0.755843760945625,-0.0238985448665927,Low_Efficiency,0.273308925806299,0.2166091252755944,-0.0566998005307045,-0.0225605856161972,-0.1191509332184393,-0.0965903476022421,0.8854242174721705,0.8001071544385918,-0.0853170630335786,0.7756925043819445,0.4214930574857384,-0.3541994468962059,1.0237855331615295,1.0003297221777263,-0.023455810983803,0.5183332075748376,0.6807387789064534,0.1624055713316158,0.8840474042992212,1.2428103112336737,0.3587629069344524,0.0685520124444437,0.3658796395367173,0.2973276270922735,0.7983529117322312,0.4148901079199715,-0.3834628038122596,0.5066632254668517,0.0867604093098351,-0.4199028161570166,0.5718487504026533,0.7079795595273366,0.1361308091246833,0.3344327560351413,0.3548962041117717,0.0204634480766304,1.2286099864276303,0.7564178527159684,-0.4721921337116621,0.9672154960816968,0.4381305369633446,-0.5290849591183522,0.8119627467921022,0.3018048519402656,0.3310876535325101,0.9228382109326888,0.3544587890795033,0.3258664205200499,0.3722951479661807,0.3069239835705047,0.3536798633145309,0.3446607496792561,0.9,0.2852219778694113,0.9103448275862068,0.852617859311194,0.4136269301261602,0.4355286047825908,0.3882974624425669,-0.0263676522563757,0.3052706775029281,0.3921999820184421,0.4268799834474585,0.8244161161533303,0.3982347160871783,0.3175472613485041,0.3647805367166581,0.4444340046890725,0.4352570005378048,0.896551724137931,0.9226819442468,0.4035511988399044,0.7734663152862907,0.4505037923268926,0.3793391379378049,0.2027103356300278,0.9480930419549412,0.2674425993666486,0.3629784615212198,-0.0244510991500401,0.769828508935047,0.3465315235382301,0.3513415498525991,0.4695252868309472,0.4565138239492851,0.4308192698075204,-0.029388053698421,0.3886066375609363,0.4305393979322249,0.324327696857171,0.3635518747649299,0.9319592549322996,0.2599985219444353,0.312119065714005,0.4447675371175585,0.306171530953704,0.6295504532621753,0.526277966170306,1.4494446725071595,1.721995478167626,0.27255080566046663,1.188037268888476,0.818103448275862,0.815625,0.27855949322142187,0.23562366051214448,-0.28006813500808553,-0.27746794992679424,-0.577943648943539,-0.4790193521820301,-0.6152910302167434
124422,0.85,0.703125,717.5625,951.1875,844.1911764705883,1352.8,0.1468749999999999,233.625,508.60882352941167,0.6240325077399381,-0.6601863413214824,Low_Efficiency,0.0981187453053655,-0.0508265695295084,-0.148945314834874,-0.0170531587913948,-0.1007074984609926,-0.0836543396695977,0.8023303223486363,0.8226230961468322,0.0202927737981958,0.3422955647705032,0.4072580936001228,0.0649625288296195,1.390253102519747,2.4559029603903677,1.06564985787062,0.3567049372810077,0.3741430770864878,0.0174381398054801,1.853126298973536,2.475820782963354,0.6226944839898179,0.2677311803876081,0.4696401287084875,0.2019089483208793,1.314596857437766,1.9828063348629832,0.668209477425217,0.4994324158061672,0.8168802236761463,0.3174478078699789,1.1723473304537024,1.3792598491248818,0.2069125186711791,0.2947601042252301,0.6115584099254909,0.3167983057002608,1.294182891445851,1.4171274422706843,0.1229445508248333,1.302995109292245,0.9259513482192624,-0.3770437610729827,1.117870198598691,0.368572652247183,0.4140746778890068,0.9606711829319496,0.3588195390857269,0.3432095131068438,0.3533280365169275,0.2436063004696651,0.2596955510744861,0.503439125122104,0.9367816091954022,0.4511546654152217,0.9137931034482758,1.0761940646199664,0.5822861243117474,0.4216795354297663,0.3234550762757063,-0.0120214978149728,0.3714183143889127,0.4191382218351073,0.355355559244723,1.1500478980112374,0.390171024660178,0.4226092720416227,0.4102058429781785,0.3593536842233381,0.4052966329038601,0.9316091954022988,0.945764453585364,0.3926626261771636,1.1419572507755102,0.31304138036077,0.5563314904263894,0.5658288793589171,1.0335136793149644,0.3599864310437794,0.4464260401820754,-0.0163803709856449,1.2414245289851686,0.2895745433491962,0.2368901188226894,0.462720913511306,0.472604766476274,0.4389464428364139,-0.0181071876139079,0.4679466248467908,0.4152252901514363,0.2367825247448381,0.3510152157534354,0.9445231312085318,0.5023158147014285,0.3783121876017044,0.5102951401966129,0.3368667774438247,0.7837015501039979,0.9991026913560429,1.0845951692861078,0.7037557823909918,-0.380839386895116,0.6488643444630743,0.791867816091954,0.6586745689655171,0.3157055672305758,0.3531908072119419,-0.20706535539921533,-0.23685945289018925,-0.21291285768682483,-0.32191103645332614,-0.9252319887986779
124624,0.9875,0.9375,685.625,741.8125,694.3037974683544,791.2666666666667,0.05,56.1875,96.9628691983122,0.8774586706567796,1.0515687397622469,High_Efficiency,-0.2620234056438492,-0.0098314590941306,0.2521919465497185,-0.4614129246331077,-0.201977224326556,0.2594357003065516,0.3642487519214176,0.6393321509921954,0.2750833990707779,0.2962352591730384,0.5092870118665155,0.213051752693477,0.8837935620986722,1.288387245476462,0.4045936833777899,0.2979774294288601,0.5714199085813421,0.273442479152482,1.5863296064388317,2.637693157740157,1.0513635513013253,-0.4323607160495927,-0.3803912835943103,0.0519694324552823,0.5224266427227733,0.8907074355867358,0.3682807928639625,0.2185900547208761,0.2587118680744494,0.0401218133535732,0.4069281683858446,0.5879156716332647,0.18098750324742,0.2397252510352781,0.3081827844982779,0.0684575334629998,0.5992416576623837,0.7350081463225913,0.1357664886602076,1.1251721194205595,0.7717228239043608,-0.3534492955161989,1.047382063409915,0.3908929862759664,0.4719519076861843,0.9569372900811618,0.3971241979035293,0.4914659176880909,0.4405025800389299,0.4161875189314656,0.3838010422736666,0.5515169211178658,0.9459770114942528,0.4479870446598424,0.950574712643678,1.0502181061836005,0.5554048129514426,0.5337945805357309,0.3820791440724761,-0.0201049994574652,0.5378550972303587,0.527681308166215,0.5607062425930975,0.8828155729410369,0.3876467246832465,0.4334408348104321,0.5038800600031097,0.4679529867453037,0.4028323254766579,0.9454022988505748,0.9576602914294268,0.6134146176643267,1.299362360372886,0.6727760394311615,0.5741249497230774,0.6066420863931753,1.2168024025432405,0.3122183100252462,0.4616530530150016,-0.0160706834026126,0.7144776271390243,0.2774223863062073,0.3723663349152849,0.5629048942720164,0.5209336303644503,0.6255902100695552,-0.0194910257495679,0.4813978648655084,0.5734311639697158,0.2872437555089383,0.405719855449334,0.96566776963812,0.4808291896144314,0.4460043336225581,0.5525156673269223,0.3802184849970056,0.3846336754772847,0.6147263026900969,2.56737123030999,1.525066474024211,-1.0423047562857788,0.5940184504683496,0.9335847701149427,0.886853448275862,0.5311319085149793,0.4507773652635294,-0.4109851749448223,-0.3564548296846928,0.027813970960407535,0.05766362975965124,0.9072297440143291
124826,1.0,0.921875,750.8125,994.0625,750.8125,1078.3050847457628,0.078125,243.25,327.4925847457628,0.6962894922980195,0.0722816013197355,High_Efficiency,-0.3287329414327416,0.207676718509778,0.5364096599425197,-0.3810655239015576,-0.0624602726889572,0.3186052512126004,0.6151737105621028,1.1570999276106764,0.5419262170485736,0.5254870195549617,0.7881693489444416,0.2626823293894799,0.6752393618299577,1.6290077870187265,0.9537684251887688,0.2458501590645948,0.8877913975409479,0.6419412384763531,0.522044169682856,1.478730325615232,0.956686155932376,-0.3653260139065043,0.0141095013959853,0.3794355153024896,0.5607289511871103,0.7643060567240716,0.2035771055369613,0.1305028866978011,0.3458903314584066,0.2153874447606055,0.1829074755935125,0.533869582071901,0.3509621064783884,0.0754067286076791,0.3822004665648201,0.306793737957141,0.6069398061387596,1.09642370948743,0.4894839033486703,0.5726526684971087,0.6578835900332933,0.0852309215361846,0.9238134403654774,0.2967471892824029,0.3623954042725651,0.954968993960736,0.2705480073091109,0.3481639409079237,0.3899565898866798,0.2921787625469672,0.3298420998079363,0.3879572367429209,0.942528735632184,0.3090810188456314,0.9120689655172414,1.096001334714225,0.4337682256567337,0.3468192262084404,0.3269319888567383,-0.0074308668963005,0.3557381230556091,0.4204217890152761,0.3724520087433747,0.9202510625546728,0.3220008605415674,0.3029987632381601,0.3273286589812767,0.3705874917055218,0.295841366417552,0.9040229885057472,0.9171532930205086,0.3259639487224471,0.9268674412906074,0.4063718418132728,0.4463296596726803,0.3916620328176893,1.1460148048622003,0.3146007742764485,0.3326530016407367,-0.0236036651895157,0.8300874996455759,0.2495054924066941,0.2962786168592243,0.391240346901636,0.4565312049482456,0.3091209765424847,-0.0117230240509979,0.3330119810857194,0.3958771304620965,0.2811347333532465,0.3442363237979498,0.9303453190906992,0.3601539916467708,0.4170799753501641,0.4219815456616257,0.3574051285053823,0.2598434612982601,0.7057641764490538,3.8484560917854598,1.3062064136378457,-2.542249678147614,0.33941041370214214,0.9040229885057472,0.8688936781609196,0.3557381230556091,0.33201696104936684,-0.2921787625469672,-0.3294828528408993,-0.32923987381367237,0.020189183505376906,0.08255847089426835
125525,0.725,0.71875,970.875,942.0,1339.1379310344828,1310.608695652174,0.0062499999999999,-28.875,-28.5292353823088,1.0217679277399516,0.3700275352083696,High_Efficiency,-0.0343768000237844,0.4011048049575343,0.4354816049813187,-0.4266290535827258,0.3304878281677968,0.7571168817505227,0.0188420215742283,0.8230573843284881,0.8042153627542598,-0.6285744791512179,0.2589909810696805,0.8875654602208984,0.4250015410644774,0.7800984734981945,0.355096932433717,0.0091215671877049,0.394549690099912,0.385428122912207,0.4516130573730852,0.9437112001805916,0.4920981428075064,-0.4771472481923288,0.4940943033729272,0.9712415515652562,0.2283413456841637,0.648434236536349,0.4200928908521852,0.2097029813866241,0.6704719961348319,0.4607690147482077,0.1403085667228564,0.5743130509163449,0.4340044841934884,0.0841894746877296,0.0990896845056348,0.0149002098179052,0.5875304588287883,0.9881062920576916,0.4005758332289034,-0.0079241473460248,0.4493230055858198,0.4572471529318447,0.9250847082374422,0.2454027289471883,0.265771751113211,0.872858666172672,0.2744131024047178,0.3104552751766757,0.2944929739428922,0.2538613916637235,0.2780780160900634,0.194409937716922,0.8431034482758621,0.2897409405145839,0.8580459770114943,1.0737929211521569,0.4074451572287731,0.376225300794005,0.2889320288057719,-0.0125306320730195,0.2691638422541954,0.2119980607991717,0.2795672887753485,0.7518775866857013,0.2660164518114111,0.2382650271430537,0.3413141982943902,0.196164690880075,0.3247685716324409,0.8580459770114942,0.8765657608884014,0.4160218053639251,0.6270023482671294,0.2695571634733881,0.3769994041223508,0.3083520192635527,1.116107636809489,0.2334326858317419,0.2981567426072767,-0.017047053232744,0.7155782963239994,0.229617788176872,0.2098616042656519,0.2557163192517505,0.4013913208749669,0.2233297380601185,-0.014442227396022,0.2016366397152147,0.2176266146388676,0.2201760351576009,0.25718475915063,0.884959946902369,0.3049480901800544,0.2504170884650123,0.1761722985082405,0.2084919052482842,0.041428520443826874,0.5611309236722711,17.49959913204902,1.280893083566184,-16.218706048482836,0.07319556297862703,0.6220833333333333,0.6059806034482759,0.19514378563429163,0.21918143981691413,-0.18404950895619954,-0.14985355689720428,-0.900177301766352,-1.4340912645552097,-1.4912408462758189
126325,0.9375,0.9375,557.4375,662.875,594.6,707.0666666666667,0.0,105.4375,112.4666666666667,0.8409390910805205,1.234300199125537,High_Efficiency,-0.0962069673932092,0.2475713727849878,0.3437783401781971,-0.7894161430346198,-0.223888387601522,0.5655277554330977,0.4037392441207217,0.6288643384409298,0.225125094320208,0.2362760284436676,0.7467681747855871,0.5104921463419194,1.1120735597076123,1.448984773516853,0.3369112138092405,0.2293350740909655,0.7134577218186958,0.4841226477277304,1.058804871305406,1.3086799054328364,0.2498750341274304,-0.4314938174913082,0.3106812824303931,0.7421750999217014,1.2275683173374476,1.1708524938667857,-0.056715823470662,0.904390616294596,1.0273522051696466,0.1229615888750505,0.530902624837974,0.8671764471757265,0.3362738223377524,0.3413421718005445,0.3328567204885343,-0.0084854513120102,1.6776104507689371,1.0574921643582171,-0.6201182864107201,1.4920675474865948,1.1402819716816843,-0.3517855758049101,1.141425909276061,0.3174197059787069,0.3574820342235261,0.9338486930850528,0.2941781114005884,0.401828281832129,0.341573632536305,0.3029182432069877,0.3860095627095493,0.4499410375788635,0.9183908045977012,0.3488748960782311,0.8879310344827587,1.1040075244016865,0.2984421347835403,0.4128528819539561,0.3512048632672926,-0.0265532650459195,0.3308437058386075,0.4465941994049629,0.4097064075755658,0.7235764411234908,0.3302957864568694,0.3424902456883652,0.356981262596635,0.2738218524455886,0.3156497555991307,0.9166666666666669,0.9306790704410336,0.4930979958849285,0.6148240216923034,0.3288852419780561,0.3476522235656843,0.2831946229821049,1.1368332052101628,0.3369562350165883,0.3411387144728627,-0.0337976821666644,0.7823226946913681,0.3132904960333543,0.256666428145908,0.3681368275872916,0.4423679149985845,0.3857118412070628,-0.0263011899164345,0.3781913058842167,0.2940458882307465,0.3531406380604961,0.3784303714106092,0.912998872027075,0.350468650588896,0.3606015852702904,0.4283589057690475,0.3240745042686322,0.5640709698768093,0.7697950845963826,1.662021958305685,1.2178549862221597,-0.4441669720835253,0.7327546109613774,0.8593750000000002,0.8609913793103449,0.3101659742236945,0.32856435992709,-0.28398585300655094,-0.3038198477518427,-0.3268933868694468,-0.24046416684594987,0.6812832678237117
126628,0.95,0.859375,779.0625,993.8125,820.0657894736843,1156.4363636363637,0.0906249999999999,214.75,336.3705741626794,0.709131790784426,-0.0829348102675831,Low_Efficiency,-0.4093775645753241,0.2242991249992271,0.6336766895745511,-0.4332003492594526,0.1118194988173134,0.5450198480767661,0.141578225663578,0.7452062648818245,0.6036280392182465,-0.0002980070635093,0.4467999871322345,0.4470979941957439,0.4399967813283586,1.3495548029826956,0.909558021654337,-0.2851607729908845,0.5297841772904571,0.8149449502813415,0.9245580487404536,1.9625541605626635,1.03799611182221,0.4415162382186668,1.1655861245153507,0.724069886296684,-0.1672622725705289,0.4037950338592269,0.5710573064297557,0.470306023695498,0.815405035581467,0.3450990118859691,0.6168640907115625,1.1226186533675937,0.5057545626560314,0.3939697711173128,0.6079039059577154,0.2139341348404025,1.3529667626390407,1.0829889367508598,-0.2699778258881807,0.8829343832274015,0.6838218196386411,-0.1991125635887604,1.3921175363733882,0.6943307533243934,0.8222879067597406,0.9988444930973666,0.7832391465739312,0.763720548381692,0.6834544908021503,0.6182522605150795,0.706261206666819,0.7519252933259593,0.9988505747126436,0.8141091282818899,0.9988505747126436,1.545914904834517,0.9044743506827596,0.8145283058720394,0.6769303802955845,-0.0266712779205907,0.6776419042433517,0.737613637315284,0.811264368254095,1.5406036757652255,0.6841670401092081,0.7601405621530297,0.8482614211532054,0.8149157127004973,0.8758501060733868,0.9988505747126436,0.9988916256157636,0.935012533355371,1.3569194935691904,0.6903471790604803,0.7007713288338793,0.8678091386857031,1.6243520658187045,0.6395465609813635,0.8171477904950453,-0.0267499492026392,1.363017215840996,0.6693262698722006,0.6322757023792476,0.8902598583080168,0.7961200632517356,0.7507654472186094,-0.0265952734616624,0.7985804290209078,0.8990164793453739,0.6291921148920427,0.6334530868337563,0.9988916256157636,0.7846051079589956,0.6008403866770935,0.8543230507738703,0.6292791465543351,0.3120993827772981,0.8037241090240907,3.043892453915639,1.0692399557399435,-1.9746524981756954,0.3512737787731966,0.9489080459770114,0.8583872126436781,0.6437598090311841,0.6742700146522619,-0.5873396474893255,-0.5407867665701318,0.40043049885059884,0.3163420659700773,0.32790657002120766
127226,0.95,0.890625,943.8125,1065.625,993.4868421052632,1196.491228070175,0.0593749999999999,121.8125,203.0043859649121,0.8303335777126101,0.1668099869569873,High_Efficiency,-0.0419578794373948,0.1159780379077702,0.157935917345165,-0.4682000777699009,0.1249208960010094,0.5931209737709104,0.3999583983064034,0.7290436297957168,0.3290852314893134,0.3639528570843653,0.4193186669876209,0.0553658099032555,0.3385687477585433,0.8928031994130763,0.5542344516545331,-0.0246139468190079,0.1531441243642486,0.1777580711832566,0.1710689214010938,0.5014324768276401,0.3303635554265463,-0.2913859968206791,0.4991497277568015,0.7905357245774807,0.1855479924809211,0.4658249600290263,0.2802769675481052,0.0212951119470119,0.5623756826138613,0.5410805706668494,0.3245021626544909,0.4244686402220199,0.0999664775675289,0.098904940869921,0.1480989783325383,0.0491940374626171,0.6565816879690315,0.8132828885716967,0.1567012006026653,0.4262048928380975,0.3378861586315818,-0.0883187342065157,1.0258379689559043,0.3367093356409207,0.3897368783687447,0.969627782767676,0.3574913119592014,0.3343132073242556,0.3543512732903183,0.2777428326924021,0.3234927989598218,0.494600176726592,0.949808429118774,0.480588290719789,0.917816091954023,0.8985365092944414,0.4860483369414291,0.326447660628975,0.3298058933213391,-0.0204415386659111,0.3727925232525586,0.425419352176476,0.4116377195058602,0.9897111336884004,0.3628044112100933,0.4541786986065161,0.4033162452764264,0.3476251993859561,0.3978935332586824,0.917816091954023,0.9366234044499648,0.3718952849661558,1.012160775535503,0.3979674845586228,0.4170292202671202,0.584749424636022,0.9120739605982052,0.3274631488766121,0.3821476276050655,-0.0193356418756064,0.8211216556511758,0.2956151281312086,0.2715616574887086,0.3852608734327991,0.498764115185111,0.406734921687616,-0.0215736099799753,0.4838831770745793,0.4462609536198652,0.2690307524768976,0.3735009937982467,0.937032861627782,0.4885540207553013,0.3790128102613593,0.530808651327753,0.3595942073398699,0.15431627231877834,0.4419805762467578,6.15614821157254,2.0150726814521454,-4.1410755301203945,0.32732680969852757,0.8719252873563218,0.845923132183908,0.3541528970899307,0.43511842473519025,-0.26385569105778195,-0.3202635909120716,-0.08992343501031178,0.12709858061804535,0.29074461139998287
127630,0.95,0.875,645.75,847.0,679.7368421052632,968.0,0.0749999999999999,201.25,288.2631578947368,0.7022074815137017,0.3004977135645314,High_Efficiency,-0.1907268968028668,0.2464739523643879,0.4372008491672547,-0.4674353424958084,-0.3397739895487507,0.1276613529470576,0.4800864851345101,0.6131900428750754,0.1331035577405653,-0.1439708985737438,0.1019308205112778,0.2459017190850216,0.5652086254811641,1.0775082115524768,0.5122995860713127,0.0393091702600846,0.6402167749116614,0.6009076046515767,0.9807234089468432,1.207955060324588,0.2272316513777449,-0.297890763773913,-0.07681246745609,0.2210782963178229,0.2494765368545922,0.5911700720316978,0.3416935351771056,0.1089245557971577,0.7003682828867761,0.5914437270896183,0.4476890470288353,0.8659467641883831,0.4182577171595478,0.4725665724648992,0.5455213536474313,0.0729547811825321,0.8637944731777791,0.888505163402293,0.0247106902245139,0.6345100470625387,0.5592487860977894,-0.0752612609647492,0.9272488284822262,0.3423632419857858,0.3502010632323263,0.9283171237974543,0.306003288808381,0.3125563589924533,0.3820366662152702,0.2320515199008289,0.2965059663161319,0.3801947738277591,0.907471264367816,0.3263731583070651,0.9275862068965516,1.096035736937292,0.4633198814909116,0.4516307109386379,0.3493593380201335,-0.0086538186248276,0.3660847179698318,0.3395039284584,0.4305201853630345,0.8472808609059106,0.3846192582513176,0.2866832112227158,0.3817729396985,0.3800567000622252,0.3841966142381766,0.9063218390804596,0.9302851917167658,0.4388594579771087,0.6236980718230164,0.4196811862747213,0.5316448000914312,0.3812731546737507,1.0848787591654476,0.2518063824298909,0.3602943015657164,-0.0150755222968967,0.8283288857550073,0.255010209736241,0.2067339590452112,0.4166654016128143,0.3944680952935944,0.3475742861587327,-0.0132058713291223,0.2981316849604974,0.3623909659326982,0.237374609972139,0.2975675448103267,0.9426896715746454,0.3341956322146754,0.3312950492755059,0.4407930816728185,0.2195196771604476,0.26730464432586226,0.5443892019849284,3.5539840634337327,1.607302991144254,-1.9466810722894787,0.4522537271418174,0.8610057471264366,0.794037356321839,0.34778048207134016,0.29242117818784097,-0.22044894390578745,-0.19207971751539166,-0.23930128182772298,-0.3333928739628292,-0.17628336097353786
127933,0.925,0.890625,844.875,1081.0,913.3783783783784,1213.7543859649122,0.034375,236.125,300.3760075865339,0.7525232361177089,-0.03156612625609,Low_Efficiency,0.3555948208375853,0.5112902615762517,0.1556954407386663,0.3390124937195339,0.5092199708426597,0.1702074771231256,0.7518366118747248,0.6552516522091861,-0.0965849596655387,0.933533818127182,0.7879219789504743,-0.1456118391767076,0.8481165644298849,0.8713743714737734,0.0232578070438884,0.920452213940439,0.8263671050253054,-0.0940851089151335,0.6804719074296774,1.028438426753596,0.3479665193239184,0.4519906334510207,0.5101264813695323,0.0581358479185116,0.9455470584183456,0.6922561123833715,-0.2532909460349741,1.247652339899063,0.8117110836516233,-0.4359412562474399,1.250079304144193,0.8343644319243877,-0.4157148722198054,0.4438355208860208,0.5082228166595371,0.0643872957735161,1.009998041161699,0.8538787361665762,-0.1561193049951227,1.315436605159482,0.8144999111934945,-0.5009366939659874,1.2008282327014888,0.5259423109088981,0.6198699219389976,0.9882521756221893,0.5305803504634911,0.4674417190671553,0.5071135059661079,0.4774674475157657,0.5218838133628116,0.7359841431855174,0.9816091954022989,0.5972810000552685,0.9850574712643678,1.1809265744049826,0.5355195322586654,0.5724032013895968,0.5269791696826108,-0.0246487718416538,0.6122151247219909,0.5134396034032979,0.6997017493609292,1.0707985464274312,0.5995854556656176,0.5519702473161863,0.7009631718787999,0.5105438328789969,0.596143495945907,0.9913793103448276,0.9927950211402234,0.6062717635845647,0.977801420350796,0.6545577525655999,0.5742406673923227,0.5784651519604423,1.2933580983291175,0.4640429639698071,0.5875405197924526,-0.0258231035262547,1.1078164037952454,0.4502914071861077,0.4715548073057391,0.6409566962556238,0.5847954061480682,0.6958816228046906,-0.0233257871923915,0.5303247061718634,0.5107164382347016,0.4813226036327636,0.4643980282254737,0.9887647689206188,0.6858229913708709,0.4398559760598116,0.7206423991561806,0.4561158230099706,0.8209684238199181,0.7296373814414121,1.1267167487140195,1.2206389118957206,0.0939221631817011,1.0833581997699941,0.9170258620689656,0.8742456896551725,0.5662989903678416,0.6108111016896819,-0.4416573889520833,-0.4062281548682551,0.38287400561717816,0.3695643674646977,0.43497126755402066
128026,0.975,0.90625,776.5,1139.4375,796.4102564102565,1257.3103448275865,0.0687499999999999,362.9375,460.9000884173298,0.6334237681942142,-0.4619659826454795,Low_Efficiency,0.0587426498572226,0.4415456369756864,0.3828029871184637,0.071187227524728,0.2307717767979956,0.1595845492732676,0.2798664607756942,0.6924331307929323,0.412566670017238,0.6636867460767757,0.833415731200586,0.1697289851238102,0.8798613856173882,1.0351713556127549,0.1553099699953667,0.5067885868600757,0.7131949852889347,0.206406398428859,1.0941790964139568,1.3070648952347472,0.2128857988207906,-0.0656577772390584,0.2725360138908186,0.338193791129877,1.5301448557239414,1.548163420474434,0.0180185647504926,0.9861238097428848,0.7431990716205176,-0.2429247381223671,0.7956734107018227,1.0928983891156714,0.2972249784138486,0.2963286998079862,0.7657937203306527,0.4694650205226665,1.2237791146486052,1.3347547958738866,0.1109756812252814,1.652872619854687,1.47889276286566,-0.1739798569890269,1.35460768696476,0.8067494196353149,0.8332705277485437,0.9950123480180952,0.66496751600714,0.8218761609673875,0.691977516746941,0.7947589850540144,0.8168608837147615,0.7271141055493233,0.9942528735632185,0.657392991715665,0.996551724137931,1.4080500711986272,0.7075302533188765,0.8172922256488715,0.6791574143026632,-0.0255221322898892,0.8491912380139119,0.7449644192855798,0.7665609386054205,1.2048261710530614,0.8185811486459318,0.7033121387925244,0.6873223658220821,0.7773928426317461,0.648111184808267,1.0,1.0,0.975065973808238,1.3813528133684274,0.9611335392817636,0.8612840608070954,0.6940882791773701,1.513810949523239,0.6352534903841051,0.7210132309354813,-0.0250488432830873,1.0052534917226883,0.6670932486287737,0.6169820947025155,0.773993827966857,0.8371119873655641,0.9359068267623164,-0.02727969348659,0.8100895437598243,0.8769528348490253,0.7876235669026469,0.6533714102424866,0.996690899564463,0.6823498558584545,0.6825983872063007,0.762878371202058,0.6380205344002071,0.7123983490261937,0.8921311204339484,1.3686143892926983,1.0158248753101553,-0.352789513982543,0.7422281550079125,0.975,0.9010416666666667,0.8279614570635642,0.6183795568717244,-0.774890010427664,-0.5782061093001877,0.17403298373603854,0.3092870436245296,0.01799249006603959
128127,0.9375,0.9375,631.25,887.875,673.3333333333334,947.0666666666668,0.0,256.625,273.7333333333333,0.7109671969590314,0.5073645419055991,High_Efficiency,0.0865621975830414,0.3600434947776028,0.2734812971945614,0.0395441109181938,0.1901107193483165,0.1505666084301226,1.0419697719358685,1.444705497646899,0.4027357257110306,0.4179556223882699,0.769034587284415,0.3510789648961451,1.425184880122761,1.769887006061333,0.3447021259385723,0.5075902083949402,1.2440348516111843,0.7364446432162444,0.9125607020188288,1.7333983429883075,0.8208376409694792,-0.7017853042703961,0.3458950971763267,1.047680401446723,0.7213233710707379,1.080805937062762,0.3594825659920242,0.9698236790190128,1.3119704800143297,0.3421468009953169,1.28019504868585,1.4420526919747338,0.1618576432888836,0.4340137531701883,0.4177680639269663,-0.016245689243222,1.2457587121210252,1.5722030211893363,0.3264443090683112,1.0759841559791306,1.0760238607702202,3.970479108955649e-05,1.232185237026496,0.4077643453609121,0.3623029398374087,0.962901632702276,0.4783951481262934,0.4927176777891294,0.5109661519017359,0.3488389395579184,0.3323590984360348,0.4472127069281546,0.9494252873563218,0.5946446958851872,0.9321839080459772,1.273887583771742,0.7071854823699528,0.4714994520327774,0.397320634054772,-0.0174311917012682,0.4900576489829413,0.6362418221938535,0.4383146670664418,1.5050610422395754,0.4680742278681908,0.5715783739005786,0.5824112400447647,0.5379002338320074,0.540411543610919,0.9344827586206896,0.9426223330036698,0.415716306931711,1.5297670710768176,0.3994104240647518,0.5396566769694823,0.7397878019870436,1.2350331972480857,0.3820124322851475,0.476028937596513,-0.0193640114242537,1.533199979476903,0.3574143909715319,0.3497418833362964,0.5617907497475885,0.5575981009378477,0.4516958247744269,-0.0281409734754057,0.5638557667271287,0.6509693042792016,0.3058853238456475,0.44719381708683,0.9509345775156094,0.66393537278769,0.5520367380536385,0.698506364415736,0.450335322008575,0.6754772077955323,1.0541381179880525,1.3879056188349777,0.889351304777806,-0.49855431405717165,0.6407861254558582,0.8760775862068966,0.8900862068965517,0.45942904592150746,0.6224394119884593,-0.3270365058355485,-0.42218936438303906,-0.18183601066908406,0.030794785863674713,0.44142432781129404
128329,0.8999999999999999,0.6875,800.125,1218.625,889.0277777777778,1772.5454545454545,0.2124999999999999,418.5,883.5176767676767,0.5015542904685382,-1.771343858811825,Low_Efficiency,-0.5015052511504956,-0.3921465549671659,0.1093586961833297,-1.0345317734224184,-0.946017206104108,0.0885145673183104,0.6921871148359239,0.2135810970255843,-0.4786060178103395,-0.3755138530177431,-0.6914768012682435,-0.3159629482505004,0.7532167226404527,0.4917880746675165,-0.2614286479729361,0.0557108538532207,-0.1513498020390212,-0.2070606558922419,1.0001438390070585,1.2918486585683735,0.2917048195613152,-0.7071335686563927,-0.547925587995645,0.1592079806607477,1.236949961356065,0.6116842416404491,-0.6252657197156162,0.4512323004460987,-0.0061493607871388,-0.4573816612332375,0.2198370421454293,0.0820975571870979,-0.1377394849583313,0.217975969489016,-0.0583687596271237,-0.2763447291161398,1.3259524919748251,0.5318194935843261,-0.794132998390499,0.6038380429044677,-0.4053487328120229,-1.0091867757164907,1.152221843887009,0.2369563544116315,0.2964585406553858,0.9229297801005472,0.3041135937397226,0.2899220393925596,0.3543053317835843,0.2466572777323652,0.2310213562086838,0.4535136790627077,0.8982758620689655,0.2637771141969474,0.9126436781609196,1.1365058323996302,0.3076435968621923,0.388434878208853,0.331276048192783,-0.0152660205926397,0.3226706489655597,0.4605904920857523,0.5010269229268961,1.1403895201877,0.2953406423765328,0.2959781533575099,0.3669162125504692,0.4256331272266985,0.2970638696991258,0.8971264367816092,0.914649420550856,0.3694166481412057,1.1250618549137297,0.4584862897748804,0.4079588782082003,0.1955674037438287,0.9534092147009248,0.1907544932732167,0.3823213096226489,-0.026955453482762,0.9834528210762788,0.2565084188780522,0.2896161141063527,0.4294077429347349,0.3983740656379401,0.3693638253975492,-0.0169433823364521,0.3446147559726081,0.4155747680793022,0.2165657437779869,0.2971044095427821,0.9328921773208178,0.3351033241436293,0.3120903400513982,0.4038862359384029,0.2891182271762427,0.2813114208861077,0.0017168797909199016,3.1992899466190807,400.2026239751345,397.0033340285154,125.09103756195015,0.8074137931034482,0.6175646551724138,0.2904035840690037,0.23038353534874514,-0.22199154995912868,-0.19876878118366686,-0.5220426314863668,1.9863856223466663,1.0654468701994415
128632,0.9375,0.8125,826.75,1238.6875,881.8666666666667,1524.5384615384614,0.125,411.9375,642.6717948717948,0.5784482903611013,-1.1787083241108358,Low_Efficiency,0.4601956928971361,0.142321422762795,-0.3178742701343411,0.3659607989344405,0.1400377132018507,-0.2259230857325898,1.4657901898105583,1.0994592617741947,-0.3663309280363638,0.9066490029798288,0.2926291677598179,-0.6140198352200109,0.5917967614537731,0.8692249708891903,0.2774282094354172,0.5040994188962749,0.6123123671988407,0.1082129483025658,0.0364126744911993,0.8293192117010397,0.7929065372098404,0.3686126271008773,0.6469593537174214,0.2783467266165441,0.921590014396798,0.8396195482625048,-0.0819704661342929,1.1557827309820103,0.9361188876230044,-0.2196638433590058,1.326377454519121,0.8335225219666281,-0.4928549325524928,0.7036242331974617,0.8708378765634395,0.1672136433659777,1.830923750680085,1.6362212520679391,-0.1947024986121456,1.285103684053459,0.9893215008544608,-0.2957821831989984,1.996505299784016,0.6312406960943332,0.7199876177495064,1.0,0.825571036975167,0.6772305808105736,0.817539795189814,0.5883826122089107,0.659627491216594,1.0879474710075452,1.0,1.0348887457170948,0.9988505747126436,1.820556241797588,0.8474598308367611,0.9001494673016833,0.7789038077239057,-0.0267486157910791,0.6734207332342727,1.2110669036034247,0.9026969449336254,1.6221829388895828,0.6600283075234905,1.0477392860376231,0.9289089340198194,0.9033481618299256,0.8320503700440132,0.9988505747126436,0.9988916256157636,0.7878154473079022,1.277539991555452,0.6029319072557684,0.7181329673562551,1.0119346409872143,1.7966181550722162,0.9671427032405542,0.8159418938761833,-0.02727969348659,1.84968511339282,0.7372863527979119,0.7629510779662276,1.0008344180304916,1.1479211534713625,0.8145814595117697,-0.027751341284308,0.9917152100288668,0.737254971426125,0.6126819714756908,0.9890302483057816,0.9988916256157636,1.1416725718320386,1.0711861573934758,1.249179911146744,1.011172664992146,0.8516370738852158,0.7669932183102234,1.1008197363970327,1.0593300191884512,-0.04148971720858152,0.9623092881186269,0.9364224137931034,0.8125,0.6313319374071306,0.9276089646135314,-0.5516086989458538,-0.8215777903061185,0.3604058610419626,-0.15549855566172344,-1.130028445711476
128935,0.9625,0.734375,877.75,832.125,911.948051948052,1133.106382978723,0.2281249999999999,-45.625,221.1583310306713,0.804821211535948,0.0023084053782193,Low_Efficiency,0.0702938873223156,-0.2402223493898287,-0.3105162367121444,0.5526837942728563,-0.1461940582457915,-0.6988778525186479,0.6901918879045235,0.4660617161769973,-0.2241301717275261,0.9695699499440248,0.2534509402220936,-0.7161190097219312,1.4272674480552128,1.4456545765784652,0.0183871285232524,0.73833638832692,0.2592512641960005,-0.4790851241309194,1.775521245531304,1.3710622203953198,-0.4044590251359844,0.6064526803202109,0.3786644957486061,-0.2277881845716048,1.2680995077918231,0.912806474528326,-0.3552930332634972,0.4254971521115748,0.366278465510146,-0.0592186866014287,1.332370436013222,0.8545180769585287,-0.4778523590546933,0.4153050676414727,-0.3682257893735575,-0.7835308570150302,2.055321208311198,0.9939023605688412,-1.0614188477423565,0.8482865092337274,-0.0483457864404369,-0.8966322956741642,1.074702373553008,0.3411919954301425,0.4962524604387922,0.966616851386516,0.4450938622170163,0.4177463608643075,0.4782967021415947,0.3354586923807673,0.4368315761225333,0.5770210332289892,0.9540229885057472,0.5304903041923172,0.9666666666666668,0.9633863476792244,0.5324031666844833,0.5608098207287175,0.5119638369392829,-0.0169865231855474,0.2973564962495821,0.6661117468646924,0.5091214244270201,1.0824091586410274,0.3344686815856125,0.4964746441694208,0.5076794178555009,0.5566488345256149,0.4988888876464029,0.9241379310344828,0.9500582314403946,0.5438032881191408,0.779669732599273,0.3462997180186121,0.3902508968371128,0.5526245543544106,0.8140569083735798,0.5186914804042171,0.558105343358566,-0.0203666866560107,1.2239275454052474,0.4523891028287171,0.4126440573833511,0.5264127162158936,0.7182659634493409,0.3597799973484656,-0.0263028033253204,0.5857386081763173,0.4667123489042513,0.3689841634083861,0.577837389567271,0.9743971336200088,0.5480515089228963,0.557655081135025,0.6235732756905945,0.4971603207923855,0.9410855116271704,0.464190186245265,1.022754006255817,1.5820528733864798,0.5592988671306629,1.5468541964689915,0.8894827586206897,0.7006106321839081,0.2862056276402228,0.402475326865252,-0.32287899141648857,-0.3651021105819081,-0.16331224714359222,-0.2615289141411724,-0.3237286207514802
129028,1.0,0.953125,881.1875,1122.625,881.1875,1177.8360655737704,0.046875,241.4375,296.6485655737704,0.7481410408083733,0.0257921903785562,High_Efficiency,0.3464374465159979,-0.2567060449353608,-0.6031434914513589,0.0754653348342396,-0.5481492780965466,-0.6236146129307862,1.1316494693810606,0.342091522247586,-0.7895579471334745,1.050728772982482,0.1750966907062312,-0.8756320822762507,1.577083241580279,0.9664198329031428,-0.6106634086771359,0.4228115789745112,-0.0598787862165136,-0.4826903651910249,1.140008456922502,1.0550552252126622,-0.0849532317098397,-0.1169609743546501,-0.3399084780240621,-0.2229475036694119,0.8557690539999603,0.2918545330029258,-0.5639145209970344,0.2000232146340637,-0.2718933817500027,-0.4719165963840664,1.3603389625516105,0.5479186167987694,-0.8124203457528412,0.7519272814339572,0.1950497553304552,-0.5568775261035019,1.8142096273536457,0.8956625167943125,-0.9185471105593332,1.498463617660423,0.2106400491993437,-1.2878235684610793,1.1468878174666974,0.4961239349992332,0.5920857929635341,0.9795897780704126,0.4220223836367743,0.5211715375190407,0.4457824537631755,0.4476839018466663,0.5233856288801133,0.5559003650745951,0.9741379310344828,0.4262211992213602,0.9683908045977012,1.193726836441223,0.6689471797495234,0.4726418432302602,0.419586469364905,-0.0155988614094933,0.5333985755146566,0.5058595338566316,0.5534320900008178,0.8189317718109526,0.5906766911749017,0.4002303894198222,0.5026347097166644,0.4877336127532284,0.483721660439031,0.992528735632184,0.9934066200517976,0.6741507972806372,0.7990778233803271,0.5897789393935626,0.7238083339434103,0.5157957029054405,1.2542152357102918,0.2703303144723372,0.491960633014408,-0.0203151545503285,0.8467052474404914,0.2870054476815348,0.3405108386878419,0.5729213053001265,0.46367229317153,0.5833280931477229,-0.024801714176641,0.470587423422332,0.552735264948335,0.5221677338288881,0.343929350623017,0.9770908588271272,0.4804284979865627,0.3972408970506572,0.6395341207680352,0.3613531891797668,0.864853934605006,0.22880376951235307,1.1562632760564833,4.16566928229414,3.009406006237657,3.6026965189147195,0.992528735632184,0.9284752155172414,0.5333985755146566,0.4579084121434425,-0.4476839018466663,-0.34441475843696523,0.5516364778231365,0.4959706617701638,0.6378972180333087
129129,0.775,0.828125,780.375,1011.4375,1006.9354838709676,1221.3584905660375,-0.0531249999999999,231.0625,214.4230066950701,0.8244389273490899,0.1792173415250027,High_Efficiency,-0.0629619217421919,0.1356660683108072,0.1986279900529992,-0.0632976514692378,-0.1237979654681166,-0.0605003139988787,0.0124194455943947,1.028587532414605,1.0161680868202103,0.3762511133081854,0.216013093578952,-0.1602380197292334,0.6042496368472332,0.8730796903028795,0.2688300534556462,0.2996426456577055,0.4595138354622253,0.1598711898045198,0.7238289732699128,1.5054381371778902,0.7816091639079774,-0.2376597920526177,-0.0103530202628105,0.2273067717898071,1.0061244776591658,0.6856826086304285,-0.3204418690287373,0.6244698297491177,0.4217846753041075,-0.2026851544450101,0.6868719976727191,0.7729487703718633,0.0860767726991441,0.373642271917537,0.4037984546003268,0.0301561826827898,0.8383764483808005,0.98728230727633,0.1489058588955293,1.0692175417070808,0.484155758211197,-0.5850617834958838,1.1601657048370564,0.3823259226802323,0.4304126005293043,0.9772894816598308,0.5350790222213,0.3084088090071292,0.563891168020229,0.2757993735448687,0.3398678275491146,0.6567884226997787,0.9683908045977012,0.5433511987994657,0.9942528735632185,1.1411351124819429,0.569684879192668,0.6627515466813216,0.5515775755948779,-0.0247642590720618,0.3709178865261111,0.6899785778287513,0.6550259537216925,1.3259541340422012,0.3696487129943746,0.5618213662623135,0.5555077096706195,0.6753842023003203,0.5258647699933842,0.9321839080459772,0.9480661678989056,0.5018543286094355,1.032415929398548,0.4987251265893647,0.3832303585450725,0.5154320501700854,0.8970980004026898,0.5015277603831616,0.5839708154350026,-0.0214667900453857,1.4165628647823514,0.5308243517577772,0.4604746485447971,0.6584807947110559,0.6051032589911685,0.4867121862110689,-0.0229676891046159,0.5779867770064594,0.4351235270029696,0.3096908876133556,0.5316778496516776,0.9947740212108028,0.5886963491917412,0.5249580412865795,0.6730504762836462,0.4868984685793793,0.4465125011785575,0.5599857104221918,1.7356698015948306,1.478829737540825,-0.2568400640540056,0.8520220171832091,0.7224425287356323,0.8019486350574713,0.2874613620577361,0.4875141641744107,-0.21374451449727327,-0.4032127942922985,-0.33573219620197886,0.06538318337606297,0.22377595590433033
129331,0.975,0.984375,669.4375,872.9375,686.6025641025641,886.7936507936508,-0.009375,203.5,200.19108669108675,0.7742529093302344,0.8096946290234195,High_Efficiency,0.2375452802129996,0.4264747070284348,0.1889294268154351,0.3482402942862958,0.0768596046513256,-0.2713806896349702,0.8644207714850478,0.9291646550596157,0.0647438835745677,1.0889687744878205,0.7332909784593349,-0.3556777960284856,1.2641718100124153,1.3382770117172906,0.0741052017048753,0.6709760718360793,0.4669712089119087,-0.2040048629241705,1.4520045018645753,2.0583934225372924,0.6063889206727172,0.0520653960084001,0.1075995654084729,0.0555341694000727,0.9283349424720524,0.7426522813243286,-0.1856826611477237,1.081636212439642,0.780847358676418,-0.3007888537632239,1.0006061906986985,1.0427021831259666,0.0420959924272681,0.5505788982406348,0.456524603738483,-0.0940542945021517,1.207048135772354,1.2510169204084565,0.0439687846361026,1.4871203944483629,1.036298041027848,-0.4508223534205148,0.5886994184457148,0.3967520376862934,0.3483366967751375,0.9233369494362308,0.3313253400950853,0.4539341104915037,0.4134478835527495,0.361793439799736,0.3744607542346956,0.3357531976446803,0.903448275862069,0.3302342309929222,0.9017241379310345,0.7850214401719695,0.387084552581298,0.4884432664276863,0.3436302410604769,-0.0064670169853642,0.4736344838615755,0.4560746564418005,0.3368793083113611,0.9568948261287966,0.4167899281192791,0.3486372276557529,0.4274160481185124,0.4749013416229323,0.3437841758298701,0.9270114942528735,0.9480544717588908,0.5703978552394594,1.179258461368408,0.4049869932230347,0.4252929467872748,0.3684017394455539,0.9190796128031145,0.2901795076664354,0.3218207977815084,-0.0260915894013107,0.8031954832635337,0.2920955607899546,0.2741519083035462,0.4105802630795985,0.3906837580580597,0.4994622893503558,-0.0154437170105753,0.3130481409715108,0.5756172694884196,0.3163480278325954,0.3122611015616955,0.9281995158186294,0.4493110543728424,0.3277059617179264,0.426900830797123,0.2787052148123701,0.8738369767332415,0.8176480387196554,1.1157674831722728,1.2039089552914026,0.08814147211912982,1.0789953054315848,0.9038362068965516,0.8893318965517242,0.4617936217650361,0.44229056914826675,-0.3527486038047426,-0.2743504458309268,-0.16627974267246795,-0.2906152397611822,0.28151351825254917
129634,0.9625,0.84375,856.3125,975.0625,889.6753246753248,1155.6296296296296,0.1187499999999999,118.75,265.9543049543048,0.7698619885338687,0.0284103919602098,High_Efficiency,-0.4230728346583506,-0.4424486404038463,-0.0193758057454957,-0.5944463365430541,-0.8334704789707906,-0.2390241424277365,-0.6029911451717275,-0.4318325010377463,0.1711586441339811,-0.0986012354299859,-0.7440945216774627,-0.6454932862474767,-0.3974216128303223,0.3611446936978614,0.7585663065281837,-0.4835267188348032,-0.1670726192679291,0.316454099566874,-0.5796479540765299,0.570801447028347,1.150449401104877,-0.7094090372901805,-0.7085904928250456,0.0008185444651348,-0.4410935195742613,0.1757596179247755,0.6168531374990368,-0.4565872261238016,0.0425761617795216,0.4991633879033232,-0.313290487298274,-0.3168088213824422,-0.0035183340841681,0.1182810291325004,0.0287855917378308,-0.0894954373946695,0.479576371282343,0.07667308204976,-0.4029032892325829,0.1453825681621326,-0.4955545338689744,-0.6409371020311071,1.1310607760003433,0.9055535084755508,0.8543406465206764,0.9857676624816084,0.7598643005430381,0.8188355625615737,0.6770137165302601,0.8584280836149509,0.8419350835038744,0.6779644278198196,0.9816091954022989,0.5747056538846456,0.9919540229885058,1.3636673883205144,0.734747258119109,0.7825767793368352,0.650295296829267,-0.0246966869462482,0.9952207737756176,0.646127946079774,0.9049633170600097,1.2425096759851992,0.9174096083392602,0.5567345647730908,0.8809602147469242,0.7878365594831892,0.806742408378904,0.9902298850574712,0.9949967018932536,0.9402856100842312,1.3574695165920738,1.1329499966436969,0.8398069226351854,0.487125609404011,1.4301948268803093,0.4586744733868589,0.6698774752796794,-0.0261084947088807,1.067206598089492,0.6091349310899227,0.6641476460842793,0.9468628913369408,0.6583886164920483,1.028585106184446,-0.0254041149605977,0.4854971606743774,1.006414066799469,0.7484336173523586,0.4857297617331563,0.9930158012023328,0.6231054061300725,0.5539291748546963,0.7473326907727409,0.5491853121183139,-0.31120343851816523,-0.20600942965829575,3.0928222122507365,4.095666425236366,1.0028442129856292,1.3242484759598758,0.953096264367816,0.8282327586206897,0.957899994759032,0.5257451864222487,-0.8262370304793903,-0.4633751070998273,0.02672610330831544,0.19135058486780765,0.26077296491262675
130013,0.975,0.875,692.5625,876.375,710.3205128205128,1001.5714285714286,0.0999999999999999,183.8125,291.25091575091574,0.7092060461765212,0.2119840976628655,High_Efficiency,-0.0325752408205049,0.0064983884911382,0.0390736293116431,-0.0799314020957056,-0.4588511361107261,-0.3789197340150204,0.3949622898606362,0.1611373472110291,-0.2338249426496071,0.1304936206952489,-1.1104716768201388,-1.2409652975153878,0.833189599948774,0.7013799270259957,-0.1318096729227781,0.0170714529130755,0.0206372470108347,0.0035657940977592,1.1147925252292112,1.0106320626677308,-0.1041604625614803,0.1341050395621056,0.2391080874836409,0.1050030479215353,1.0709710469773746,0.500334236140738,-0.5706368108366366,1.0026332735857608,0.7483139455594437,-0.2543193280263171,0.4678426971883186,0.2829630433689378,-0.1848796538193807,0.4080448502467838,-0.1844576685065508,-0.5925025187533346,1.1168019640065283,0.9366952254768846,-0.1801067385296438,0.926587431185172,0.2357708824007375,-0.6908165487844344,0.886346270100975,0.3441548160162683,0.4345614844736917,0.9255236653492408,0.3416093629312415,0.3152142072285043,0.3582908159256474,0.2639771996778068,0.3127407808433832,0.3763223806293412,0.9132183908045975,0.3248389450628068,0.9201149425287356,1.1022510476865683,0.3431651964487637,0.3436913299722073,0.3406866303566439,-0.0166181655981764,0.4354104347997355,0.4089871294945095,0.4283980203181465,0.7911712571146284,0.372481442980165,0.3326662635758987,0.3722388789057144,0.3980472038881026,0.3597961925369998,0.9063218390804596,0.9241595150248836,0.4340094140522665,0.6541168508461626,0.4282864123353536,0.2965534518093911,0.2638532352632448,1.1896420796945586,0.3340935584591168,0.4736328806362564,-0.0178528265992135,0.8079968434761775,0.3787995371890362,0.2767825404778123,0.3796705954371039,0.3246761595681806,0.4742284030167881,-0.0198863527486674,0.4632280190947344,0.298473561316541,0.303285738643154,0.2993106853515087,0.9397803275506496,0.3347184311238301,0.3228767867788303,0.2915909227977903,0.2703477683819334,0.5360706534630556,0.22069213652854963,1.8187867120028458,3.964781205992815,2.1459944939899693,2.179903228852808,0.8836637931034481,0.7990660919540229,0.4245251739297421,0.29287862723335134,-0.2573777696858616,-0.23655429733419175,-0.331765473683794,-0.35418783214199434,-0.27249189448879363
130316,0.975,0.84375,563.0625,901.75,577.5,1068.7407407407406,0.1312499999999999,338.6875,491.2407407407407,0.5403555586359856,-0.3445838568900508,Low_Efficiency,0.2414041847789926,-0.3000985693654471,-0.5415027541444397,-0.3735424711257613,-0.5772945682326558,-0.2037520971068945,0.320508905968194,-0.3018215748752864,-0.6223304808434804,-0.1383175293155513,-0.8194833574090484,-0.6811658280934971,0.9266017007495186,0.5416975911245382,-0.3849041096249804,0.1734163871320979,0.109651615529141,-0.0637647716029568,1.2546139099134503,0.687164979732357,-0.5674489301810934,-0.6339675378703076,0.0794922162506507,0.7134597541209582,1.3366235483420987,0.6544671449361761,-0.6821564034059227,0.4585562732619078,0.2938054444432952,-0.1647508288186125,0.8351504962141736,0.6427515136169725,-0.1923989825972011,0.2420887467608292,0.4128034752518263,0.1707147284909971,1.3918634382898492,0.7716361496353183,-0.6202272886545308,0.868181690144077,0.1752458699640259,-0.6929358201800511,1.3457391068610915,0.6406600158744016,0.650696195807251,1.0,0.5761479005848459,0.713744747249125,0.7332885774910611,0.6600099419330134,0.6406243830045575,0.9130137721368268,1.0,0.7412039872154694,0.9936781609195402,1.3684039127949206,0.7648704082954931,0.7868090492382442,0.6144911871220815,-0.0284652101957236,0.7637277723467224,0.9819363751396064,0.7632949758123391,1.3613723712017205,0.7153216604424892,0.6790476309459595,0.7276312417847106,0.8276401347699471,0.6856135422149546,0.999425287356322,0.999425287356322,0.7790956855468871,1.5508222779155674,0.7797538399905999,0.8463283972320658,0.777886496484662,1.4273506072460704,0.7454155826585027,0.5553200945682244,-0.02727969348659,1.3683595836833324,0.6202341803973556,0.5897135051741311,0.5828280693428327,0.8786588994601923,0.6408735784082212,-0.0270147856886963,0.6366253396217609,0.8297026307275551,0.6223947921445658,0.7071751279353886,0.9945356686735998,0.8113727412102908,0.8380298686941672,0.7902567963238718,0.7297993106846372,0.4930844102316834,0.16928699504299027,1.9773450598383797,4.984110065133276,3.006765005294896,2.520605859725261,0.9744396551724139,0.84375,0.7446345780380543,0.6845957503961828,-0.6435096933846881,-0.6157681683901627,0.356763844828186,0.2230680440639937,0.0039207596826622
130417,0.9375,0.796875,749.125,932.1875,799.0666666666667,1169.8039215686274,0.140625,183.0625,370.7372549019607,0.68307743881998,-0.2301220296423256,Low_Efficiency,-0.2944183443831303,-0.2336226181064264,0.0607957262767038,-0.2744526374768904,0.0669090794394898,0.3413617169163802,0.5243079986587444,0.247250820226348,-0.2770571784323963,0.3520225441549542,-0.3412112605072318,-0.693233804662186,0.5535297641773826,0.4119435146708148,-0.1415862495065678,0.2391141040350647,0.0086871050580322,-0.2304269989770325,1.243029894548912,0.4420866711661422,-0.8009432233827698,-0.3076608276495159,-0.4876947015873698,-0.1800338739378539,0.8134271709929859,0.0695179478312856,-0.7439092231617003,0.8067230139173898,-0.1356020913050438,-0.9423251052224336,0.1376602965456999,0.3781818219078751,0.2405215253621752,0.2245984637224095,0.3308605885708563,0.1062621248484467,1.3769706836199926,0.9795146741378116,-0.3974560094821812,1.0993062643308442,0.3150964398823714,-0.7842098244484728,1.1088170073087975,0.1844182662014124,0.1759481328861268,0.9195261028431542,0.2390931499776867,0.2312739535097571,0.3011140908127098,0.1276866419806862,0.1808651839379011,0.3271616152805177,0.9045977011494252,0.2966759109261903,0.8741379310344828,1.1713308031311245,0.2852406999786527,0.2513283399663869,0.2502074811985316,-0.0145098941357573,0.243220922342466,0.32967986544224,0.3358993927509676,1.0191763300393957,0.2022956371968229,0.2979555683326075,0.2869979551774208,0.2707280427886688,0.2581472878483022,0.8275862068965517,0.8580443595466085,0.2374119632917767,0.8502102646186078,0.2717579720921599,0.2631886418068638,0.3176611047104325,1.18763646640641,0.2885746863019196,0.2478658483134924,-0.0188218209556411,1.0662016217100512,0.2198176278371931,0.1915673312305706,0.3706936844497348,0.3424749486117495,0.323876238440926,-0.0279593721144967,0.3356435018862554,0.1996245162946021,0.2194476337814631,0.2873405994745837,0.8919210427015257,0.3065485882280004,0.3368291002593037,0.4044270698212155,0.2678713893959231,0.46386845637106017,0.14656557081321106,2.0210427462377942,5.4369492004801145,3.4159064542423203,2.6901689835269935,0.7758620689655172,0.7208512931034482,0.22801961469606188,0.24428090624418783,-0.1197062268568933,-0.21346001342487622,-1.235717217868276,-0.5763891677913028,-0.9003411097911838
130518,0.9125,0.78125,697.5625,823.1875,764.4520547945206,1053.68,0.1312499999999999,125.625,289.2279452054795,0.7255068472349485,0.0706770397447716,High_Efficiency,0.4393898941982964,0.3628762717617238,-0.0765136224365725,-0.4213416484381312,0.338343785033371,0.7596854334715023,1.048603225403714,0.9177546004844775,-0.1308486249192362,0.795905076806877,0.7922218068708206,-0.0036832699360564,1.3445885316478297,1.116206013408353,-0.2283825182394769,0.2402706464683013,0.3315040462005332,0.0912333997322319,0.0037016971850415,1.7132741069482955,1.709572409763254,0.1755140339588848,0.8113658742773551,0.6358518403184703,1.192874028556507,1.1356566938562545,-0.0572173347002524,1.0364397763570803,1.070618218415292,0.0341784420582117,0.55183156711901,0.9713356380394658,0.4195040709204557,0.150719181053798,0.6381690744221029,0.4874498933683048,1.2533934663635908,1.2041571756913858,-0.049236290672205,1.437647991052154,1.2921899565582702,-0.1454580344938838,1.102487977061485,0.4874152584879197,0.5646808442452662,0.9680909853187922,0.520227830620078,0.4701165723998985,0.4235895780940574,0.4789623361953515,0.5221442372679581,0.578411865944199,0.9551724137931036,0.5182143070172842,0.9488505747126436,1.0615899146096726,0.5959192724142963,0.5013392231525915,0.4663027958233947,-0.0291099363623613,0.4735772844904157,0.6288913118484698,0.5923590688975308,1.7097802760477123,0.4986371131793597,0.5563328045350795,0.5378519427991686,0.5681950753903371,0.5371796232726014,0.9666666666666668,0.9771792689199976,0.6379735626986076,1.0846344599130189,0.5199260221015469,0.5714057921874964,0.6232482722777235,1.2779159075431652,0.4004267479181208,0.5304032273971603,-0.0225587797698945,1.747557805805992,0.4262452421439945,0.449004657684419,0.5464896950698422,0.5333528709217591,0.588228787008741,-0.026678335090399,0.5744041135709728,0.4123879506586501,0.4921787637069731,0.4695432377157468,0.9679737986626944,0.5453065705535929,0.4448474272262702,0.5478666789562388,0.4790542515821958,0.6606812476952111,0.9068338044262643,1.3811480529153835,0.8615130299220053,-0.5196350229933782,0.6237654278540683,0.8820833333333334,0.7462284482758622,0.4321392720975043,0.4260207582449944,-0.4370531317782582,-0.37426113404859046,0.08607344570180156,-0.16015883384110188,-0.14322139316525132
130619,0.9125,0.984375,645.9375,877.8125,707.8767123287671,891.7460317460317,-0.071875,231.875,183.8693194172646,0.7938097699663996,0.9224795702737146,High_Efficiency,-0.2817391424704654,0.1299770221251396,0.411716164595605,-0.8887405701451822,-0.354167397709799,0.534573172435383,0.2664381834660324,0.5828639783057284,0.3164257948396961,0.0363527242740179,-0.2570673752797724,-0.2934200995537904,0.147611208799483,0.6567752847294438,0.5091640759299607,-0.1002414135608113,0.0435214092102974,0.1437628227711087,0.1423915567341539,0.6839488961125041,0.5415573393783502,-0.4042582802200496,-0.3997127754762067,0.0045455047438429,0.4054674233175333,0.6814787994391228,0.2760113761215894,0.1857537440325877,0.2711533212038938,0.085399577171306,0.3659542082776505,0.9179575837909356,0.5520033755132852,0.1824736308426616,0.3674043866078544,0.1849307557651928,0.8763580800065334,1.0422414399999431,0.1658833599934098,0.6273519356014415,0.4237147305663772,-0.2036372050350642,1.0275541900042189,0.7165780084803361,0.7381817187357063,0.9942903382964604,0.5820844930505819,0.8364794905572637,0.702781551799349,0.7117865700573454,0.6980166679615764,0.5589578230618584,0.9936781609195402,0.5544321164451543,0.9896551724137932,1.4217881247907938,0.6785992256697129,0.8203943070362074,0.5701317597024032,-0.0269256210015861,0.8055079373315586,0.5569511634123132,0.7368107881854749,1.3279582126337846,0.7736175595284512,0.4756793467274087,0.6920714019210081,0.7416339515355549,0.6056516118383757,0.9936781609195402,0.9944288655890356,0.9821889647618256,1.48347611074691,0.8439599768904216,0.8090266902782612,0.5849428955688751,1.6615950584959234,0.5005946559228457,0.577552133447721,-0.0259835852895889,0.9048625499962284,0.5378838921707761,0.5849651180125133,0.7576974656705191,0.6060488687808196,0.8045487557950299,-0.0271344177650109,0.4718563108783131,0.8711275853514059,0.6959949225090168,0.482256037560141,0.9906140510839412,0.540466220984992,0.5466591694572824,0.6363430048242402,0.4845598055059739,0.11151237778254189,0.3421492359732473,8.182874720012808,2.877025635244537,-5.305849084768271,0.35159102174901835,0.9067313218390805,0.9781519396551723,0.7350259928150472,0.5320214362821015,-0.6495052451773277,-0.47698855854494304,0.3267941865437067,0.6255932499465564,1.5116548793378435
130720,0.9,0.859375,860.5,1037.4375,956.1111111111112,1207.2,0.040625,176.9375,251.08888888888896,0.7920072159634783,0.0647153966466875,High_Efficiency,-0.9640759451498556,-0.8926787860005522,0.0713971591493035,-0.943654539017918,-0.9809802380728296,-0.0373256990549116,-0.4585409683716798,-0.4932960395409703,-0.0347550711692905,-0.5121830495344393,-0.7550878458779124,-0.2429047963434732,-0.2936073275617317,-0.2551127272893394,0.0384946002723922,-0.2881806032323192,-0.5358639055047077,-0.2476833022723885,-0.1070362904186532,0.0270742742353575,0.1341105646540107,-0.6147368083457384,-0.8962069401580508,-0.2814701318123125,-0.3302102502070467,-0.164033708163655,0.1661765420433916,-0.1574568129674624,-0.6536719088676555,-0.4962150959001931,-0.6908255277529058,-0.6425366853930006,0.0482888423599052,-0.2615496093562263,-0.3026927295872269,-0.0411431202310005,-0.138469317516424,-0.1229137634165554,0.0155555540998685,0.0080106276768589,-0.0199669994366344,-0.0279776271134934,1.4179008794095012,0.8144970242602751,0.7963465234438772,0.9927221309979932,0.925792097678538,0.6879937287227159,0.7493879202742455,0.7533279367284242,0.7159990218683951,0.9778066227002996,0.9890804597701148,0.930269468977566,0.9977011494252874,1.3328437018017132,1.0929964162377677,0.8477889251740198,0.7985540701849516,-0.0268449866811721,0.9097789909019997,0.8853035863949292,0.9381791749149522,1.5253225993226294,0.9088129867394432,0.8864796596147715,1.0289489413512252,0.802444228722691,1.0121997988444127,0.9867816091954024,0.9889305912404364,0.764472101779795,1.2682761842576582,0.8503797085899132,0.997440782389382,1.0188708832277675,1.211111141218077,0.8580969857025411,0.918424158607702,-0.0310171696907802,1.7470153981876717,0.8219408903464436,0.8344588161262814,0.990392654738836,0.8869950005030698,0.8736167670530186,-0.0268951017154884,0.947002523243368,0.6937964618287319,0.7328092388878428,0.8513465493692582,0.9978653530377668,0.9380921383632548,0.8387014552281498,0.9333362062341144,0.8478420810240946,-0.41089403012539577,-0.4777120002195523,2.190340437374822,1.7989357618591908,-0.3914046755156313,0.8213038073257014,0.8881034482758622,0.8499910201149424,0.8188010918117997,0.806172931405922,-0.6779951430555818,-0.7286142883800814,-0.007652067295319309,-0.04895478665363413,-0.009526136466813745
130821,0.7375,0.6875,922.125,917.125,1250.3389830508474,1334.0,0.05,-5.0,83.66101694915255,0.93728559449089,0.1465394969097579,High_Efficiency,0.3925347013547904,-0.3405133256377903,-0.7330480269925808,-0.0511858733790991,-0.4409122032158898,-0.3897263298367907,1.260338172026913,0.7755458602573169,-0.4847923117695958,0.7263326099812041,0.6838365691710608,-0.0424960408101431,1.1383553045749464,0.8919827642290741,-0.2463725403458721,0.9529301678419032,0.4629826412488708,-0.4899475265930322,0.6842962684298454,0.8528467809415625,0.1685505125117171,-0.1053403907070668,0.6558258940955214,0.7611662848025882,1.57011990338787,0.3721876395045557,-1.197932263883314,1.0582835612911832,0.4704437551734417,-0.5878398061177413,1.244593666843405,0.84883529485254,-0.3957583719908653,0.3704369569304208,-0.1257839383971516,-0.4962208953275724,1.9818570075422004,0.7619172622553088,-1.219939745286892,1.650770038663355,0.2987787859456517,-1.3519912527177034,1.0259440213903597,0.3480724089567987,0.3680716421754551,0.9591423253420256,0.5276736192210871,0.5085560689176198,0.6015609372997582,0.3383531321694906,0.3468318115560947,0.3514637792874653,0.939080459770115,0.6167937991337267,0.9637931034482758,1.2301389170597117,0.7421271441226792,0.6135232288580235,0.459059244715007,-0.0229189418720894,0.3705416049099909,0.563794030457646,0.4836350393408263,1.8803236423272105,0.3029295749740311,0.5649907117402098,0.6326963674219188,0.6080805950543313,0.5407715791083517,0.921264367816092,0.9395552232067788,0.5789227303391498,1.5030725504609743,0.4343195708166185,0.4480506049189743,0.7677247158653029,1.084408841564129,0.330780307730822,0.5033403374880108,-0.0130646206092887,1.4889329303919616,0.3777114496749503,0.4661835026678244,0.5720811797190355,0.4965375884045129,0.4008904515988171,-0.0174179969192877,0.5202664914382402,0.6373591062955846,0.3137512847223166,0.3763105240860256,0.9743456920460294,0.6552453859318057,0.5044144262594688,0.5765197520883141,0.3698147934973708,0.9195944353415623,0.4405695557445766,0.8019831021954484,1.560476502652579,0.7584934004571307,1.945769870475913,0.6794324712643679,0.6456178160919541,0.2732744336211183,0.45048120282811643,-0.24953543497499933,-0.2542476705294424,-0.6196401380667543,-0.3669936759797257,-0.34042742013151
130922,0.9375,0.9375,579.0,1190.9375,617.6,1270.3333333333333,0.0,611.9375,652.7333333333332,0.4861716085017056,-0.7948705395441347,Low_Efficiency,1.280534552877854,1.2946261216809,0.0140915688030458,0.8566434670927168,0.6322483465544462,-0.2243951205382706,1.7747130788184653,2.017037698677566,0.2423246198591009,1.8041376722115752,2.232019041622474,0.4278813694108989,1.3485622811936788,1.998669239619237,0.6501069584255581,0.9166365991977397,1.4406444020614786,0.5240078028637389,1.0219666223456003,1.6761299536667882,0.6541633313211875,0.7838365190962099,0.669685976852931,-0.1141505422432789,1.0475540229334863,1.3733425954965708,0.3257885725630846,1.0249620497711138,1.024880742056371,-8.130771474285092e-05,1.435377199810839,1.419769621717528,-0.0156075780933113,0.8365050140600014,0.8535091189229712,0.0170041048629697,1.477838823149051,1.5559499421577483,0.0781111190086978,2.01428956468437,1.503891694157168,-0.5103978705272022,1.559092036439884,0.6341509864522845,0.6643692301883414,0.9832570564517552,0.5828616601255014,0.566623479736694,0.5254247113906001,0.5825606800504435,0.5621159914390473,0.5940588722585389,0.9793103448275862,0.5633474929542175,0.982183908045977,1.5872404112382132,0.5489247955265011,0.6213843024562014,0.4973071462312045,-0.024005469934016,0.7135535123455801,0.6547780443760408,0.5734115469708261,1.1641500551371902,0.6579172831825717,0.5759700048526614,0.6513250987212087,0.5709927220122881,0.601779102442108,0.9775862068965516,0.9811224155561986,0.6633205393838746,1.1708368282268329,0.6663421959698952,0.631952015955151,0.4953146129263905,1.6544298344793391,0.4623920680206007,0.604152739840363,-0.0257521476267339,1.227933530791872,0.4635967974047585,0.4960779446080519,0.6947417848248928,0.6153788027193898,0.7349141578727114,-0.0265036489063395,0.6291656867342033,0.6680989306233243,0.5400926654646815,0.5009546330218666,0.9853493538280776,0.5785555097408931,0.5053342832949546,0.6577233785973293,0.4972440028962689,1.2588255333744789,1.40660032108887,0.7447412134592417,0.6665001560458282,-0.07824105741341347,0.8949407513104592,0.9164870689655171,0.918103448275862,0.6689564178239813,0.5423957903820873,-0.5461506375472908,-0.4661662527152521,0.08284284233076791,0.33542394486371013,-0.21395628492532276
131217,0.9875,0.90625,634.1875,892.875,642.2151898734177,985.2413793103448,0.08125,258.6875,343.0261894369272,0.6518353810138986,0.1673824462370736,High_Efficiency,-0.0487604291324658,0.139391947643144,0.1881523767756098,-0.2842120005795491,-0.3153237687793837,-0.0311117681998344,0.608839955073425,0.4741549678853998,-0.1346849871880252,0.2701704946081069,-0.0399084756871011,-0.3100789702952081,0.7878830818962472,1.0278818176837017,0.239998735787454,0.5021144262708322,0.2717260761438889,-0.2303883501269433,1.1001431403246893,1.1071353787846372,0.0069922384599478,0.1726869376187562,-0.3026365699091707,-0.4753235075279269,0.6847505995745382,0.7167666002660813,0.0320160006915432,0.7734095145582089,0.612489832240898,-0.1609196823173108,0.7325158802368943,0.8216466703874924,0.089130790150598,0.5236083435271149,0.4877990194750271,-0.0358093240520878,0.988653998182388,1.0692969867444626,0.0806429885620746,1.15939819662516,0.5334882333722036,-0.6259099632529564,1.2966247049199895,0.4032249954412373,0.4493364739120593,0.9628771796286616,0.4727048294602957,0.4455623907394597,0.4761187750871391,0.3582493379733865,0.4551177444228094,0.553575677200988,0.9545977011494252,0.3735266606018138,0.9683908045977012,1.2254959830568537,0.3150518194642229,0.5670238429218042,0.4788805002015994,-0.0219381746665483,0.4264110746230349,0.5236866133826847,0.4847672307808295,1.0081122407013967,0.3710068971139647,0.4428693559881073,0.4901953924160496,0.4465027080622276,0.3980855619471632,0.964942528735632,0.972156358772608,0.5783411224185652,0.927565127378218,0.4405712581620933,0.2840326372110558,0.2503532803732481,1.138685586301297,0.3431812394046908,0.5398281107334861,-0.022998857309738,1.1793287555682292,0.3809699702090891,0.350943634534508,0.54168885808605,0.6303810834020472,0.4505860314439913,-0.0260065234519244,0.4925470023209888,0.4830897009600906,0.374974258825076,0.4596897030767189,0.9760270838167516,0.4371289613888246,0.4475503504186352,0.5745038892771152,0.3913166671296022,0.5693715813417389,0.47170776544652,1.7343652159591785,1.9212066138778296,0.18684139791865118,1.1077283426068816,0.9528807471264367,0.8651041666666666,0.421080936190247,0.3961481212586223,-0.3537712212487192,-0.354630729586202,0.3188975471092263,0.10201440635101156,0.2599735433841797
131419,0.7375,0.875,1141.5625,1118.5,1547.8813559322034,1278.2857142857142,-0.1374999999999999,-23.0625,-269.5956416464892,1.2109040558253714,0.9085927498524502,High_Efficiency,-0.149325698022518,0.1145827501208517,0.2639084481433698,-0.5820551520888886,-0.2909777085238191,0.2910774435650695,0.3515093522279617,0.564406181420832,0.2128968291928702,0.2642963937682167,0.1758407751229793,-0.0884556186452374,0.2534917360847541,0.5604834121093017,0.3069916760245476,-0.079027903705916,0.1788614998515986,0.2578894035575146,0.7046500337906886,0.8728495082007314,0.1681994744100428,-0.061955020262712,0.024986265793424,0.0869412860561361,1.0807826443378663,0.7296458564604176,-0.3511367878774489,0.7969496466936119,0.7052017897919506,-0.0917478569016612,0.4704113464465068,0.3759602930556802,-0.0944510533908266,0.145263752492914,0.2107979085368932,0.0655341560439791,0.5343266482558606,0.5222240196301137,-0.0121026286257469,0.2674258354334348,0.1321578462927281,-0.1352679891407067,1.034888713195704,0.2968262309410455,0.2988483856298169,0.98040620682,0.4422489148584867,0.2405224210659574,0.3119657247002231,0.2087656951838151,0.2543929111222431,0.651344044545875,0.9637931034482758,0.5290069649347001,0.942528735632184,1.1046469118272215,0.4293433000473802,0.4887229455183914,0.3699774860742697,-0.0294059827404566,0.3206638140554033,0.4236698598744773,0.6587317267658395,1.2639754462977102,0.3063355022039031,0.5431911109422263,0.5492331673379173,0.413434749623573,0.4227416099520636,0.8913793103448275,0.9186093817776804,0.3825141579200312,0.8639993746071848,0.3899534282076931,0.3558773705039834,0.497222261103706,1.0308447571528212,0.3912417360824809,0.45132062058212,-0.0332947892648211,1.288435763675647,0.3542638181752365,0.3091245090688347,0.5551688305289962,0.5021265416938032,0.3426982507733976,-0.0184441168512498,0.5517485903952322,0.3256605911023027,0.2665352411423305,0.414990331550699,0.9571270710110482,0.5830493109210088,0.3182986796143626,0.6476288719063223,0.367908621029934,0.28548168681798436,0.34835859984740597,2.5833440487065653,2.5117723191302366,-0.07157172957632874,0.9722945529045127,0.6573922413793103,0.8433189655172414,0.23648956286585993,0.5101681470558826,-0.15396470019806366,-0.32192004340119224,-0.7848546825132958,0.273050168785073,1.0617611146849852
131722,0.95,0.890625,777.5,927.6875,818.421052631579,1041.6140350877192,0.0593749999999999,150.1875,223.19298245614027,0.7857239102607291,0.3545747918134088,High_Efficiency,0.3526723061974502,0.5412361509321091,0.1885638447346588,0.4180721495317964,0.2488829725385289,-0.1691891769932674,1.1594640812663088,1.0125886828378614,-0.1468753984284475,1.2976598188805315,0.839498731188335,-0.4581610876921966,1.0626228576307102,0.9971859998984344,-0.0654368577322758,0.8488764955833179,0.6800985035264728,-0.1687779920568449,1.0441400463341983,1.1476034727390303,0.1034634264048319,-0.0201662061977863,0.2351455474068447,0.2553117536046311,1.1100465448337038,0.8639477087778304,-0.2460988360558732,1.252302993565222,0.8119918986271735,-0.4403110949380486,1.4765444242850942,1.4063401536308675,-0.0702042706542266,0.8397674299892453,0.549462359239524,-0.2903050707497212,2.1469669626909527,1.260000418542923,-0.8869665441480298,1.5181676300343652,1.0292799971869688,-0.4888876328473964,1.1217036003279008,0.4613840775319927,0.4046778164335157,0.9301661064710344,0.3420696128228448,0.5024683315407455,0.4455432483783205,0.4096883609888908,0.4200549798335615,0.278547074712617,0.9120689655172414,0.4065370023527517,0.9109195402298852,1.2001629249983277,0.3944414000230586,0.5527459110200246,0.33530873454203,-0.0069382973012907,0.4933947780903321,0.5081369893671402,0.3091137597168291,1.1549562953312582,0.5073956734963997,0.3828883278096151,0.3817747769501912,0.5338793803866327,0.4134620328556753,0.953448275862069,0.9640945266378615,0.7135652166348867,1.0398922203501677,0.4868440064286238,0.483322498007026,0.3932257551826189,1.3306635285156356,0.2852658635119714,0.3285014517962876,-0.0188962096875485,1.1398355933538489,0.2821781916410439,0.2770237495466394,0.4443740548110093,0.5326442471337121,0.6040532928246116,-0.0221535326643941,0.3628312048156243,0.5266435143032104,0.41200077292195,0.3463984716920351,0.927348338998433,0.3691394153882504,0.4152742221836694,0.4513167430152272,0.3281739678740253,1.0362241096160794,0.8302330426480645,0.9167892103598747,1.0727396785119965,0.15595046815212177,1.170103766804955,0.9057758620689655,0.8123114224137931,0.4687250391858155,0.3287647918301605,-0.3892039429394462,-0.2922799401378038,0.029981572734858943,-0.3949645850188451,-0.20996749809301996
131823,0.95,0.890625,838.9375,1178.625,883.0921052631579,1323.3684210526317,0.0593749999999999,339.6875,440.27631578947376,0.6673063156220171,-0.5006477567041543,Low_Efficiency,-0.0488655758898317,-0.1341912711828271,-0.0853256952929954,-0.3104454836866231,-0.4029664404373861,-0.0925209567507629,0.4348546540126589,0.546535174861324,0.111680520848665,0.1650448559269802,0.2470961776300361,0.0820513217030559,0.9827353782069884,0.9908515115657818,0.0081161333587934,0.3239289330705223,0.1754744887328647,-0.1484544443376576,0.8939883922985357,1.4859092437569863,0.5919208514584506,0.0550558425105945,0.2751657877770401,0.2201099452664455,0.8423300863271481,0.8874630723615893,0.0451329860344411,0.561773954037753,0.6589892969416554,0.0972153429039024,0.9216918250593892,0.9514862418082296,0.0297944167488402,0.1729795948590457,0.4742750001319027,0.301295405272857,1.4974344388564715,1.2295549685571436,-0.267879470299328,1.151391991002373,0.7442630682120244,-0.4071289227903488,1.3565100545972455,0.389635780981369,0.502478239288257,0.9924305070195876,0.4881709614074997,0.4383825463838816,0.3984858111791164,0.3233730735273246,0.4094408679524834,0.5511332354715959,0.9919540229885058,0.5034437662915401,0.9557471264367816,1.1977270366630206,0.6744710024184062,0.4888914399352799,0.4259715683016081,-0.0235247897954342,0.4759742053779645,0.5583359910395965,0.5546746042187821,0.9393013008811202,0.4300899457782505,0.5639026144299861,0.5647970758886898,0.4133299583068182,0.4965907842275614,0.945977011494253,0.9573027784523748,0.5557593367980469,0.8265820036440312,0.4383681667576606,0.6419682752399795,0.67769700276998,1.0383440034985043,0.4683734180973823,0.5911468287825487,-0.026436419807952,0.9910459803793888,0.3553562177157482,0.3362760042207767,0.635139068170647,0.6533787219221052,0.579294216521604,-0.0123725606277756,0.6958325059865476,0.4027018898686524,0.3451849525693488,0.5378344082594243,0.9737777677813252,0.5121759391258707,0.5052086628582331,0.6023225705049058,0.4378360763405969,0.5459927776137146,0.5807075943368832,1.73994656890049,1.533686617841455,-0.20625995105903505,0.8814556514542702,0.8986781609195402,0.883459051724138,0.45217549510906624,0.45615669578397855,-0.30720441985095837,-0.3899477554908441,0.06258026368037943,0.49980252882454357,0.22442268039168528
131924,0.9875,0.90625,622.3125,761.6875,630.1898734177215,840.4827586206897,0.08125,139.375,210.2928852029681,0.7497951230456192,0.6576077474634737,High_Efficiency,-0.2499074362186125,-0.2847767466435669,-0.0348693104249543,-0.5142677625369158,-0.4811235086162652,0.0331442539206504,-0.1372313585361741,-0.2039768585457747,-0.0667455000096006,0.0388711438219667,-0.1728768841771002,-0.2117480279990669,0.7828568241204481,0.8028121812913842,0.0199553571709361,0.5441674570732973,0.3492801732275797,-0.1948872838457175,0.9825703605868674,1.8071061491994616,0.8245357886125945,0.0202368578346138,-0.0995754504917302,-0.1198123083263441,1.989607232940826,1.7610024303796483,-0.2286048025611774,0.7559974117568194,0.5180284371514505,-0.2379689746053688,0.7888939330328228,0.9612587447800686,0.1723648117472456,0.2877033252683575,0.5917865377753628,0.3040832125070052,0.7552986478829606,0.8681565641852425,0.1128579163022817,1.05817016229147,0.740359887410784,-0.3178102748806861,1.3854549473327955,0.3988977792640987,0.432882706595426,0.9572885309553212,0.3516226077552893,0.4801326358025196,0.456702371532117,0.3997306575410421,0.4353331668736416,0.4363025235434447,0.942528735632184,0.3287295689285473,0.9373563218390804,1.3636893581017904,0.3856487541355282,0.4311870309817651,0.4169285541177465,-0.0149634070099028,0.4814957940599144,0.5559523243772635,0.4435206212763063,1.0703723683972033,0.4141977705442383,0.3509272292356556,0.4284859863708466,0.4396582598769182,0.3364857878408262,0.9597701149425288,0.9662657030764228,0.505876787146157,1.1056396690889696,0.5544296934573978,0.3614004309694946,0.3320939137819823,1.4106745646978025,0.3202219896560734,0.437989510031794,-0.0268217598273175,0.9856692221582984,0.3496760228826064,0.2978593149934102,0.4927696771229219,0.5072688527001374,0.5681399483254719,-0.020655556240103,0.4139909168909508,0.5231617898615575,0.3680511957214293,0.3982669090342832,0.9493299085132688,0.3615742013511467,0.4560223571708146,0.5072495874237789,0.3232238856926948,0.5073547713799105,0.511247261209039,1.946365954040868,1.7726221657103158,-0.17374378833055215,0.91073379664105,0.9477729885057473,0.8541666666666667,0.4754770966341655,0.3276766199744767,-0.39473402432177906,-0.29292164640900464,0.19411550506797334,0.056288445809911804,0.5925247708375976
132017,0.975,0.84375,772.8125,963.75,792.6282051282052,1142.2222222222222,0.1312499999999999,190.9375,349.594017094017,0.693935199042203,-0.1414090851540023,Low_Efficiency,0.1411151875285581,0.1427077738363308,0.0015925863077727,-0.0997516025047308,0.0131982724661582,0.112949874970889,1.199155258028452,1.353753116327397,0.1545978582989448,0.6746246543277016,0.7320259694875543,0.0574013151598527,1.9191326830604452,1.8800560703184332,-0.0390766127420117,1.114215787760646,1.218358632151778,0.1041428443911317,1.8213547459353443,2.1785744481899147,0.3572197022545704,0.5456542132645031,0.6718207340964394,0.1261665208319362,1.704254389147523,1.5487741539306203,-0.1554802352169026,1.5380639195231425,1.3327865242659884,-0.2052773952571539,1.4383233140063658,1.2874266251791622,-0.1508966888272037,0.6244480829374222,0.6825372377645075,0.0580891548270853,1.9234893856371769,1.7526830605130497,-0.1708063251241272,1.7018587436476833,1.240790027781315,-0.4610687158663683,1.4100093634271111,0.4822608685421456,0.7326629203638443,0.9876555553949292,0.474627652123876,0.6026400269430868,0.5515463865419097,0.4153430988059898,0.6105267572283982,0.5724530300115062,0.9844827586206896,0.5740255616109504,0.9741379310344828,1.4272949616099062,0.6125945531155848,0.6022436513956064,0.5663636277347528,-0.021580185333099,0.5160100472588798,0.5575182049064489,0.4950274411881027,1.166347566364491,0.4732168083287025,0.5638750526890688,0.5440465023216762,0.4293306922443549,0.4944137582528126,0.9557471264367816,0.9649048672733018,0.7024552343217224,0.961770312064327,0.4400886246792545,0.6504084554057883,0.6456996391375379,1.4748784702152289,0.52975020519388,0.6664898316637873,-0.0228220122565591,1.222072317326249,0.4698532632977777,0.3754439656517561,0.5668628072940358,0.7003192739122961,0.5198458925225864,-0.0192479016155339,0.6894291926167482,0.392231238595262,0.4755181670799651,0.5813374002430247,0.9796973378062718,0.5891182069234857,0.5615193979489358,0.6787703110928976,0.4616494252664724,1.1604241973071596,1.1453923318791894,0.8402092631757303,0.7366465095581635,-0.10356275361756684,0.8767406705719964,0.931853448275862,0.8306573275862068,0.5031097960774078,0.49706848709169105,-0.40495952133584007,-0.3895167025685861,0.08169746874671759,0.3024892158077838,0.2642054512566558
132118,0.8624999999999999,0.53125,1161.3125,1268.3125,1346.449275362319,2387.4117647058824,0.3312499999999999,107.0,1040.9624893435634,0.5639786547370872,-1.9929369757503608,Low_Efficiency,0.4007805392057635,0.2820751753926784,-0.1187053638130851,0.6069503588090231,0.7427951413396376,0.1358447825306146,1.3565180198990028,0.6761186320258232,-0.6803993878731793,1.390894285100018,1.0937402299064127,-0.2971540551936055,1.629540224627002,1.3874984824398646,-0.2420417421871371,1.4528466735191714,1.373910292299112,-0.0789363812200593,1.939706300732782,1.8527783695311912,-0.0869279312015907,0.8925524556222135,0.844045225450475,-0.0485072301717385,1.8556419116530252,1.38537657134551,-0.4702653403075153,1.4259285548322878,1.0911301789773902,-0.3347983758548976,0.4146246578959488,0.5978178472285178,0.183193189332569,0.2140042741618638,0.2959043471518249,0.0819000729899611,0.7786649167297779,0.2143265467827372,-0.5643383699470406,0.7007264416220157,0.8273651052721185,0.1266386636501028,1.296872954128801,0.6680012473732189,0.7681410008782876,0.9608075464244944,0.5783446296795,0.6714855103467849,0.5918656278654928,0.6696711782754177,0.7027655498584958,0.483474786053074,0.9517241379310344,0.4823135619209173,0.9735632183908046,1.4201636975226626,0.6802525674775532,0.6876740825094352,0.6124858538839102,-0.0257961237967112,0.7984973802287669,0.5014524776975541,0.5760428382750247,1.4593139118688805,0.6096824581760845,0.5176110819887357,0.6859129009058562,0.5652931817774441,0.5340539816340715,0.9747126436781608,0.9771842744961186,0.8130019699682773,1.474943550347287,0.6814542026742827,0.7222175351020609,0.665211760159844,1.5676545246917375,0.4794022688150376,0.6807271146455567,-0.0244733163175395,1.5882829590709877,0.5292679348815026,0.5675450716239652,0.7800125480144434,0.5678455865847143,0.8827889824160209,-0.0229689981748005,0.6314807768117823,0.6971424885410649,0.5838411761445923,0.5643148049324576,0.9764153413825946,0.5994714906716707,0.5537390681345208,0.6736268429704688,0.4908102748407625,1.0756699724578496,0.9046344389388068,0.8018251138907602,0.5872531377094723,-0.21457197618128787,0.7323946271341806,0.8406896551724137,0.505603448275862,0.6887039904473115,0.3184692294193251,-0.5775913912625477,-0.2607429585091551,-0.16419426208204468,-0.617084878667469,-2.3515174480046994
133019,0.95,0.859375,666.0,824.8125,701.0526315789474,959.7818181818182,0.0906249999999999,158.8125,258.72918660287075,0.7304291645230376,0.3403290634740187,High_Efficiency,0.1951109635039753,0.4019236963319035,0.2068127328279282,0.0715096030533141,0.1989949317794586,0.1274853287261445,0.6823503631494208,0.1120017630847786,-0.5703486000646423,0.686433901738489,0.3438732316313457,-0.3425606701071432,0.833004004596233,0.7415844707965352,-0.0914195337996977,0.4142773381624042,0.5679026810261821,0.1536253428637779,0.8150837380878382,1.0059167519704613,0.1908330138826232,0.2160815379944882,0.3566192151214584,0.1405376771269701,0.6252599889982622,0.4961586735630309,-0.1291013154352313,-0.2097053866702017,0.0896471025412833,0.299352489211485,1.5130903299660772,0.7388512049532354,-0.7742391250128416,0.5456000849088785,0.5794390089498563,0.0338389240409778,1.0997286623426,0.9258311323787968,-0.1738975299638032,0.6866516699835685,0.6321530075753456,-0.0544986624082229,1.3860847324186052,0.4041296354042766,0.4022862730571028,0.9923635114677094,0.4891529994075473,0.4376069795225185,0.4902708993891284,0.368844880176323,0.370659785352279,0.5874823774670402,0.9913793103448276,0.493070251811163,0.9614942528735632,1.351618127630354,0.5943941511924151,0.5393068487825705,0.4216429708942601,-0.0192570381626385,0.5287883539299348,0.621487619986385,0.5562922202686847,1.031556866190968,0.4453963043032186,0.4891595541374415,0.6117952060681562,0.5438114270991294,0.5448713050028993,0.9580459770114942,0.9653587595100588,0.5456833059974164,0.8589068384097972,0.5246469199018122,0.5318091630145333,0.4514880145764637,1.2498398437841751,0.4040525288577564,0.5184146755448952,-0.0281383204804117,1.0652746541139029,0.3690050645430264,0.4127904867271325,0.6009317630385405,0.5677266196347377,0.5171034492931428,-0.0231031950192555,0.5166520669402095,0.4773131167217167,0.3233919169939961,0.5081530590859347,0.96827730728787,0.5698019595236213,0.5270660814551962,0.5957106815168131,0.4742270264757068,0.5838911999868104,0.5136354908359765,1.6270126575101698,1.6731190546865387,0.046106397176368885,1.0283374370974392,0.9101436781609195,0.8519665948275862,0.5023489362334381,0.4896735589656121,-0.35040263616750683,-0.40753885087756053,0.14477939150685265,0.4024486757756338,0.7713693924221323
133625,0.9875,0.90625,823.9375,1210.25,834.367088607595,1335.448275862069,0.08125,386.3125,501.0811872544741,0.624784279322977,-0.675582871124533,Low_Efficiency,-0.1790299650139383,-0.0423871665709472,0.1366427984429911,-0.0132539546250644,-0.0008142899676957,0.0124396646573686,0.7565054622306295,0.8365575576481967,0.0800520954175671,0.8180631960492883,0.5561725230775969,-0.2618906729716913,0.4737843913376047,0.9394620603614354,0.4656776690238307,0.4051751896929383,0.9097664123756488,0.5045912226827105,0.456696316106698,1.3495761749026585,0.8928798587959603,-0.2715713891912674,0.1791728601244699,0.4507442493157374,0.5503301633818614,0.3736619943774158,-0.1766681690044455,0.2449447463370038,0.3460351517106576,0.1010904053736538,0.989752358045555,0.9753386624440336,-0.0144136956015213,0.4097659523319752,0.5384758501855719,0.1287098978535966,1.355797870792449,1.0789956336333542,-0.2768022371590947,1.2809791280581777,0.8374545330525627,-0.4435245950056151,1.4071422818190111,0.5101055457700701,0.5995049559817378,0.999425287356322,0.6278602923482444,0.5238569595039428,0.5655573764941512,0.4635025162065573,0.491359125494638,0.926755376508652,0.999425287356322,0.7568362763911668,0.9833333333333334,1.363139663240976,0.9660150920803664,0.6268230808078914,0.584764159462313,-0.0197841435601784,0.6241022631906097,0.7786752693577177,0.7233381282806699,0.9888785172622874,0.5568506230013052,0.74909548558997,0.7246497810030711,0.5374425746270063,0.7003434700806661,0.957471264367816,0.971036063985391,0.6428069832734138,0.901518558517409,0.6056063261892866,0.8065654606935373,0.8416480002408708,1.3742905593662949,0.6689368508112987,0.7181251098489145,-0.0270147856886962,1.1066842705004785,0.5426844036873291,0.5068243300578181,0.715679652999625,0.751581208805228,0.6470203666468121,-0.0184182564422524,0.7442190980608887,0.5105755161927116,0.4838270730492946,0.6536353804859026,0.9878100731380344,0.8419628657799101,0.6603906260220587,0.8783775066008944,0.646615761270747,0.5198528189667079,0.6341048540967827,1.8995724643570249,1.4291777849785947,-0.47039467937843016,0.7523677350706457,0.9455028735632184,0.9057291666666668,0.616300984900727,0.7630288471130435,-0.45770873475397533,-0.5859955336516145,0.1247302112832351,0.3707488152977838,-0.07521099542469134
133827,0.9625,0.78125,714.5625,904.625,742.4025974025975,1157.92,0.1812499999999999,190.0625,415.51740259740257,0.6411518908064439,-0.3587322630953824,Low_Efficiency,-0.1202101831854809,0.3391371418747441,0.4593473250602251,-0.6964318306248026,-0.0675775652052929,0.6288542654195097,1.1159246482441751,0.8694230108722936,-0.2465016373718817,0.5024923262957984,0.4984212440602141,-0.0040710822355842,0.5585132439608977,0.5245512600563915,-0.0339619839045061,0.134129908198585,0.2381357569428071,0.104005848744222,0.3054718680063243,1.0058329162362456,0.7003610482299213,-0.2476419954935489,0.012940082882285,0.260582078375834,0.6149181824582002,0.6730835169278873,0.058165334469687,0.1129662323680548,0.3190860062090908,0.2061197738410359,1.0126640374192406,1.2439579480428216,0.2312939106235811,0.585042639279859,0.7963655318577383,0.2113228925778793,2.136507008804764,1.3771471889392637,-0.7593598198655005,1.529239864745606,1.0986284527390795,-0.4306114120065264,1.4175173417804885,0.6210317746542547,0.5518669494152593,0.996697128541956,0.5740572840068235,0.6024791816500455,0.5488617105997013,0.5083418551495058,0.5291432118313323,0.7549943917208009,0.996551724137931,0.7967340745873474,0.9775862068965516,1.3067653416263725,0.7696857000409907,0.6277964269986683,0.4700934143229934,-0.0170328210311287,0.6820791309045753,0.6995650002470866,0.6678687379411863,1.1330484133691128,0.7253963723310873,0.6948303723942826,0.6697887862842884,0.5578144409967711,0.684851559937658,0.9948275862068964,0.9950387492456458,0.7094273468074501,1.1628016445197105,0.6907032636262165,0.7631114391852212,0.8986034265024789,1.3392785559202665,0.6148004913641115,0.5570725892685404,-0.027003592827586,1.289885582047828,0.4251819170393994,0.4241000140632586,0.6771430683486446,0.7447126241464519,0.6654457097864812,-0.0261134528629644,0.6668390705856495,0.6591771529450516,0.5201265231173211,0.574950676896622,0.9829935179422862,0.7434294029419668,0.6289118568821732,0.8325778547947471,0.5798760756883534,0.5388275678912623,0.6377951780311121,1.7862824233072887,1.2249211063191572,-0.5613613169881315,0.6857372633796411,0.9575215517241378,0.7785560344827586,0.6565011634956537,0.5808042210484116,-0.48927903558139935,-0.4530281841315261,0.46256255017067005,0.23038919774045946,0.0017938627896605386
133928,0.925,0.8125,664.1875,831.5625,718.0405405405405,1023.4615384615385,0.1125,167.375,305.42099792099793,0.7015803853458871,0.1112593078875582,High_Efficiency,0.2563001694416063,-0.0885036308959066,-0.3448038003375129,0.0718660081571533,0.0506709947241594,-0.0211950134329939,1.2624206383843193,1.382014719525221,0.1195940811409017,0.3036316667573634,0.941769434591082,0.6381377678337188,1.302069019236452,1.1720019749285848,-0.1300670443078673,0.8832459627454481,0.8572630027287144,-0.0259829600167337,1.0142695259859216,0.7556904829937027,-0.258579042992219,0.2611554555740703,0.150406783550016,-0.1107486720240543,1.025893030403343,0.6466091309098809,-0.3792838994934617,0.532723300032131,0.2238652606218898,-0.308858039410241,1.0082128338031051,0.9293330137491717,-0.0788798200539337,0.6133259819240879,0.0958788342200517,-0.5174471477040361,1.594709800727291,0.5949739228666142,-0.9997358778606772,1.0556873192392509,0.689267052317471,-0.3664202669217797,1.1254204538890602,0.3442081618099472,0.4310966592874915,0.9775279737361792,0.416358252907702,0.420925278980585,0.3515106003165036,0.350618008611363,0.420902956399998,0.5854591457036646,0.9706896551724138,0.6177949567985472,0.943103448275862,1.1202662650016315,0.6168579430432032,0.4907528042975414,0.3951654303373043,-0.0204148049810105,0.3860626904020601,0.5014044883600662,0.5388546569242347,1.0212485732758585,0.4068059971638025,0.5394461213587178,0.4802475712564771,0.390143507404332,0.5349117318448954,0.9402298850574712,0.9571661912988948,0.5735323471282749,0.9298947485050584,0.5139528313067809,0.4827739688674066,0.6835373164967785,1.2140454283496265,0.4670002607446623,0.4460899237977714,-0.0251679710907179,1.028612083000335,0.3739859119515161,0.3462629951459094,0.581415260703276,0.5572450683134521,0.5251541257272596,-0.0206172015455474,0.5185703997727489,0.4392055871778431,0.388472251000423,0.4492469211904529,0.96292622584623,0.5549333744738072,0.3986056739677066,0.6572368851378385,0.4393979213652818,0.7989650508865388,0.6000886412021894,1.157746313468029,1.353964381675175,0.19621806820714593,1.1694817737208807,0.8697126436781609,0.7886853448275862,0.3571079886219056,0.4508833667599683,-0.32432165796551077,-0.35701081110929145,-0.07241553279696307,0.11184836182851118,0.22762671788490269
134021,1.0,0.890625,820.25,1080.625,820.25,1213.3333333333333,0.109375,260.375,393.08333333333326,0.6760302197802198,-0.3009517276140891,Low_Efficiency,-0.1686102618609813,-0.0030525173641808,0.1655577444968005,-0.3493519878046378,-0.0653618077224386,0.2839901800821992,0.3288484470601925,0.0438201050878646,-0.2850283419723279,0.2711024947745913,-0.0898190112412756,-0.360921506015867,0.6837687965612587,0.965492588530056,0.2817237919687974,0.2868704912638432,0.5518724140349651,0.2650019227711219,1.2502659582476645,1.830552198331839,0.5802862400841743,-0.4026080357495563,0.2746785186883429,0.6772865544378992,0.6348509075374972,1.0440005791186784,0.4091496715811812,0.3178692128444461,0.5205793988220457,0.2027101859775996,0.1051672965959884,0.5544212487247825,0.449253952128794,0.2232676602923659,0.6338820568143606,0.4106143965219946,1.121658595176914,0.7981528758953196,-0.3235057192815944,1.2494473165092232,0.8658543030815373,-0.3835930134276857,1.0347040953315374,0.4547387642955193,0.5256864894092997,0.9922029013983038,0.435713281585892,0.5368564700928597,0.4814629806477452,0.4243681567947549,0.5228354492941856,0.645902278089528,0.9913793103448276,0.53707511724632,0.982183908045977,1.0923647786475903,0.6434767524393901,0.5713398787655587,0.5072205557589642,-0.0215030082885241,0.5566711274041933,0.536953634020706,0.6059954414905295,0.8969888656494603,0.5056636499013722,0.4866187250200366,0.5704908715680583,0.4894080399056845,0.4919051679022772,0.9902298850574712,0.9909545497397824,0.6415919364392297,0.9217679926101936,0.5982539125314309,0.6108606766582105,0.6770388113785759,1.2297957861987856,0.4655619460416983,0.5372708412273975,-0.0260752370496033,0.9701291070754336,0.4231240784278853,0.3963973077143369,0.6038948192288205,0.6123128589890257,0.6093517522390317,-0.0226259745566515,0.5447748445725654,0.5684120600831272,0.4286274484328009,0.5007903189569404,0.9853705273015618,0.5592014700708586,0.4758184143705608,0.6159889627943693,0.4213740063240089,0.3966104922463436,0.5660766393429927,2.521359112254063,1.57332658649737,-0.9480325257566928,0.6239991577763307,0.9902298850574712,0.8829471982758621,0.5566711274041933,0.49803880928185845,-0.4243681567947549,-0.3752862243823204,0.5905225012480335,0.5142275072944149,0.4010334941286022
134223,0.9875,0.953125,761.375,978.5,771.0126582278481,1026.622950819672,0.034375,217.125,255.610292591824,0.7510183340556135,0.3733273430115946,High_Efficiency,0.0396860913306281,-0.4219945620859389,-0.461680653416567,-0.1013445524944892,-0.4790934416184887,-0.3777488891239995,0.4975945960265582,0.346941037598581,-0.1506535584279772,0.3290056731500898,0.0133535011228549,-0.3156521720272348,0.9405604731984898,0.2417058998619881,-0.6988545733365017,0.4364008463942902,-0.0105764488995211,-0.4469772952938113,0.6367910574388964,0.722162302905609,0.0853712454667126,-0.1876177120382935,-0.0409350592229785,0.1466826528153149,0.97082249483753,-0.1608078680500753,-1.1316303628876054,0.8570460041800705,0.0427984451649163,-0.8142475590151541,0.8385352150191953,0.1485477075425307,-0.6899875074766646,0.1571801052652856,0.0627067873944649,-0.0944733178708207,0.940794690020995,0.3439348237235348,-0.5968598662974602,0.807391782899211,0.1062146309206215,-0.7011771519785895,1.235396145131769,0.4689365607000285,0.4728662342286538,0.9845794420944084,0.4678002808424423,0.4579324462559706,0.5198885569034093,0.3724918109481586,0.4179435935974837,0.5564545376437087,0.9804597701149425,0.5113977337574483,0.9839080459770116,1.3119635507211158,0.5703775852910852,0.5171641721454989,0.4988511635198602,-0.0247895332330741,0.4634744829667142,0.5474105004416845,0.4642503664925715,0.8730310120310995,0.4319121185264227,0.5123201436330312,0.4380932629249976,0.438298940764142,0.4551560006262554,0.9770114942528736,0.9805389845996122,0.5958046724101804,0.8478165313780202,0.5110302299117153,0.5137729329735772,0.5872794559205504,1.3958025973402497,0.5196412747236914,0.5238184707214344,-0.0299488249212914,0.9596673033314652,0.496086483983155,0.393900386608176,0.5375501636848785,0.5778170272154235,0.5294022370937589,-0.0194990870346901,0.5366573947442623,0.5083996125583127,0.4115020837725661,0.5203446019272464,0.9867448061637218,0.4721679984083693,0.5122939151296271,0.6271154690452095,0.4664752482810221,0.5116319118020327,0.06535412545414991,1.9300947558707786,14.583783496348236,12.653688740477458,7.555989619680108,0.9647988505747127,0.9345007183908045,0.45768105192963027,0.45003512348297703,-0.3678356633113066,-0.44460922101784917,0.45188471037130445,0.5152643382296265,0.9380236340796394
134324,0.7,0.9375,713.375,949.625,1019.1071428571428,1012.9333333333332,-0.2375,236.25,-6.173809523809609,1.0060949811015627,1.1312607315750602,High_Efficiency,0.4210202826276291,-0.3058011075295835,-0.7268213901572127,0.1716078909699856,-0.3863910792219932,-0.5579989701919789,0.763643012602681,-0.3761006728229812,-1.1397436854256622,0.5167577258302768,-0.5297223500526346,-1.0464800758829114,0.8601210420878269,0.7155560433358015,-0.1445649987520253,1.1547140563159723,1.1241904781890644,-0.0305235781269078,1.1542208098602162,1.1413853032648151,-0.0128355065954011,0.7690136514895574,-0.7101738666270322,-1.4791875181165897,1.2699484245227763,0.5800813996057903,-0.689867024916986,0.8205745652844632,0.1942323696949887,-0.6263421955894743,0.8505031576893067,0.272026185347392,-0.5784769723419148,0.0466802106930406,-0.0421209605789195,-0.08880117127196,1.250661835279505,0.3165123834244201,-0.9341494518550848,1.0175444022375295,-0.2034329674987033,-1.2209773697362332,1.5211321662482442,0.4567091023216526,0.4441050209110677,0.9881316093442534,0.4762495130222653,0.6205139729665452,0.601090359153766,0.5093614027591786,0.4574531300405738,0.7745788285889876,0.986206896551724,0.6587749531003897,0.9683908045977012,1.4522861888960388,0.4984170190215091,0.6693875010959223,0.4521388588734407,-0.0252337965835021,0.5434930089992135,0.8363887716279219,0.6346960614421013,1.345391592372244,0.5199571954146982,0.5890914090877024,0.5984099875098505,0.6737080669351678,0.5543299558649275,0.957471264367816,0.9672721224753036,0.7542625588242803,1.100039499373752,0.6201659812604514,0.4241983940992999,0.6090480524359948,1.3647160150450737,0.5988214514812871,0.492069296009985,-0.0247128088093353,1.6295783492686553,0.4625315555494853,0.4737664991787136,0.5557757067968484,0.7430507860302572,0.6177892916157726,-0.0311856128239286,0.5430546947916824,0.6525310609806771,0.5202024807247994,0.5598979366501979,0.975157740150816,0.6983085008481551,0.7035706313573551,0.6137347705539293,0.6181646090596415,0.7905007905350548,0.1278743684664589,0.8855134907742608,7.331357174121472,6.445843683347211,8.279206326382312,0.6702298850574712,0.9245689655172412,0.38044510629944944,0.6546642195451454,-0.35655298193142504,-0.5795293209934139,-0.40261190841960737,0.3135918619636596,1.2891338497321718
134425,0.8875,0.921875,908.25,1126.5,1023.3802816901408,1221.966101694915,-0.034375,218.25,198.5858200047744,0.8374866375349299,0.2148280837256143,High_Efficiency,0.1471666607853689,-0.0290073455870693,-0.1761740063724383,0.0013331662788852,-0.2463160494803962,-0.2476492157592815,0.3172584713282784,0.3242434110651548,0.0069849397368764,0.3196770075834975,0.3125219125008461,-0.0071550950826513,0.7883561172280511,0.7796465017295202,-0.0087096154985308,0.2788251167795889,0.5119325431806324,0.2331074264010434,0.3857173948088319,1.1006542901056886,0.7149368952968567,-0.0756211490045307,-0.0083493304520159,0.0672718185525148,0.7559498088239658,0.6081286065114377,-0.147821202312528,1.001765933536308,0.5443371029494946,-0.4574288305868134,0.6069250508235511,0.3428368255834398,-0.2640882252401111,0.2704451765026904,0.065083141347669,-0.2053620351550214,2.075059709930545,1.426249980802764,-0.6488097291277808,1.256375690465806,0.7846026245167386,-0.4717730659490675,1.1654973033016305,0.5976808580614797,0.6485162416165956,0.9322499120483586,0.4608558816760953,0.6246621486426116,0.4754910963352782,0.5125720374200798,0.5167581619965025,0.469226043665687,0.9120689655172414,0.2963084600367411,0.9511494252873562,1.43972886946722,0.4124135673507221,0.3712254163995244,0.4118921214395621,-0.0200923602756146,0.6105695210704207,0.2853435052582053,0.5887004639214868,1.4577831154828362,0.54127126425516,0.3362823273256738,0.5065805020707745,0.3384004017802532,0.4181033578811329,0.9741379310344828,0.9771792391673702,0.4359837449450211,1.758929521953254,0.6872001132396357,0.483995309400828,0.2986758129918602,1.6303621392575516,0.2677220415483273,0.5199669592173656,-0.0174673034096958,1.058421903035154,0.398037311064333,0.3643085528427077,0.5101398837207264,0.3083664129313858,0.6123689522817106,-0.0256172715072301,0.3283400621739432,0.4682965358436673,0.5150591197455143,0.2813348630227097,0.9605742694493502,0.408207978377535,0.2953297591214858,0.4496963393414768,0.2551071136624021,0.5806595825622027,0.4654688724838503,1.5284316288249638,1.98052560325907,0.45209397443410615,1.2957886176387563,0.8645474137931034,0.8408135775862069,0.5418804499499984,0.37631673006679006,-0.4549076832103208,-0.2351768704075269,0.0680969725157153,-0.23223477505778595,-0.11841992865047146
134728,0.9625,0.96875,853.25,1094.25,886.4935064935066,1129.548387096774,-0.00625,241.0,243.05488060326752,0.7848211874942513,0.2774792692685947,High_Efficiency,2.5510092594004155,0.6249675772228878,-1.9260416821775277,0.9079373982945844,0.57251557838224,-0.3354218199123444,4.286215846813288,1.272762152680328,-3.0134536941329606,1.070425201016591,1.0320795225582664,-0.0383456784583248,1.7193011261474704,1.3802690277438154,-0.3390320984036548,0.9935643812637824,0.7860706329232863,-0.2074937483404961,1.2450947589031331,1.1789767687938555,-0.0661179901092776,0.952712461445124,0.8486615100970435,-0.1040509513480805,2.0752337465061728,1.1589998090136884,-0.9162339374924844,1.94234597405744,1.0842054033082205,-0.8581405707492197,1.8499849987657384,1.2524753749044413,-0.597509623861297,1.170593898597878,0.993974830328623,-0.1766190682692548,4.080742941274794,1.5313418228251137,-2.5494011184496808,1.7097081242313503,1.35072687531112,-0.3589812489202303,1.1771189207788535,0.3728114102435879,0.5422298878193206,0.9709695473856684,0.4484503584246843,0.407573220947124,0.5170077966613199,0.4170641935323194,0.3888146416678735,0.6277211558813907,0.9620689655172414,0.5688297698736761,0.9586206896551724,1.1929488623004576,0.5756157049786232,0.5659286064416292,0.48778652097819,-0.0204339904472374,0.4279249316399302,0.554237478556133,0.572089718411089,0.6378209521445903,0.4608389119794119,0.4357419153686201,0.5230842009304297,0.4531232704726006,0.5327510432774618,0.929310344827586,0.951549200040514,0.4501232633090583,0.6472626061238571,0.5308660161841348,0.5003855172112691,0.5349243701488217,1.130018505140421,0.5347550700622339,0.617761438464115,-0.0221498230241825,0.640968664866572,0.514796959499963,0.5201781859263258,0.54559316868019,0.5454216859269543,0.4699973752921831,-0.0224588836899678,0.5523154154592036,0.4551546602809327,0.4226071592397539,0.4732124337108421,0.9677100801711456,0.585581704616791,0.5250345834431152,0.5497812344674502,0.5679088858403383,1.8967764369084121,1.0762876347209238,0.5074396085018779,0.9000838332286135,0.39264422472673566,1.7737717836298916,0.8944612068965515,0.9320043103448277,0.4118777467034328,0.5672822763475163,-0.40142428627485743,-0.5501617331578277,-0.2339290536538367,0.07507031028977602,0.31390178962908605
134829,0.925,0.890625,692.375,797.0,748.5135135135134,894.8771929824561,0.034375,104.625,146.36367946894268,0.8364427201668418,0.7595975978572942,High_Efficiency,-0.3675941161486574,-0.3537490847461045,0.0138450314025529,-0.4503414766916729,-0.2531101585066806,0.1972313181849923,-0.1657110448800992,0.2481549636754228,0.413866008555522,-0.1995572497118508,0.2166384318115412,0.4161956815233921,0.2308456577108161,0.9480788962154788,0.7172332385046625,-0.6798300375818864,0.0614273483260227,0.7412573859079092,0.2507783742517218,0.2284784813249079,-0.0222998929268138,-0.7371903313031845,-0.687690665441153,0.0494996658620315,0.2021684470287884,0.4456141438585725,0.2434456968297841,-0.2195846729742422,-0.2590768868925047,-0.0394922139182624,0.0413331323522538,0.0399602083713425,-0.0013729239809112,-0.1026635141788062,0.2273695117674729,0.3300330259462792,0.4077597199877645,0.4414682966597366,0.033708576671972,0.3034420640430036,0.1389484852686394,-0.1644935787743641,1.4110897603898618,0.7928279142496562,0.7756880227770109,0.9656737501367044,0.7014884362170003,0.6728629099997809,0.5315298466686461,0.6569187685898725,0.6391968816996727,0.7616913733781776,0.9517241379310344,0.6448617996728073,0.9701149425287356,1.3449650881268886,0.5936722120097914,0.6848332031387787,0.5540246231509699,-0.0209738781585288,0.7481623740211564,0.6815723887014208,0.7189088986546694,1.146097437158421,0.7300489095998299,0.6623736904681705,0.7137699704712788,0.6707491983646245,0.6657443110911512,0.9672413793103448,0.975853569539168,0.7946477103285258,1.3339692676804271,0.7601016453371698,0.6058708636443632,0.6897962783088754,1.3836149136512232,0.5070314382646451,0.6818844093402916,-0.0279107605091176,1.1453945926594562,0.4921630651910585,0.5712168243847295,0.8365984897349241,0.6668378657003726,0.8545820444866742,-0.0160666405060676,0.7288049665782874,0.8096364541640062,0.5610746137935818,0.5364427198488579,0.9776587299691996,0.6804103866334659,0.4590117639352841,0.8721499224950785,0.5344430084243701,-0.1061532177211465,0.10303656940662105,8.713737615493114,8.643691860444543,-0.07004575504857158,0.9919613430997314,0.894698275862069,0.8476293103448275,0.6920501959695696,0.6059905005954306,-0.6076498609456321,-0.4759883043779546,0.10878909526071619,-0.051582136075428456,0.539271392535759
135225,0.9375,0.84375,680.6875,993.375,726.0666666666667,1177.3333333333333,0.09375,312.6875,451.26666666666654,0.616704416761042,-0.3448702395326619,Low_Efficiency,0.0432846140430059,-0.0027823499470405,-0.0460669639900465,-0.3561335988597016,-0.7723625826849083,-0.4162289838252067,0.5537925463678828,0.3638751722205103,-0.1899173741473724,-0.0756736068437316,-0.1379891560481568,-0.0623155492044252,0.2531946880855631,-0.0296373326288221,-0.2828320207143853,-0.3836667760776093,-0.3471990833576835,0.0364676927199257,0.8519120791980574,0.4984547806672273,-0.3534572985308301,-0.4502838331033684,-0.2797344700456646,0.1705493630577037,0.7979684766271362,-0.0595593963255328,-0.8575278729526691,0.1057912578088501,-0.0573968637823661,-0.1631881215912163,0.1930353948832682,0.1353445669463578,-0.0576908279369103,0.274832187980002,0.5267592505436037,0.2519270625636017,1.3734350674449642,1.1211197718593109,-0.2523152955856536,0.1353406241864727,0.0443905742067204,-0.0909500499797522,1.4828389968947406,0.6416217068338522,0.6447270400512726,0.996091366913206,0.6586769494476843,0.4346563985668632,0.484116101928003,0.4860611678324692,0.5384746429458196,0.8795369090326945,0.9959770114942528,0.7669476180950285,0.97183908045977,1.5031362510210196,0.8175128059812666,0.6265805382458868,0.5500297235318992,-0.0203091898893917,0.7017498456223021,0.7738172044046652,0.793936699256136,1.428554195195224,0.7019653139805876,0.7402999672369199,0.7519698419844478,0.6457889175277433,0.7420425796073165,0.9609195402298852,0.9705599725762082,0.578046064302949,1.2676470845945678,0.7489174494300533,0.7696968912195181,0.7949788737041337,1.4819981868407388,0.6540136628533821,0.6482015911565558,-0.0269597873494614,1.5355206235415428,0.4805669834829407,0.4995776863325047,0.7234175122248703,0.7875418355444433,0.6751596825178491,-0.0273985040685526,0.7534085459050653,0.5754601946604503,0.4741252378583341,0.678887377144999,0.984018959435626,0.7739835596199911,0.6375412874681956,0.8056993923173259,0.6347462480670821,0.23691636583862796,0.07166306297311112,3.957075905691782,11.773683559032666,7.816607653340883,2.9753486827859295,0.9008620689655175,0.8403556034482758,0.6578904802709082,0.6530486284293675,-0.4556823448429399,-0.5355671468066006,0.10743308302809033,0.32381903137323925,0.12911245750307998
135528,0.95,0.859375,696.5,1004.3125,733.1578947368422,1168.6545454545455,0.0906249999999999,307.8125,435.49665071770335,0.6273521098158926,-0.3000723820515435,Low_Efficiency,-0.2162608994672396,-0.3460523465620881,-0.1297914470948485,-0.1040025232186589,-0.2068708048901793,-0.1028682816715204,0.0337554750974687,-0.2493344510684025,-0.2830899261658712,-0.1167715107536864,-0.1919129562975694,-0.075141445543883,0.4704224895474461,0.1677588870556147,-0.3026636024918314,-0.2682324769620818,-0.3606766325263136,-0.0924441555642318,0.20948287101846,-0.2392754385128093,-0.4487583095312693,-0.4327475701045994,-0.9111981896440108,-0.4784506195394115,0.4471363205068374,-0.0159295058318199,-0.4630658263386573,-0.1604118521424635,-0.2538056688013485,-0.093393816658885,0.1730670289245833,0.0979635460234468,-0.0751034829011365,0.2226066739910149,0.1045012841658565,-0.1181053898251583,0.5623614411165592,0.0670739729466836,-0.4952874681698755,0.6090407790158667,-0.1512103036498193,-0.7602510826656861,1.334777589081849,0.308266643692783,0.4290604753462313,0.9748044135261154,0.3538353355925185,0.3974464608825846,0.4041418511501006,0.33851690868437,0.378281405907046,0.4893603608565505,0.9689655172413794,0.4607295567666662,0.950574712643678,1.293599772053039,0.6308193406605386,0.4473729268665103,0.4029864022422795,-0.0127328370951177,0.4908916947969075,0.522174744856887,0.5249072005621018,1.233579947051958,0.3698404851086811,0.4313839853454959,0.5057698519608745,0.4617529057889056,0.4220071980156019,0.9465517241379312,0.9564841354680432,0.4758505127753184,1.160552064279195,0.5388427543231813,0.5828270367297723,0.5691534789306103,1.4055422878637431,0.3221962675516845,0.4583904430637144,-0.0222949773483727,1.423536176577393,0.315492356217849,0.3173125957346144,0.5879715901085087,0.4655743182817556,0.6166229911647648,-0.0159792564493397,0.466778409284274,0.4986506215861786,0.3026544897634223,0.4274060459483787,0.9619767797221082,0.4608590793433393,0.4434474530564944,0.5643813900933656,0.3604640889102417,0.10210330332639332,-0.17778347197091132,9.304211174754972,4.833802358963099,-4.470408815791873,0.5195283886666523,0.8992241379310346,0.8327047413793104,0.4663471100570621,0.3960507713106822,-0.3215910632501515,-0.30977382640723894,0.273993990332578,0.27152094243272107,0.09960039887424452
135730,0.9875,0.9375,811.75,1031.8125,822.0253164556962,1100.6,0.05,220.0625,278.5746835443037,0.7468883485877669,0.1806425626321315,High_Efficiency,0.1078027319224357,-0.1452348420138419,-0.2530375739362776,-0.0118909042251496,-0.5393938677962993,-0.5275029635711496,0.8872621180633553,0.3401395263612172,-0.547122591702138,0.7001725663893127,0.1277148675461896,-0.5724576988431231,1.3385507394978018,0.4277530517961967,-0.9107976877016052,0.8977991898858212,-0.0705289946323169,-0.9683281845181382,1.0071165544793843,0.6556367186928245,-0.3514798357865601,0.2139711880664401,-0.3670111840285902,-0.5809823720950305,1.1544083506959222,0.500473588421172,-0.6539347622747501,0.4993811218075251,-0.1359764567365105,-0.6353575785440356,0.979860267899732,0.4162485783897659,-0.563611689509966,0.3246050318182457,0.1541106286214027,-0.1704944031968429,1.5715353594236596,0.8108721195052979,-0.7606632399183616,0.8660359288960909,0.4307304107078329,-0.435305518188258,1.5319774003367743,0.4983233282784105,0.6241549220960342,0.9914494798126074,0.5088709864043424,0.4539802035737199,0.4056541355682453,0.3617857546464755,0.4361490423324449,0.5904408115109636,0.9896551724137932,0.5434430603874957,0.9620689655172414,1.400534656125734,0.6735846328157389,0.5056754059499167,0.4214757229629258,-0.02747985191034,0.5747456445491212,0.6482529174539278,0.4617911615708805,1.1698053362785834,0.6016291441094472,0.5894627898970712,0.6496677126588348,0.5338364727830225,0.5707477380045358,0.9591954022988506,0.9683356278757524,0.554254506493979,1.0578265774363746,0.3865893302035998,0.7183146238746634,0.6333581716461512,1.306944317732873,0.4798771300260598,0.5808398588548471,-0.0258346738844137,1.3548546058256088,0.3914999444511222,0.338630416425971,0.5344252538062125,0.6405667720060864,0.542013940099643,-0.0149097047654325,0.6406497629197938,0.5142520070172827,0.4173391326817268,0.515055832169109,0.9760562166246234,0.6779532817490349,0.4791968341129132,0.6550343839298873,0.457258806183196,0.7526150174728984,0.18610958177388146,1.312090065948616,5.037327760003637,3.7252376940550214,3.8391601701530895,0.9472054597701149,0.9278017241379312,0.5675613239922572,0.6355812016397202,-0.35726343271339456,-0.4286801307967462,0.2332820250988481,0.552064272849524,0.8307501041458274
135932,0.975,0.859375,658.0625,899.8125,674.9358974358975,1047.0545454545454,0.1156249999999999,241.75,372.118648018648,0.6446043335239001,-0.044104554305957,Low_Efficiency,0.1008384611956153,-0.1985320466173873,-0.2993705078130027,-0.1705667080242376,-0.3154037045407615,-0.1448369965165239,0.9295586646065388,0.772082542701036,-0.1574761219055027,-0.0125318135827715,0.4672176790023299,0.4797494925851014,1.1355552841977263,0.8379311547960071,-0.2976241294017192,0.057051672672013,-0.0989283570656871,-0.1559800297377002,1.7812656379132388,1.1925593769999945,-0.5887062609132443,-0.881775083266181,-0.3559810797828421,0.5257940034833389,0.3781886539105397,0.1231384523016372,-0.2550502016089024,0.51307320057428,0.1193030796131775,-0.3937701209611024,0.7751935226544214,0.6874973250883901,-0.0876961975660312,0.2306667244787982,0.1015646512666877,-0.1291020732121105,1.2352210242958317,0.4514426593469419,-0.7837783649488896,0.6818618752035409,0.4529924482389801,-0.2288694269645608,1.152672860569235,0.3099049748573385,0.3622892529431002,0.9681744021163984,0.3740084679812172,0.392027479654863,0.3966406763697542,0.2629912099382685,0.3325983274182122,0.6037603395551513,0.9609195402298852,0.4732801615125857,0.9333333333333332,1.175502788641774,0.3977653314269442,0.5188895342517182,0.325781627115739,-0.0179014943294578,0.3177680459575543,0.5141894918932727,0.4619940288999686,0.992158763174638,0.3219090947940466,0.433265169425997,0.4747388769894891,0.3761859518817161,0.4187913907251445,0.9057471264367816,0.9214889624327204,0.5578653940359501,0.936472009968834,0.369102638626401,0.4033062507755333,0.4103822199588203,1.255551004291835,0.3999651119179697,0.3599071369330996,-0.0243639344451038,1.0834590774502506,0.280073250982398,0.2787011923911915,0.4104568749211458,0.621642095825271,0.3191816663054142,-0.0173180638493101,0.4083200206130106,0.4138842129340343,0.2317769304239355,0.3890458452292922,0.9465011529370286,0.5493523218385401,0.4343805864429934,0.5947459423004036,0.3963870250447873,0.48240007977352534,0.302634584382036,2.0211397546160903,2.83963632946467,0.8184965748485795,1.4049671320412567,0.883103448275862,0.8257902298850577,0.30982384480861547,0.4720996515799954,-0.2564164296898118,-0.3406450996478641,-0.34630496455167153,0.11022778997730454,0.10217629022543388
136126,0.875,0.78125,893.25,1116.125,1020.8571428571428,1428.64,0.09375,222.875,407.7828571428572,0.7145657008463594,-0.5544078610930442,Low_Efficiency,0.0439182769459322,0.6023007290605656,0.5583824521146334,0.2533518495742135,0.7619119179018936,0.5085600683276802,0.966780698027227,1.081423284842578,0.114642586815351,0.6780661647956803,0.9210630723104284,0.2429969075147479,0.488963875435534,1.3013788032527391,0.8124149278172051,0.3805717817962626,1.0691559753285458,0.6885841935322832,-0.1267119488139505,1.412876217230308,1.5395881660442583,-0.5344700343782682,0.3424950506848144,0.8769650850630826,1.030442612739222,1.2813659774394892,0.2509233647002673,0.442170824257042,1.0340082621574722,0.5918374379004303,0.5620107269166144,1.1914222241060066,0.6294114971893924,0.4011613459726148,0.542191711924624,0.1410303659520091,1.4040830371174515,1.239375894312786,-0.1647071428046659,1.1655211970941517,1.119798858330598,-0.0457223387635538,1.033925246596588,0.5237567856356236,0.5731386511515983,0.984417460046619,0.480132518355337,0.4456160762181643,0.4912586666984299,0.4419683221023963,0.4446292841715591,0.6094096598171141,0.9816091954022989,0.4980755780330189,0.986206896551724,1.0837188936043374,0.6640733791998654,0.4190921055578118,0.4342986378015268,-0.0257999816284781,0.5555801031494996,0.6455480562440679,0.5226744746381569,0.96815623658414,0.5504943119879394,0.4692746816561443,0.5274990335173146,0.5315188951016095,0.5048744671852781,0.97816091954023,0.9834303502455676,0.4836151822870652,0.8848945522156085,0.5477537040324784,0.5867969896880322,0.6774241994653744,1.1910001321592454,0.4767996094676985,0.6036155819782459,-0.0230232457984433,1.2063398454106344,0.4188790874325182,0.4192512977227669,0.6229683066953433,0.5380518778347231,0.6617447616652439,-0.0253477524707548,0.6522181853944968,0.4575907481141933,0.4239567129798209,0.4969362496179239,0.988669191600226,0.5206510492843284,0.5088592252089844,0.6082111292613459,0.4732343722172139,0.511132886248552,0.9929119984916319,1.711880240267437,0.7868262387407795,-0.9250540015266574,0.4596266494618858,0.8558908045977013,0.766882183908046,0.4861325902558121,0.40675863225338155,-0.3867222818395967,-0.3697143532946983,0.2067946593227205,0.1485327171065122,-0.2555644838236363
136227,0.6749999999999999,0.921875,887.5,966.625,1314.814814814815,1048.542372881356,-0.246875,79.125,-266.27244193345905,1.2539453328927015,1.4176869983840006,High_Efficiency,0.1893248630641335,0.0039209563009316,-0.1854039067632019,-0.1705442267224796,-0.2168824907123919,-0.0463382639899122,0.1909057408986275,0.1813864392198762,-0.0095193016787512,0.4668147117393219,0.3831041616837449,-0.0837105500555769,0.5473201256584279,0.338339720886587,-0.2089804047718408,0.5038994889780658,0.2992816232918649,-0.2046178656862008,1.2073788837798036,1.1409261490464433,-0.0664527347333602,0.1053865340003375,0.0922261078390391,-0.0131604261612984,0.4541943471278157,0.271053635397372,-0.1831407117304437,0.5150764557431193,0.1186266232415899,-0.3964498325015293,0.2811258584067419,0.0609287938293562,-0.2201970645773857,0.1021632401150674,0.2449232587400855,0.142760018625018,0.914666824607957,0.6050767631263443,-0.3095900614816127,1.4071790751477344,0.7952994804402245,-0.6118795947075097,1.2056404215052572,0.4924620433825751,0.5740526340382271,0.9885854267615888,0.4984536329513053,0.5140486169767733,0.4964149792139555,0.4368505796397823,0.5131782711609844,0.6085314985940036,0.9839080459770116,0.5137673152211788,0.9724137931034482,1.214213395633173,0.654699083406557,0.5042086828915286,0.5116253271153108,-0.0226352940989456,0.5382510119299525,0.5207658693993524,0.683401671390389,1.1553190454098758,0.5301458980997353,0.4856472971811397,0.5767358245200869,0.5073549107934724,0.5618075338091925,0.982183908045977,0.9854875584044815,0.5794230772715097,1.0649819704747014,0.6442453546702744,0.5894084962717632,0.5235036352039157,1.2374376665913365,0.4391885403516219,0.5848330554219803,-0.0263343583154788,1.0348976388885238,0.4543751546524331,0.4021194962443312,0.6352346838001958,0.5215836140292381,0.5891955249906274,-0.0250494979487878,0.5383696631521667,0.5979020522897782,0.4413254279726691,0.4675307876154481,0.9819076437534784,0.5002309178909445,0.4883140440960374,0.5860884600105024,0.4133946930960731,0.47963513732461954,0.3084436587379334,1.407316812626146,2.9887857477320137,1.5814689351058677,2.123746122529883,0.6629741379310344,0.9070402298850576,0.3633194330527179,0.4611503774307145,-0.294874141256853,-0.38109823269794235,-0.07050265428126512,0.5047979441742232,1.7547146993312988
136631,0.9875,0.90625,604.625,899.25,612.2784810126582,992.2758620689656,0.08125,294.625,379.9973810563073,0.617044618757544,0.0793563000003757,High_Efficiency,-0.3597329817610106,1.0123960170198387,1.3721289987808494,-0.6040426100050857,0.1360092429083801,0.7400518529134659,0.5782643468654451,3.099478971522771,2.521214624657326,-0.3895612633518227,0.1851466633528902,0.5747079267047128,0.038069493701086,0.5357689800667269,0.4976994863656409,-0.2944103374047505,1.1781437871633718,1.4725541245681222,-0.4351961770623082,0.5419259081545875,0.9771220852168958,-0.7190069553965522,0.12118947231199,0.8401964277085423,0.0932667773339115,0.4816153345394488,0.3883485572055373,-0.6099398299007939,0.3187717923791405,0.9287116222799344,-0.3773898605132478,0.4781153510175664,0.8555052115308144,-0.0184367469248001,0.5463581359110422,0.5647948828358422,1.273488285364965,2.8442768857318463,1.5707886003668814,0.0337644420109665,0.2892671867072187,0.2555027446962521,1.2886977934612718,0.6050739172998361,0.7069786100604996,0.9394989265110968,0.4799100831401335,0.6338920482053267,0.5131679982740094,0.6265897464300159,0.6466926677296707,0.5950794448270276,0.9155172413793105,0.4575635214914797,0.9413793103448276,1.4764608039523268,0.4159162400969742,0.6107600356252323,0.520244958561142,-0.0324891888564948,0.571581437855808,0.5665664681674684,0.6318209109270876,0.4566192049228278,0.6443642713323325,0.3947346153775626,0.5204126311980376,0.600878679676756,0.554876400096886,0.9597701149425288,0.9673717472986852,0.6934462619953643,0.5936334738795105,0.7064262444755535,0.5374986669040717,0.2831021879757029,1.582623692326616,0.434186251299119,0.5374960387906973,-0.036611487009541,0.4075279166781769,0.4920683373725587,0.5314302812702116,0.6407325381233024,0.6290641957895555,0.6956918711107696,-0.0301211431088357,0.3429913401290196,0.7285600198244233,0.6125190019687411,0.4258450736744515,0.9599297201369448,0.4884100284939746,0.4521386432146875,0.5949187009347631,0.5195413753779445,-0.1279188155031427,0.8406045520562013,7.719679676803,1.0780918562615083,-6.641587820541491,0.13965498074306168,0.9477729885057473,0.8296875000000001,0.5644366698826104,0.44262158832266446,-0.6187573745996406,-0.4708343714362622,0.08454113033970864,-0.5160814831883912,-0.5793939517425143
136732,0.95,0.9375,539.125,721.875,567.5,770.0,0.0124999999999999,182.75,202.5,0.737012987012987,0.9270404758583642,High_Efficiency,0.1497943252250301,-0.2382010237240536,-0.3879953489490838,-0.1307639778028793,-0.4690463880600015,-0.3382824102571221,0.5721755696803821,0.7712430147606255,0.1990674450802434,0.4452021958361065,0.4101113271791336,-0.0350908686569729,0.5822395365552605,0.7628467085260207,0.1806071719707602,-0.1526804212621737,0.2435212906583189,0.3962017119204927,0.5646475934610974,0.943366067001386,0.3787184735402886,-0.2981311360752913,-0.012803291430462,0.2853278446448292,0.4619363317307225,0.5573192663204811,0.0953829345897584,0.3372341245572584,0.7209958649079747,0.3837617403507163,0.8869300777169864,0.632418150615534,-0.2545119271014524,0.4604295620248975,0.3539174309784922,-0.1065121310464052,1.2784191823516875,1.1161614679911651,-0.1622577143605221,1.0410381956138357,0.5756120842867105,-0.4654261113271254,0.872285765747576,0.4544167746031395,0.3785011815483992,0.9504401680828884,0.4047867726070291,0.4382215930605016,0.4573318410340462,0.4121049863290956,0.3767988067764345,0.4886328227485123,0.9310344827586208,0.4334404786453122,0.9488505747126436,1.0110843366262272,0.4694929285231936,0.5275265088603799,0.4260359206265779,-0.0216207598815042,0.524748403451084,0.5041654501383299,0.4906204538425305,0.9601651263523384,0.4888826963947655,0.3938316833132023,0.4662541892692345,0.4881250245215349,0.4597347894384844,0.9396551724137931,0.9575614320794924,0.5339636420364021,0.9131178744437808,0.5035779475986015,0.4219071917429975,0.4655119140929487,1.0136096017635368,0.4372782481708145,0.4188409134869545,-0.0234602946545112,0.9402651061856132,0.4670635814049445,0.3644877031078615,0.4456182025982959,0.483228357918002,0.4943248228648039,-0.0199503569617414,0.3772961050108856,0.5032766142633446,0.3976354454007761,0.3783003237604164,0.9600664675659708,0.4387866458975357,0.3787381829136531,0.4387654725405004,0.3744335244464477,0.44274793997235146,0.4548187121436661,2.14568554372897,2.061256306551347,-0.08442923717762296,0.9606511783259392,0.8926724137931035,0.872844827586207,0.4985109832785298,0.4113624805289397,-0.3914997370126408,-0.3510314291685447,-0.08025902514592062,-0.0887875017821591,0.6259861045228442
136833,0.9125,0.8125,560.875,740.3125,614.6575342465753,911.1538461538462,0.1,179.4375,296.49631190727087,0.6745924816551692,0.2861625490887983,High_Efficiency,0.3823043691452836,-0.2944461543814904,-0.6767505235267741,0.017543394087932,-0.570871123713673,-0.588414517801605,0.9505871187941428,-0.0314720405089944,-0.9820591593031373,0.4886941913530517,-0.4471286070739836,-0.9358227984270354,1.1055267584515696,1.0092311227862512,-0.0962956356653183,0.3976278757670081,0.307875163251665,-0.0897527125153431,0.5990155631452906,0.7289980782110614,0.1299825150657708,-0.5507266634810796,-0.2116842585074999,0.3390424049735796,0.8878996463054534,0.435233227040255,-0.4526664192651983,0.5479351253866493,0.4188548246752323,-0.129080300711417,1.1158199637530248,0.6900039448614996,-0.4258160188915251,-0.0348133722966977,0.3463764417591127,0.3811898140558105,1.8725548188512755,0.8592207795865,-1.0133340392647754,1.0850748345607557,0.2290888170076588,-0.8559860175530966,1.609481372784305,0.2787069904480813,0.361441897863724,1.0,0.5655775413531631,0.3802323074093984,0.5982420375875201,0.2904051362127657,0.3561816938273916,0.9382862113919832,1.0,0.8007178801159509,0.9902298850574712,1.3121801469322445,0.5737270267068487,0.7343272988252731,0.551580971922194,-0.0252175931258871,0.3171950492864657,0.985122696000647,0.650286123997871,1.0971101651542594,0.3553740194000034,0.771147388859539,0.6051069955905191,0.7004698391711681,0.5986199346495107,0.9120689655172414,0.9362582750748938,0.5602117787975566,0.7064930462354198,0.393208655047369,0.4080906023726491,0.8111076965664805,1.0120204383796525,0.7656083256454219,0.6005912487814764,-0.02727969348659,1.2051026868910228,0.5086032075219331,0.5188691035276367,0.6923472155311355,1.0075064667701166,0.4296685022035201,-0.0274351273928148,0.8016686309844642,0.4336204620175952,0.3417309801475634,0.7899091434759233,0.9911432771099188,0.814831153906465,0.8338426697759886,0.9112288245391073,0.7879947583106544,0.6332174017016899,0.2478057296423996,1.4410509826432365,3.2787648712062323,1.8377138885629958,2.275257874592551,0.8322629310344827,0.8125,0.2894404824738999,0.6620503125490028,-0.26499468679414867,-0.6402457411274066,-0.3554352149857206,0.10743775513807505,0.3610928655089353
137027,1.0,0.921875,764.6875,927.125,764.6875,1005.6949152542372,0.078125,162.4375,241.00741525423732,0.7603573294458675,0.3648796866115706,High_Efficiency,-0.4647089143293782,0.2601264837067675,0.7248353980361457,-0.2520521376352159,0.1717621252871434,0.4238142629223593,0.4292238715761556,1.0065735497996195,0.5773496782234641,0.529023480858923,0.6746123913066894,0.1455889104477663,0.9947849830214992,1.3002441429174756,0.3054591598959764,0.546407883781487,0.9071162098403436,0.3607083260588566,0.5725676132106372,0.9607745857394366,0.3882069725287994,0.1511175463531043,0.7442386297869245,0.5931210834338202,0.6890778867166067,0.9233657651282052,0.2342878784115984,0.6006107286993627,0.8594927116954719,0.2588819829961092,0.6544591227406427,1.355052533350908,0.7005934106102654,0.1731011658845548,0.6617164346652589,0.488615268780704,1.03129467988651,1.2778204779397964,0.2465257980532861,0.7795405729382447,1.0995348147060395,0.3199942417677949,1.255972746496271,0.4615428401484525,0.4803218867671378,0.9554017602221896,0.4628180730425866,0.5526072057473587,0.5421399790537434,0.4084262229909188,0.418025544010395,0.5382574779105413,0.942528735632184,0.4234905477939173,0.975287356321839,1.204318320362156,0.5428169773198295,0.4058270070891651,0.4593400918116506,-0.0191813173268417,0.4682573478830092,0.3253329963562891,0.505098541699547,1.0197055188017403,0.4948349046283858,0.3772651506818923,0.4799148885773333,0.4848962384366441,0.4779736815934799,0.9752873563218392,0.9793828238552128,0.3814837822964015,1.1168846214744517,0.5237374294134416,0.613892338506325,0.5174984336123108,1.2288474194319048,0.3658458122521981,0.5343767711151884,-0.0238096357126188,1.0514909855176795,0.404626319391039,0.4007385127823354,0.5362029495508898,0.438407225911846,0.4776822528645463,-0.020406847464844,0.4705284211116176,0.5861536921795779,0.3561468935420845,0.350212821396975,0.979954501155276,0.4388981412330386,0.3153868770639693,0.5769649714461742,0.3371394857932605,0.45960346312165246,0.8716022039907199,2.175783919085465,1.057677387805719,-1.118106531279746,0.4861130245586436,0.9752873563218392,0.8688936781609196,0.4682573478830092,0.40460922394920745,-0.4084262229909188,-0.310800463465662,0.4124513557554903,0.04690488682498759,0.3482778940728407
137128,0.9875,0.875,671.125,979.875,679.620253164557,1119.857142857143,0.1125,308.75,440.2368896925859,0.6068812057854189,-0.2768022186035746,Low_Efficiency,-0.1463340062815341,0.2135848701495304,0.3599188764310645,-0.4968819759607968,-0.2320644642810571,0.2648175116797396,0.2739430287329652,0.4344687436098672,0.160525714876902,0.1015916997005431,-0.0868745447565792,-0.1884662444571224,0.869857626862361,1.0632494299603472,0.1933918030979862,0.3323676149948023,0.3920633123272239,0.0596956973324216,0.8808137860065537,0.9176509754046096,0.0368371893980558,0.1518004467113585,0.3314897715373853,0.1796893248260268,0.744831466734315,0.7115101768274118,-0.0333212899069031,0.843497130659676,0.8237502814411203,-0.0197468492185557,0.6291020058972268,0.8023570565110121,0.1732550506137853,0.3615619958897753,0.3623773869178801,0.0008153910281047,1.0609355413543755,0.8942660788272856,-0.16666946252709,0.4812564217269575,0.0720434099471559,-0.4092130117798015,1.0174078841300138,0.3101414629908811,0.372037607201493,0.9574928985082708,0.3055829034638373,0.3272678726222948,0.3124898313926506,0.2452676525054642,0.3278539134453391,0.418054086000848,0.9488505747126436,0.3790413167510137,0.9017241379310345,1.1043770058630875,0.501046255391919,0.4251971168727871,0.3373583581633148,-0.0069765629585264,0.3158733682413175,0.4044289416141335,0.3449984034102634,0.9633930854997604,0.3432986270954133,0.3944120996692813,0.3599064468829788,0.2921708995528025,0.3421454042557917,0.8848659003831418,0.9048336737158428,0.4645284170501761,0.9090726094421516,0.2424896447851093,0.5278672617539106,0.459187250601685,1.23486647847029,0.3407498423325872,0.3858743127831209,-0.0202443162063274,0.960207386311249,0.2827539974813037,0.2279616127101335,0.3107611631268218,0.5134586427532399,0.324321795973652,-0.0086528557497872,0.4656486864588015,0.3163290858182622,0.2435337388521978,0.3811216693854558,0.92624660977361,0.3723071126984029,0.3420086021151012,0.4522839814565753,0.3055319626121108,0.4348816273591842,0.4785623203159424,2.270727635170376,1.8283891866646493,-0.44233844850572646,0.8051993348502705,0.8738050766283526,0.8302442528735631,0.31192495113830104,0.32576872361110254,-0.2422018068491459,-0.26734046728559696,-0.5611066926989811,0.07358853474207905,-0.12830687551016362
137229,0.9625,0.9375,867.9375,945.3125,901.7532467532468,1008.3333333333334,0.025,77.375,106.58008658008669,0.8943007405817323,0.7130502741133355,High_Efficiency,-0.3037086603416686,0.1215961975886459,0.4253048579303146,-0.5731378653873486,-0.4873048468545428,0.0858330185328057,0.2248380369472405,0.2227390799386172,-0.0020989570086233,-0.0288651439272176,-0.0836825938641581,-0.0548174499369405,0.2910738534685795,0.1524390693350965,-0.1386347841334831,-0.0988027144910118,-0.0587119963530444,0.0400907181379674,0.3255850937500737,0.7079156515990883,0.3823305578490145,-0.2703308331031612,-0.1421200750782084,0.1282107580249528,0.3819214681420019,0.2655716640087077,-0.1163498041332942,0.3368205068379364,-0.0751316317057809,-0.4119521385437173,0.477043546821368,0.0666610284393295,-0.4103825183820385,0.1819820316764486,0.4490488482068306,0.267066816530382,0.7887300399703345,0.5893470951328637,-0.1993829448374708,0.4510165650098519,0.2961352933108505,-0.1548812716990013,0.9249814951387,0.2564824825855138,0.3472701133664094,0.8733889528097025,0.220882197008624,0.3298736763637566,0.3321627443324128,0.2311468751452733,0.2925885213022459,0.3067502485873748,0.8327586206896551,0.1979744219584928,0.8793103448275863,0.8397902017767638,0.3978173785896852,0.3305255517116264,0.3075295958255082,0.009156248478068,0.3042783398880234,0.2675414833501952,0.3728230148005098,0.5512849939292827,0.2274465518832202,0.1802952155035972,0.3491429694147037,0.2692283568281081,0.2205476406420084,0.8913793103448275,0.9137425034810548,0.3832004018055629,0.5886673003633451,0.3918623540855411,0.4084462246269768,0.308096615444085,0.865556126197944,0.1820189505001212,0.3765842791683096,-0.0061596601926836,0.4540106613896896,0.2309576766888844,0.175903090554799,0.341250500679348,0.2742265077855187,0.3804385234357886,0.0005538524126709,0.2812283230453993,0.3476820729601535,0.243926418713375,0.20515799636489,0.9084927876872284,0.2516719795012425,0.2619490348683088,0.3276013281587753,0.2119067143177093,0.15601185181238764,0.14460734169316394,6.169363541648792,6.48302849630367,0.313664954654878,1.0508421819682339,0.8579525862068965,0.7807112068965517,0.2928679021422225,0.23594248078241484,-0.22247886732732555,-0.19866254467285246,-0.35724114924023515,-1.1238895384219991,-0.8325644151705623
137431,0.9625,0.890625,744.9375,1072.6875,773.961038961039,1204.421052631579,0.071875,327.75,430.46001367054,0.6426000585675468,-0.3209909022445115,Low_Efficiency,0.9586315729230503,0.5439224786523376,-0.4147090942707128,0.1380099244487639,-0.0654388856692876,-0.2034488101180516,1.6795612217405096,0.9534511642961804,-0.7261100574443291,1.4668878161390393,0.5115571676624057,-0.9553306484766336,1.5908214938506196,1.3604891513661113,-0.2303323424845082,1.2824757536599427,0.9739036519316204,-0.3085721017283225,1.0295823737201415,1.0318092344038492,0.0022268606837078,0.3300854476590527,0.0703777921623412,-0.2597076554967114,2.176316820937524,1.6060109513946603,-0.5703058695428634,1.3766814467149415,0.7427999624509809,-0.6338814842639606,2.0023694048679967,1.8505630394582488,-0.1518063654097479,1.0177303850957875,0.8858354779888253,-0.131894907106962,1.481985626413619,1.3016893767868394,-0.1802962496267796,2.243632450933868,0.9730851547257436,-1.2705472962081246,1.4779593096058927,0.4519986117959604,0.4608792097929215,0.982318880646296,0.5039948661105456,0.4659251955821084,0.5410967840065471,0.412081548127657,0.4738634877593578,0.7361815594784841,0.9770114942528736,0.5601658550274615,0.9632183908045976,1.4339279898218251,0.4832555317366012,0.6217125871121552,0.5030931438751891,-0.0257722246582218,0.5267328450672217,0.6778994199027475,0.5538380173508681,1.0439308634455728,0.4464818988889742,0.6082493147319906,0.5501641283443759,0.5700571434152942,0.4694840627907306,0.9310344827586208,0.950767135551814,0.5734082909533702,0.8539818625816957,0.499476815664031,0.5220432320176889,0.5915941492005208,1.372744416008445,0.5537360495404943,0.529268242088291,-0.0309306214628729,1.1081021138553186,0.4623977377466287,0.4435913537873791,0.7051375162443607,0.6468833010864918,0.7139998422417827,-0.0330086656444594,0.6269903207381897,0.4695172259225821,0.4601592083867361,0.5846724498792656,0.9709973334577744,0.667195269863548,0.5446070825586571,0.8299412617168651,0.5474212407542263,1.3410551242217754,0.910003979829347,0.7177179109923872,0.9787034354108904,0.2609855244185032,1.363630552882661,0.8961206896551726,0.8701508620689655,0.506980363377201,0.5942207872222225,-0.3966284900728699,-0.48754704254673276,-0.21367275342129838,0.18173954257146757,-0.028782693113379054
137532,0.8999999999999999,0.84375,890.0,1050.25,988.888888888889,1244.7407407407406,0.0562499999999999,160.25,255.8518518518516,0.7944537014996431,-0.0132866635220249,Low_Efficiency,0.2260773143852574,0.1181831254128419,-0.1078941889724154,-0.2026033899458009,-0.0795862059629292,0.1230171839828717,0.4027980537828953,0.5678127599015907,0.1650147061186954,0.3862878388124443,0.3296718030430437,-0.0566160357694005,0.3905031414758279,0.4990564209866559,0.108553279510828,0.0282950721373517,0.1334325098985633,0.1051374377612116,0.5676246614735541,0.6541996381756857,0.0865749767021316,-0.0482199971757867,0.0905159200037041,0.1387359171794909,0.0861078619205058,0.4334387332775044,0.3473308713569986,-0.1006360604123139,0.0620941484206078,0.1627302088329218,0.7400976928476486,0.4795353118478031,-0.2605623809998455,0.349311109652233,0.4842851043982162,0.1349739947459832,0.8841686949672187,0.8141354775340381,-0.0700332174331805,0.838719351691676,0.5389262649777564,-0.2997930867139196,0.9124378016255288,0.3028776213051096,0.3549588433014353,0.9360254003097368,0.2830485402728313,0.2710610478652896,0.2764884082135564,0.2515926235839416,0.2842221579028711,0.3754506096838546,0.9057471264367816,0.3302583663006799,0.896551724137931,0.9541169154970864,0.3387785493730152,0.3872857910171794,0.2754421755361936,-0.023833955795408,0.3377211437619868,0.3600096581221951,0.341624436297492,0.9607226633157,0.299905940654427,0.3253593376396376,0.3013986525019619,0.2674328514197996,0.289695837655563,0.8988505747126436,0.93894748989492,0.3908628703627961,1.0268894053477644,0.3632054193537903,0.2785348605492136,0.4121163043009141,0.9558855599556808,0.257163801989654,0.3293960711920173,-0.0205247023827395,0.8973227301466531,0.1618870448000849,0.2158365611174162,0.3257732520907649,0.3838574964618527,0.3472279477731743,-0.0211481823879971,0.4026352513286079,0.3069310243634937,0.1905297715606895,0.3089001149296793,0.930188742848209,0.3058991735822884,0.2928878252072699,0.3449350214563386,0.2498315265100864,0.3248950961151937,0.36612150085107725,2.7701163872430774,2.3045565296824,-0.4655598575606774,0.8319346105314256,0.8089655172413792,0.7642241379310345,0.3039490293857881,0.25810242771005587,-0.22643336122554739,-0.2107953504928854,-0.3671625806225277,-0.37704415967374316,-0.47991696451568666
137633,1.0,0.96875,674.125,1003.875,674.125,1036.258064516129,0.03125,329.75,362.133064516129,0.6505377599302702,0.1418451252527004,High_Efficiency,0.5801280279718193,0.6414410006292852,0.0613129726574658,0.162447829603035,0.4097518059958657,0.2473039763928306,0.8781506458958894,0.7074075868594437,-0.1707430590364457,0.8075494044156853,0.6707727699484283,-0.136776634467257,1.200006246371479,0.871138891525342,-0.3288673548461369,0.9767723063777712,1.0545263045702704,0.077753998192499,1.0719700447040124,1.019106017766149,-0.0528640269378632,0.4881465552074507,0.3148062725303102,-0.1733402826771405,1.049962717292513,0.8712318301992179,-0.1787308870932951,0.9106052140019149,0.756599268851516,-0.1540059451503988,1.144969279414111,0.9875193012374636,-0.1574499781766473,0.5975765804171915,0.5487636526420343,-0.0488129277751571,1.596775848014016,1.3478334436059094,-0.2489424044081065,1.020898816761303,0.79561972046669,-0.2252790962946129,1.1487140914131495,0.6267830460040356,0.7251886218452597,0.9794994856883912,0.5022034814488767,0.5913903426029372,0.6352464485616633,0.5567325301644575,0.580667551768415,0.5424782452631383,0.971264367816092,0.4738165403530467,0.992528735632184,1.3042170291082391,0.6815962890590093,0.4821639414706002,0.5152326193621624,-0.024344971404712,0.6417120405162471,0.8333016457342481,0.545781773087204,1.3222249836578552,0.6313842125955303,0.4493882055277157,0.5447606647793901,0.6409190873177939,0.533446039354698,0.999425287356322,0.999425287356322,0.6934054393414959,1.1770271382714157,0.5981572257989692,0.7931684898174491,0.5451470165192578,1.4284875004403803,0.477863450314003,0.6020854736909493,-0.0238401919950725,1.5214537047730985,0.4450596537500292,0.4753181280803783,0.4966623436124332,0.3173326528713279,0.6533538209013664,-0.0270917675740623,0.4715478615159971,0.6601548498575305,0.4920982254896223,0.5023520063335138,0.993005688649367,0.4692515178729496,0.7533510295800144,0.352078585760319,0.5034758535238115,0.8918542511748708,0.7854655619162803,1.121258184758868,1.2333433999234396,0.11208521516457148,1.0999628067159832,0.999425287356322,0.9409123563218391,0.6417120405162471,0.45458740793941993,-0.5567325301644575,-0.4877422331011924,0.4991033378339271,0.2915313925080303,0.4756037287751038
137936,0.875,0.734375,805.0625,954.25,920.0714285714286,1299.404255319149,0.140625,149.1875,379.33282674772033,0.7080717373404694,-0.3776380100301839,Low_Efficiency,-0.3026775901626363,-0.0817188888957106,0.2209587012669256,-0.9458254745624264,-1.053236207738099,-0.1074107331756726,0.5511704066847927,0.3706329218805835,-0.1805374848042091,-0.8927028099861599,-0.864601937721074,0.0281008722650859,-0.1525446963243089,0.3075688012171378,0.4601134975414467,-0.3967912611052238,-0.2000514943192484,0.1967397667859752,0.745253877256983,0.8760589216016496,0.1308050443446665,-0.6661674685816376,-0.2206821313511779,0.4454853372304596,-0.148441502110149,0.6320660678056884,0.7805075699158375,-0.3840128422023552,0.0339468995659601,0.4179597417683153,0.2603761071191364,0.2072360681130231,-0.0531400390061133,0.0483230637857892,0.1531577073743113,0.104834643588522,1.0755913250939102,1.4298352236074858,0.3542438985135756,0.2311797330741498,0.3803716819693536,0.1491919488952039,1.844926253134754,0.4722748849223377,0.4310547594488735,1.0,0.7951547313559516,0.5847288949951567,0.7257748287807518,0.4776245472541605,0.3843961045214953,1.1586024712587106,1.0,1.263461536226151,0.9816091954022989,1.4456432890387907,0.7606540161534965,0.8197739546843411,0.6845345131621746,-0.0245959529783243,0.5979946284540142,1.0695575098803758,0.7676473164091069,2.13863724883089,0.5351547745691958,1.2582664891745323,0.9103290728960528,0.7261413799691461,0.8432381881920656,0.9339080459770116,0.9438694957591852,0.6562109265793681,2.26817946666949,0.7300895294026306,0.5151549825498029,1.1573335059550116,1.3713119457775045,1.0826661859132711,0.8021878180500521,-0.02727969348659,2.019402018074403,0.6747616497286001,0.7399743373630486,0.9463224805028084,1.182700761278251,0.7312325851821921,-0.0221492970602624,1.2413039832100967,0.6568457005808495,0.4388935507834124,1.109779756004638,0.9850428396635292,1.3762714482044738,1.0917623546815014,1.3991647608302302,1.1761136967245127,-0.06980493800143828,0.1407559737935631,12.534750266975447,5.217325864628552,-7.317424402346895,0.41622891061064177,0.8171695402298852,0.734375,0.5232452998972624,1.0106993447751604,-0.4179214788473904,-0.863708496032064,-0.08381465217478057,-0.3591536567603398,-0.7471149777351528
138231,1.0,0.8125,639.0,1070.4375,639.0,1317.4615384615386,0.1875,431.4375,678.4615384615386,0.4850236468733578,-1.0994945630997566,Low_Efficiency,-0.1256779724291912,-0.0975867359399119,0.0280912364892792,-0.2950433936968865,-0.0576270293733379,0.2374163643235485,0.6563396088622462,0.4966594327540071,-0.1596801761082391,0.17469080129651,0.2305445704370291,0.055853769140519,1.1970918014814638,1.1654219787753015,-0.0316698227061623,0.3789750299259341,0.494987991474153,0.1160129615482189,1.2248000501359495,1.2244310951131665,-0.0003689550227835,-0.2790636042756662,-0.076980189240208,0.2020834150354581,1.184927628237304,0.8299383142463481,-0.3549893139909558,0.549885162341464,0.5997915570066342,0.0499063946651701,0.6286723804536763,0.5456979767433359,-0.0829744037103404,0.2332330494331116,0.2285945085588669,-0.0046385408742446,1.7200703424810768,1.549394585228946,-0.1706757572521308,0.709923934818605,0.8210687643422264,0.1111448295236213,1.0705954388809922,0.4594674831288761,0.4848671387223656,0.95622038899916,0.3903505226482305,0.3712102260921968,0.3817539388368289,0.3643092416535353,0.3921789039519118,0.4789149268838565,0.9454022988505748,0.390668119916463,0.964367816091954,1.1442376325865464,0.3915695633926079,0.4444726670146536,0.3794809251703902,-0.0177458937854533,0.4868707882552161,0.4368832775137444,0.5186004081470463,0.8583302233824143,0.4481593071424369,0.3845509435932479,0.4414018896621264,0.4031768199275353,0.3877581771163361,0.9793103448275862,0.9849047490398064,0.5374295697961107,0.9517219213992788,0.5725845197000192,0.4312813295653526,0.3722740016542116,1.2604773457209777,0.3238620483317797,0.4394699653931009,-0.0253224972406422,0.8542495191104058,0.3596702779383026,0.2984156577686966,0.5327133144254788,0.4554125749507917,0.5624556577909775,-0.0262732639272378,0.3933900404764961,0.4864969651480102,0.3866544231359249,0.3197575845744426,0.9709367575534296,0.4201049686277116,0.3294045762408891,0.5210862788929835,0.3081531803974787,0.5684874870761141,0.5681669157233254,1.7590505748731398,1.430034990563695,-0.32901558430944466,0.812957966094216,0.9793103448275862,0.768139367816092,0.4868707882552161,0.34133528701001564,-0.3643092416535353,-0.2503744590729514,0.5242145362922288,-0.07317751367187124,-0.9646180842135572
138332,0.8375,0.875,614.3125,1003.6875,733.5074626865671,1147.071428571429,-0.0374999999999999,389.375,413.5639658848616,0.6394610173492707,-0.0545950242335773,Low_Efficiency,0.1743337099249434,-0.1883439606267444,-0.3626776705516878,-0.1341285948836126,-0.0579252775238629,0.0762033173597496,-0.2413603015799211,-0.0357020293042764,0.2056582722756447,-0.6506953161218252,-0.1989846078471184,0.4517107082747067,0.8206939030794147,0.3198043959061237,-0.5008895071732908,0.4097498081542908,-0.0016776966375339,-0.4114275047918249,0.6856828569652161,0.306251180851146,-0.3794316761140701,-0.3426327997040265,-0.2757330746804556,0.0668997250235709,1.05842594431338,0.2009713710355701,-0.8574545732778099,1.1414925603316244,0.2804547649049496,-0.8610377954266748,0.8378730360202937,0.4207046841666261,-0.4171683518536675,0.0532072082181699,0.268871633283304,0.2156644250651341,1.1963840899589822,0.8090898163289827,-0.3872942736299996,0.2920498560343333,0.1197354693556278,-0.1723143866787055,1.447201402893164,0.3319759822272294,0.3663770577425027,0.9957621094316496,0.6361070806951428,0.3934166468594545,0.6312352295691369,0.3063545273765182,0.372329911341435,0.8851915777837072,0.9954022988505746,0.7770915498756772,0.985632183908046,1.3757910688754458,0.6721163157003969,0.6637953757020411,0.6003879849089963,-0.021285593322712,0.4325470275660736,0.8323378017182472,0.7980663181883705,1.149015926923584,0.3516834325206628,0.7757783459743507,0.7677190522170037,0.6570066497620535,0.6274212253010821,0.9517241379310344,0.9616176483310231,0.4917144929073094,0.9168001396347384,0.5207594039502765,0.4749030309846097,0.8201720663561999,1.183987780741924,0.7426563359094527,0.6160645806600631,-0.0266205025906917,1.1848946046641646,0.607899019490504,0.5459753549365536,0.7234602563871175,0.8662704684612585,0.384059754791256,-0.0241211464142182,0.7345726631496574,0.4151913434622572,0.3875101520292023,0.7574904834415761,0.9883581369819304,0.8131437257062012,0.7728040547605998,0.9011252543575294,0.7350631261904789,0.3786482829079474,0.14053690494373847,2.2118092858071066,6.226078297881904,4.014269012074798,2.8149241993464913,0.7970689655172413,0.8709770114942528,0.36225813558658665,0.7115007599929261,-0.25657191667783397,-0.643180235416669,-0.020584233668764985,0.20132929922253476,0.20724898077618564
138534,0.9625,0.890625,756.25,1016.875,785.7142857142858,1141.7543859649122,0.0718749999999999,260.625,356.04010025062644,0.6881640179120204,-0.0775689174799751,Low_Efficiency,0.0114802966824779,-0.4374373743507411,-0.4489176710332191,-0.4104448986813549,-0.5667717459854034,-0.1563268473040484,0.9541579052212732,0.6272002444759054,-0.3269576607453679,0.4293645329798004,0.4373978918591487,0.0080333588793483,1.5865768061146566,0.8987109012211327,-0.6878659048935237,1.0603712173318434,0.5310656592397105,-0.5293055580921329,1.4318197297004192,0.6255864185043274,-0.8062333111960918,-0.1169574670229397,-0.0885797348424316,0.028377732180508,1.1387866096365973,0.1142597366303193,-1.0245268730062778,0.6157372871817313,-0.1244313739323112,-0.7401686611140426,0.8531637717822061,0.5882261236767052,-0.2649376481055009,0.1391415284263877,-0.0523609181657077,-0.1915024465920955,1.7304154854980265,0.4112282323511365,-1.31918725314689,1.1068560784864063,0.1952519442582526,-0.9116041342281536,1.278335837463136,0.4447486102191059,0.4427420694813382,0.978138069514602,0.4035520959219694,0.4723069506955493,0.4581869493863139,0.443689263747073,0.4073600376426122,0.532339605318767,0.9672413793103448,0.5500250047865072,0.942528735632184,1.3490683335873808,0.5570530394731494,0.4787233472674641,0.4196436898293186,-0.0276249148675321,0.599714428253988,0.5688098343543712,0.545451130069516,1.103296122959941,0.5349013101487924,0.4818305214389645,0.5608616401674908,0.4824027824470819,0.5115586474400385,0.9465517241379312,0.9625073635006316,0.6009841736675996,0.8856569401106064,0.5380258243380007,0.5181593705381156,0.665409505019475,1.544981305351766,0.4608704411622505,0.4927940212579099,-0.0218820849619794,1.1892540285969364,0.3572147002309332,0.4018087637782396,0.6317669949336668,0.5737241155882974,0.7462994719065847,-0.019058282052394,0.559571216282041,0.4660845906320631,0.4281478640912057,0.4768902736390771,0.9587439935309244,0.6078358836187944,0.546062481580486,0.6680271092612156,0.50532433210865,0.7521763488098235,0.22566757178143165,1.2796184324388016,3.946606268517546,2.6669878360787447,3.084203137643656,0.9110560344827588,0.8614493534482759,0.5772251371944634,0.5413538338479887,-0.4270509163565578,-0.45005448328426645,-0.043826152025181836,0.15223796740833814,0.12788571248979458
138837,0.6375,0.671875,1230.25,1245.0,1929.803921568628,1853.0232558139533,-0.034375,14.75,-76.78066575467415,1.0414353492400978,-0.2848139102096608,Low_Efficiency,-0.9039610333238994,-0.1078132481031218,0.7961477852207777,-1.071649320273198,-0.3642372974982676,0.7074120227749303,-0.5095142397720825,0.0115309681147511,0.5210452078868337,-0.4697683311742734,-0.2457394737602717,0.2240288574140016,-0.2001722313693633,0.2862744543671601,0.4864466857365235,-0.91465884042755,-0.551988377862922,0.362670462564628,-0.2192494158923447,1.0056395868769017,1.224889002769246,-0.3963056005000504,0.0911355544448811,0.4874411549449315,0.0428379065574788,0.2744446602183478,0.231606753660869,0.0822718971731089,0.291023351077656,0.208751453904547,-0.4919919135527139,0.3968962303986328,0.8888881439513467,-0.60969420666664,-0.2074177680822378,0.4022764385844022,0.2482997390030255,0.5812531031552852,0.3329533641522597,-0.1886636218588647,0.2540618358946204,0.4427254577534852,1.2335433891645249,0.4918499831399741,0.412690194949102,0.9336990991553122,0.3715548296431774,0.4245353630290009,0.3673022052365762,0.4430591644972443,0.3667986892497683,0.4030980873885144,0.9155172413793105,0.3301165446486221,0.9408045977011494,1.252461013728503,0.6584035639902608,0.33784116053121,0.3327607286248659,-0.029252670852227,0.6354567761348847,0.3945004406007251,0.5852864021984447,1.2295964330488238,0.5245475917598493,0.2907391407591123,0.5974535248485882,0.4064790862285355,0.4568606456118674,0.9620689655172414,0.972755973322168,0.443940176571588,1.207904148351992,0.6196781233991855,0.6530802616404847,0.5504194553425694,1.3158101788883725,0.2284838645960723,0.3617946383331986,-0.0216287684674327,0.9844862624042156,0.2444922097525467,0.3391925542611159,0.5870265539262731,0.2331625676321573,0.6054567467405624,-0.0268898047078042,0.3390277413917502,0.4799443364822287,0.3027641343215932,0.3280027744901487,0.9588506790808928,0.3703390032624382,0.3772668924418761,0.4063056007960736,0.2828131822926659,-0.40015851514838346,0.1225045413743868,1.5931146851865015,5.484445784755939,3.891331099569438,3.4425910407842677,0.6133189655172414,0.6151131465517242,0.40510369478598895,0.24882151781695067,-0.2824502173669932,-0.1900151068528849,-0.3480434408266081,-0.6242990515584619,-1.0034328824692822
139233,0.9625,0.78125,714.75,957.4375,742.5974025974027,1225.52,0.1812499999999999,242.6875,482.92259740259726,0.6059447439433079,-0.5658677656144309,Low_Efficiency,0.7547996983429229,0.6528360276162873,-0.1019636707266355,0.2938597521521293,0.3800369576410807,0.0861772054889513,1.0438651494259013,1.2212176207267484,0.1773524713008471,0.812408246593727,0.6388635399862365,-0.1735447066074905,1.597940239982686,1.6284734074714495,0.0305331674887635,1.0750792499226296,1.3965553933953356,0.3214761434727061,1.7729204066673652,2.359001101577291,0.5860806949099259,0.6978310583438762,0.9448903744903294,0.2470593161464532,2.3042406136517704,2.1735189710518847,-0.1307216425998854,2.0478536270332617,1.7325032468532515,-0.3153503801800098,1.5431181309129791,0.8423037164429514,-0.7008144144700275,0.6125734542423379,0.4333223500841093,-0.1792511041582285,2.284450488966096,1.8475610543197132,-0.4368894346463826,1.9015436432239825,1.5417735810949358,-0.3597700621290466,1.2048170616143377,0.5022748487685563,0.4566516747654094,0.9371433756998588,0.4651604879938108,0.6733220440504483,0.4872358867625224,0.5869585999078706,0.5182703808267917,0.103160655719266,0.9224137931034484,0.4284776796128898,0.9591954022988504,1.4037669682803684,0.4890008095300494,0.632565421526153,0.4322933356933961,-0.0227808849664603,0.6004288512720091,0.3315223641117535,0.3510150374220846,1.5855704311207528,0.4750566834698164,0.4415627021654196,0.5189232231368075,0.5598648720504704,0.4636082945502395,0.957471264367816,0.9665160684144988,0.8650222028126641,1.7054107383239598,0.6601011167613258,0.4336439859444181,0.4309786220748348,1.6986590784087974,0.3733650349896482,0.4775320199526757,-0.0253868597430722,1.4904375801629737,0.45382017627566,0.4135231086986705,0.5597012390683771,0.4117612503607985,0.7614511538096708,-0.0213388123739199,0.4878797252577623,0.8113662934375264,0.4633885698231691,0.3728447261651958,0.9669311863946785,0.417680377283109,0.3369365093421705,0.4196490746521913,0.333549080947318,1.3387488399615477,1.2709183816251148,0.7189543343121113,0.6147124760982255,-0.10424185821388576,0.8550078798516403,0.921566091954023,0.7206357758620691,0.5779127693493087,0.32631279475242886,-0.5649476524113255,-0.26058521949009217,-0.13446311376710077,-0.45648373612755383,-1.0178199816607774
139435,0.8625,0.90625,705.3125,784.75,817.7536231884058,865.9310344827586,-0.0437499999999999,79.4375,48.17741129435285,0.9443634546218448,1.107792541200672,High_Efficiency,-0.1942438304933989,-0.2378457073014547,-0.0436018768080558,-0.3716375652755019,-0.1891956196841377,0.1824419455913642,0.5055462996893813,0.5082809709112937,0.0027346712219123,0.0314467200895193,0.3619218758078776,0.3304751557183583,0.4743059461688554,0.4840259317246959,0.0097199855558404,0.0724397106345492,0.1498271009982602,0.0773873903637109,0.1858698434471697,0.669670292719873,0.4838004492727032,-0.6230151570898583,0.1398889510019292,0.7629041080917875,0.489936708057085,0.2506442057898858,-0.2392925022671991,0.291624716459184,0.1378328780013265,-0.1537918384578574,0.7769098647095096,0.4401212398585563,-0.3367886248509533,0.3883448042324485,0.277886869135321,-0.1104579350971274,0.8214182765405288,0.2298293441934563,-0.5915889323470724,0.6804715496323439,0.3912465183573452,-0.2892250312749987,1.081556491675657,0.2876190828142789,0.2846581235104293,0.9377582672847828,0.2800317561092021,0.3761664053232235,0.3400982179281692,0.3169022771300961,0.3306420765052808,0.4988269526809673,0.9091954022988504,0.3939902134509901,0.9103448275862068,1.075564520702927,0.3992719745668219,0.4598917760200819,0.3345250301978184,-0.017942117665355,0.3345167941195976,0.4475849076119275,0.4518621275310437,0.8178254291147307,0.3341970503729127,0.3607902956193319,0.3521310686407352,0.3307039604746242,0.3423701314369607,0.9195402298850576,0.9394719724512062,0.5595749379819974,0.7241974190880052,0.4698709259411051,0.3419911149380115,0.3909480269671018,1.1545823285619572,0.315576687255389,0.3239764314064518,-0.0272916427563369,0.9287232867095444,0.322529287006171,0.2573538707626991,0.4589477939309685,0.4434805739937257,0.5051619303399479,-0.0171214098562627,0.3486718297279314,0.3819179391371959,0.3461390372084783,0.3199799019714459,0.9291458688515716,0.4212021609003351,0.301594608572249,0.5078092690592617,0.3017379577157057,0.2521012776287011,0.2581524893938734,3.4212304946736705,3.510508427090459,0.08927793241678872,1.0260949697662316,0.7931034482758622,0.8239583333333332,0.28852073492815294,0.38171445831592865,-0.2733282140247079,-0.2734500241798583,-0.3309427576643834,-0.28902606292768585,0.5203238334720646
139637,0.95,0.890625,688.9375,1005.4375,725.1973684210527,1128.9122807017543,0.0593749999999999,316.5,403.7149122807016,0.6423859327407224,-0.1396134093051393,Low_Efficiency,0.6558420557596099,0.3120333264283381,-0.3438087293312718,0.3056831780826513,0.375541795759757,0.0698586176771056,0.7849649866948382,0.2930930027295385,-0.4918719839652996,0.0288838407580195,-0.0011833524247519,-0.0300671931827715,1.8851553189091272,1.3109017844403077,-0.5742535344688198,1.0010549459539877,0.4892416024577297,-0.5118133434962578,1.2756278608315608,0.815212634646448,-0.4604152261851127,-0.0103059901688182,0.0140063402600357,0.0243123304288539,1.5490273549213858,0.7316534256280423,-0.8173739292933433,1.9076668639789127,0.8880211784454439,-1.0196456855334692,1.083180421176107,0.6127749383468941,-0.4704054828292127,0.1701723422904103,0.3485228762068527,0.1783505339164424,1.1526302354000302,0.5119768746367561,-0.6406533607632741,0.3069222093899251,0.2569370157395271,-0.049985193650398,1.2581939506036393,0.4374899508128805,0.4817586142764275,0.9868660289633552,0.4580696772559639,0.3899801030569829,0.4886896594185871,0.3208375835682749,0.3917224119293618,0.5855865686389516,0.9844827586206896,0.49350857036696,0.9775862068965516,1.250315491122315,0.6078003950035846,0.5588774978865463,0.4503800480866742,-0.0244978247016804,0.5036513006921628,0.6003783973684377,0.563804132572534,1.1705867063867132,0.4292919149455518,0.5139674515571625,0.5419633228772106,0.5721534927379772,0.4388538085614086,0.9396551724137931,0.9615753490751076,0.4790904763984175,0.946342130382832,0.4316253865279961,0.5766640719060032,0.6323884611822785,1.2580162175114284,0.471233932656982,0.5224417971543219,-0.0244802769988044,1.0942935331638768,0.3934290721101227,0.3779262211303082,0.5160463778117585,0.6382260180653703,0.5207460760599381,-0.0105684876776676,0.58964280501549,0.5028521988348673,0.3546852312333962,0.47680775515992,0.9828828512838416,0.5021866349537794,0.5063879034587282,0.5919357720918547,0.4460094553242432,0.8640361159984106,0.49705238880720853,1.0994898047895287,1.7918095320449483,0.6923197272554196,1.629672139357225,0.8926724137931035,0.8768049568965517,0.47846873565755466,0.44725997175570975,-0.30479570438986114,-0.3972271711481541,0.028007112658303846,0.39765202491056545,0.38409488947588766
139839,0.9875,0.953125,616.625,774.1875,624.4303797468355,812.2622950819672,0.034375,157.5625,187.83191533513173,0.7687546049196126,0.8678558592722767,High_Efficiency,0.4208583748219794,0.4884637068903809,0.0676053320684014,0.063313092149594,0.0633453212548029,3.2229105208891884e-05,0.3270001836950641,0.6211964218585755,0.2941962381635114,0.8442778476239249,0.8110746926324125,-0.0332031549915123,0.815392294767805,0.6658661920233253,-0.1495261027444797,0.5070399859959713,0.4549543799795695,-0.0520856060164017,0.78854301874074,1.544578437316336,0.7560354185755961,0.2716222836480225,0.5567507294008367,0.2851284457528142,0.9878879013046218,0.737030861867895,-0.2508570394367267,1.0346736881492329,0.9682318989322972,-0.0664417892169358,1.019239032530483,0.9142947427730124,-0.1049442897574706,0.2613248739246938,0.4329638356937793,0.1716389617690854,0.8575843111182624,1.1125145964938925,0.2549302853756298,1.3892255956942317,0.9683267850852494,-0.4208988106089822,1.2652026341407918,0.6970793842207632,0.6962068580100693,0.9942598720989526,0.6159393662869332,0.5390184873993176,0.5262131079755525,0.5585401295112082,0.5561408541323823,0.7115436203956376,0.9936781609195402,0.5970008673206928,0.992528735632184,1.2759717501698424,0.6911092961791477,0.6060562047847013,0.5254207744566468,-0.0237689979494381,0.7663685580044135,0.6752185187747184,0.6812972028773814,0.9248154771821836,0.7037874659052146,0.6685593930734923,0.6866295944830204,0.5687440640026096,0.5931065816446219,0.9896551724137932,0.9918106580843962,0.6975497670869664,0.99737072477339,0.7325044972326167,0.8166487778334282,0.6331213017724298,1.4533016983681848,0.5992537128987383,0.639984927439924,-0.0245325687974067,0.9422528088287428,0.5314359601576266,0.4978821445370511,0.7030285408528034,0.7245868644659663,0.7725307128085124,-0.0247201911009024,0.7004260845782813,0.621396002666553,0.5297774159351154,0.5980566648825388,0.9937970257341824,0.684107974086767,0.614545261149674,0.7760959908632465,0.5819940553227512,0.6848558917260448,0.7385423287287404,1.4419070785886432,1.290547166190805,-0.1513599123978382,0.8950273497697634,0.9772844827586208,0.9470994971264367,0.7567889510293584,0.6520404128014499,-0.5515583778923182,-0.5547130839794973,0.3650589185090454,0.438424279060866,1.235261481668942
140117,0.8875,0.875,912.625,1106.5625,1028.3098591549297,1264.642857142857,0.0124999999999999,193.9375,236.33299798792743,0.8131227352820681,0.031010870726839,High_Efficiency,-0.5947044031620442,-1.0705411990580005,-0.4758367958959559,-0.3416368932145008,-1.114996805228479,-0.7733599120139785,0.0832051212986517,-0.3187850925434549,-0.4019902138421067,0.3760411660034709,-0.7448404865162198,-1.1208816525196903,0.3534513291630919,0.2742573211876165,-0.0791940079754754,-0.113953053653227,0.079386482246738,0.1933395358999651,0.7236741417307994,0.5322435000544297,-0.1914306416763697,-0.1088615181620269,-0.4868323007025174,-0.3779707825404905,1.2100770419293791,0.7934692091511022,-0.416607832778277,0.9797353313433548,0.460921387458083,-0.5188139438852717,0.842510154996301,0.0277912105780699,-0.8147189444182308,0.6688075903309608,-0.2618409083037705,-0.9306484986347312,1.0053297649274642,0.2854387755062491,-0.7198909894212151,1.613178067629592,0.0383050353847284,-1.5748730322448634,1.6640599036499149,0.7560558653080365,0.7534409307559777,0.9875277115722948,0.8301685209345742,0.7905079854523607,0.8109636390024972,0.7298833023961165,0.743587063849739,0.9619291685256826,0.985632183908046,0.9848668217417084,0.9908045977011496,1.5684902048501934,0.7863027901289439,0.9348222067187014,0.8009940482806712,-0.0274897336771812,0.895495864021109,1.001417957502829,0.9073461302347436,1.6639928387483425,0.7822263447334227,0.970466445307522,0.9915208154533796,0.8209159960961895,0.8554940874349514,0.999425287356322,0.999425287356322,0.9174294889651812,1.504164459848723,0.7694420554450125,0.7359501174825038,0.9178668581424267,1.5711956102482336,0.9207499789516193,0.8111461945434404,-0.0303635231264003,1.84776628740286,0.7802781103120839,0.7608921635550355,0.9415027971921908,1.0957261661875992,0.7978260271849988,-0.0280912048099348,0.9759270752916092,0.782663307940322,0.6741411420708866,0.95200525189427,0.9923669297829718,1.03747084449097,0.9389063571057898,1.109089653473646,0.9255833095626548,0.47834670294009046,-0.10757313362753039,1.855344960465197,8.133925605477243,6.278580645012046,4.384047923567741,0.8869899425287358,0.8624281609195402,0.7947525793187342,0.9077869889295986,-0.6477714308765534,-0.8098853958673229,0.1556008530655173,-0.14180028436656755,-0.15188174298966736
140420,0.9125,0.8125,710.3125,991.625,778.4246575342466,1220.4615384615386,0.0999999999999999,281.3125,442.0368809272919,0.6378117072951724,-0.3830743637769206,Low_Efficiency,-0.1919885067075785,0.535449479178966,0.7274379858865445,-0.1345727973007209,0.5155717002907011,0.650144497591422,0.3726330476901661,0.9670159375541632,0.594382889863997,0.0189146026571851,0.7966562866858271,0.777741684028642,-0.5057924769583356,0.9886857528555184,1.494478229813854,-0.6809949193426283,0.8370196313236998,1.518014550666328,-0.7412315812753552,1.3826642062042995,2.123895787479655,-1.2430059938273037,0.1390870672115145,1.382093061038818,-0.0670638627535666,0.657621036454241,0.7246848992078077,-0.1993292508449207,1.0802409517103002,1.279570202555221,-0.4108336323928422,0.7494181214850578,1.1602517538779,-0.0926035624704202,0.4415455556846319,0.5341491181550522,1.2912429342210845,1.1039174968966778,-0.1873254373244063,0.3124992492913566,0.5159581224278582,0.2034588731365016,1.5535620204605969,0.9881655437266254,0.95566540216237,0.9830349877260632,0.8690548008343497,1.0337032215179254,0.8941533044356836,0.932314737664119,0.9149224334889666,0.6678342868059446,0.97816091954023,0.8311372706925746,0.985632183908046,1.678824633161324,0.9249514203050516,0.9451647102098428,0.7323252837757639,-0.0252861882067096,0.9903365976593194,0.975836305213539,0.6898315539325692,2.0274101857066373,1.0180380265900246,0.7937400370744585,0.8953820022384338,1.0021600830721265,0.9083096553191388,0.9879310344827584,0.9910144298017862,1.087332972983229,1.99127704376756,0.8257170943742123,1.0393295946998375,0.817806038298916,1.766638771487594,0.5802758990678333,0.826241867667539,-0.024984494259661,1.88104200387549,0.6981923889086021,0.7788311738811861,0.9652731704494524,0.9307425550389848,1.0352123935900974,-0.0222937826577854,0.7324719246933231,1.123164184867259,0.8513892056406107,0.6382357164645455,0.9882951155893896,0.8537010405561801,0.8358289275617904,0.953318910484654,0.7072078060778834,-0.16229476785813426,0.7650608104259611,5.622450985891592,1.0620056953929342,-4.560445290498658,0.18888657440878517,0.901487068965517,0.7947557471264368,0.9036821453641289,0.6936320954518963,-0.8507371981185086,-0.5746063424382802,-0.07975207897318963,-0.09460147627727558,-0.4221079473322873
140824,0.925,0.8125,598.5625,989.9375,647.0945945945946,1218.3846153846157,0.1125,391.375,571.2900207900209,0.5311086387858911,-0.6508954545263397,Low_Efficiency,-0.6056869409720431,-0.2684063455670826,0.3372805954049605,-0.9819748336837228,-0.5128522157166295,0.4691226179670934,-0.0291766181158274,0.0454430107138958,0.0746196288297233,0.0136564607199077,-0.153409630495173,-0.1670660912150808,-0.0207733308220844,-0.2484099358279989,-0.2276366050059145,-0.1934447027371583,-0.167400301741962,0.0260444009951962,0.1830218186560232,-0.5485284505209429,-0.7315502691769662,-0.7032592359510295,-0.5428633852729378,0.1603958506780916,0.1846446582231834,-0.2507231276703035,-0.4353677858934869,0.0913154207012696,-0.4091708177562154,-0.5004862384574851,0.2329259898203588,-0.0250359033476695,-0.2579618931680284,-0.3535848436036352,0.2231491904909738,0.576734034094609,0.6386180298348475,0.2121195083621696,-0.4264985214726779,0.2724454497707737,-0.061502007337933,-0.3339474571087068,1.4341214263717448,0.5995612233279697,0.5451994875044828,0.98641148959933,0.5702682001895986,0.7921813379674457,0.7197519415385156,0.5805426472594497,0.5600287795127942,0.6505910520049595,0.9839080459770116,0.5845612505662235,0.9844827586206896,1.591157297364426,0.5863016669699647,0.693715387174234,0.5618573721746002,-0.0207934337644061,0.6662808357436163,0.7375306797454155,0.6375555203418435,1.1732598896896262,0.6091280397135019,0.5745095013849986,0.6134551857551772,0.7587006826726145,0.5934290501270316,0.9775862068965516,0.9816313607438374,0.7992476160346638,1.1375980810753874,0.6630096291053525,0.5579959747849333,0.6033844228511519,1.6299818939730693,0.5502942623465653,0.5578200512038081,-0.0212027691109844,1.1937113722859864,0.5520213771053102,0.5264721040789788,0.5039172957727001,0.5734066588168963,0.5771603419890587,-0.0202108497286379,0.5627588817029892,0.8148947538599893,0.5453084562300667,0.5540878156470703,0.9870942051498024,0.5804229761366149,0.6020783571158738,0.4186608081746318,0.5115064510246936,-0.09080519129708116,-0.19339931512055775,10.186530089933779,4.201130693574729,-5.98539939635905,0.41242015132376536,0.9042672413793102,0.799425287356322,0.6163097730628451,0.47159366811099956,-0.537001948714991,-0.41559899145756357,0.3603354691598565,0.2094637914377923,-0.2563720328498634
140925,0.8,0.703125,938.9375,1055.125,1173.671875,1500.6222222222225,0.096875,116.1875,326.95034722222226,0.7821234802600403,-0.4514459709577987,Low_Efficiency,0.0407851407962521,-0.5515964007666843,-0.5923815415629364,-0.0845109961630965,-0.8089888890345873,-0.7244778928714908,0.3002912954008843,0.0292054216606579,-0.2710858737402263,0.2784328774595495,-0.4020315717420608,-0.6804644492016103,0.7255913269195888,0.2489624626438769,-0.4766288642757119,0.0310709226079449,-0.2982238112442504,-0.3292947338521954,-0.4870477771508332,-0.7410615457970262,-0.254013768646193,0.7814383767212115,0.3109876315524994,-0.4704507451687121,1.0395963585665828,0.4628595097249208,-0.5767368488416621,1.0925308808260443,0.5208766968494281,-0.5716541839766165,0.9133235176860196,0.1987874380403413,-0.7145360796456783,0.3552498198853223,0.3117945621536147,-0.0434552577317075,1.63559582496516,0.938049585266552,-0.6975462396986079,0.8819045193240524,0.3499161374479945,-0.5319883818760579,1.142561728982361,0.59199538249812,0.6001411845182628,0.9556233758185414,0.6026630286210072,0.5241185572247166,0.4038204744985088,0.3948148419695308,0.4689130340036111,0.4779582925153723,0.936206896551724,0.4600798287249367,0.9551724137931036,1.2519777195995578,0.6392029660394594,0.5360864161295968,0.3862744858279788,-0.0212622819874044,0.5992535825468144,0.4972506922844421,0.5976045068838669,1.0453332603960412,0.5875890276616017,0.4657374519266831,0.6055637049097882,0.4849990120111889,0.6070316950822192,0.9706896551724138,0.9764886479024226,0.6592976577698029,1.038612921595492,0.6431798917149407,0.6070294272624941,0.4750279823843387,1.277282315901849,0.2989930631546632,0.688809230276459,-0.0282182450390877,1.0984322818026475,0.3865013103461665,0.3536115545440602,0.6555378982421146,0.4662914004130531,0.5815683679257331,-0.0207537315054797,0.5582423907253915,0.5652794066256559,0.468219441394129,0.3055032096412192,0.9711745055839736,0.4587962786319515,0.325342179470967,0.5781227255320425,0.3020239078252464,0.5360180062746202,0.04068123048251978,1.4924843907309766,17.283344390424134,15.790859999693158,11.580243597533137,0.776551724137931,0.6582704741379309,0.4794028660374515,0.32259113341309087,-0.31585187357562466,-0.21236056018962637,0.03342819004936333,-0.21045262294407804,-0.6206441996257844
141119,0.825,0.921875,714.5625,768.6875,866.1363636363637,833.8305084745763,-0.096875,54.125,-32.30585516178746,1.0387439111827277,1.390313252131485,High_Efficiency,-0.9459126849696382,-0.879505342421887,0.066407342547751,-0.7583351144213171,-0.8133444496582212,-0.0550093352369041,-0.6756163777349936,-0.3346533951272071,0.3409629826077864,-0.5427926268395808,-0.3917338446848467,0.1510587821547341,0.1125317950779457,-0.1108851031334236,-0.2234168982113694,-0.056002840988773,-0.5145279364084332,-0.4585250954196601,-0.2769947423712889,0.0908029501317633,0.3677976925030523,-0.7859138002588584,-0.4119249749789352,0.3739888252799232,-0.216060371292713,-0.4115173271121907,-0.1954569558194776,-0.1513820301310311,-0.2841284787445674,-0.1327464486135363,-0.1752827530977008,-0.2903551919381434,-0.1150724388404426,-0.0331874498963465,0.0624502425040596,0.0956376924004061,0.444020200326753,0.1078861407354484,-0.3361340595913046,0.2951492749821203,-0.3284203233637524,-0.6235695983458727,1.2771701322974909,0.5452453734364398,0.5467524843382543,0.9907102063538848,0.5086120795222704,0.5561610593345325,0.4910545593011096,0.541489117902344,0.5400423462947137,0.6302232840803643,0.986206896551724,0.5125972673086412,0.9867816091954024,1.1845676566615184,0.5241858534192124,0.583222556781072,0.4825757413008266,-0.0267492524145276,0.5855510891268977,0.6790808557695913,0.6086790945532606,1.250631490715406,0.535556602803182,0.5203440144052414,0.581567820863335,0.6120954371898987,0.5254127645951729,0.9954022988505746,0.99599787232221,0.6939555074135959,1.2928989800886477,0.6858993662606354,0.5798911481159419,0.4698679578459261,1.2033805940822428,0.5133446802476522,0.5062126800909179,-0.0284145042969043,1.2151396519115285,0.4294018704828045,0.4501877626713305,0.6535844685215618,0.6167057968067101,0.7004652742831516,-0.0276529768542482,0.5875628061999885,0.6877336781924852,0.4989994288465348,0.5697939433592556,0.990387424623057,0.5327361317025062,0.554067101897066,0.6166870263073151,0.5086783802005181,-0.2689842515439588,-0.322132645300024,3.067082657002757,2.861778064633385,-0.20530459236937215,0.9330616261800948,0.8212068965517241,0.9091594827586206,0.48307964852969054,0.4911161214132479,-0.44672852226943377,-0.4689378817473527,0.2678758742065037,0.4160706670822423,1.6225152944547454
141422,1.0,0.875,641.0625,912.125,641.0625,1042.428571428571,0.125,271.0625,401.3660714285713,0.6149701932300946,-0.1110082085186727,Low_Efficiency,-0.0983255434107555,-0.0113118747113965,0.0870136686993589,-0.2762978530916298,-0.2344049185445012,0.0418929345471286,0.4197604878580351,0.5189425145319834,0.0991820266739482,0.3911445964685106,0.1997876728253551,-0.1913569236431554,0.1919405998529584,0.2391645455746874,0.0472239457217289,0.0470835993615097,0.3289345963371569,0.2818509969756471,0.0383874760420569,0.8216821385461035,0.7832946625040464,-0.4227295339662203,0.1133287284709436,0.5360582624371639,0.5825785289880598,0.4452139091495726,-0.1373646198384872,0.0773266008116322,6.787417828285625e-05,-0.0772587266333494,0.4971273199506791,0.5217019000368117,0.0245745800861325,0.1963780896263734,0.3293901657618105,0.1330120761354371,0.8329242646369758,0.8043709773587013,-0.0285532872782744,0.467816757869974,0.6747572937550708,0.2069405358850966,0.8481282211130043,0.3279118366752144,0.3646264035538459,0.968905802191643,0.3490107651500004,0.3523889612188284,0.3600771442668068,0.237008883278478,0.284270856661483,0.385323337579822,0.9517241379310344,0.363870891632358,0.9402298850574712,1.006638681803167,0.3995355775056883,0.3725258986032455,0.337663553021743,-0.0177475903335728,0.3172693582748153,0.4572851626808287,0.4033163975130542,0.8029749532249714,0.2955312076013426,0.3766732312003751,0.3266440782667519,0.4026821417192366,0.3359419913381646,0.9206896551724136,0.9418854688172464,0.4429804950754186,0.7220322597660673,0.3869420677621329,0.3429285501400134,0.4494955568616751,1.0496972056271143,0.3268885756850092,0.4395436636658995,-0.0177405000842909,0.8589852341245278,0.289858631111161,0.2298653293243102,0.4291560733718212,0.4364269263868615,0.4325730583216864,-0.0167470210741962,0.4636020370342691,0.406394796399646,0.256205005702509,0.3556938171766147,0.9576772412597724,0.3556286245826707,0.3622594970968178,0.4233488699271009,0.27296137841124,0.21036538507129712,0.3394018230907558,4.753611180137365,2.5780575188852404,-2.1755536612521245,0.5423365266643907,0.9206896551724136,0.8327586206896551,0.3172693582748153,0.31117504650983685,-0.237008883278478,-0.238841206109835,0.05940725088107801,0.21794286226367734,0.18311127147761297
141826,0.6875,0.6875,1015.125,939.875,1476.5454545454545,1367.090909090909,0.0,-75.25,-109.4545454545455,1.0800638382763663,0.4008519125622525,High_Efficiency,0.1926680363927994,0.1914804443457506,-0.0011875920470488,-0.425978084914816,0.0617083957089414,0.4876864806237574,0.6658682491129071,0.305350767358253,-0.360517481754654,0.4704500439769726,0.4240659308221874,-0.0463841131547852,0.6806596181910406,0.4427132473239292,-0.2379463708671113,0.1707342227837274,0.1431494334247335,-0.0275847893589938,0.9465400299738288,0.440056997206353,-0.5064830327674759,-0.2104202022962767,-0.0926167492641791,0.1178034530320975,0.5588282546952312,0.4787384566022784,-0.0800897980929528,0.2407600347857146,0.2156567590106212,-0.0251032757750933,0.1221733832535274,0.2226374932102906,0.1004641099567631,0.1849309516676846,0.2567534748951535,0.0718225232274688,1.1464305991435555,0.7615275359059746,-0.3849030632375808,0.502017004997483,0.8363056777526596,0.3342886727551766,1.3057403836495978,0.4345642197358434,0.4987496428461779,0.9586082384279077,0.4812063834084816,0.4816325928880858,0.4493605840670395,0.4107235975752793,0.4697148263015788,0.5601105465918856,0.9482758620689656,0.5245697326967176,0.9706896551724138,1.203199889539095,0.5339042071653337,0.5048442243897425,0.4591080284169789,-0.0233050678050033,0.4046891838409989,0.5780228367131846,0.5748305802107225,1.0294065553760186,0.4676381866970545,0.508170183159953,0.5010805600810018,0.4807027877740303,0.4949375210277335,0.9729885057471264,0.9767278513716876,0.5305855945438851,0.8006506949803668,0.4682828991214849,0.5187059077387702,0.5287856175636716,0.9474234693988792,0.4604929050610115,0.4995719214214817,-0.017269857223756,1.0048135615736775,0.439859957781018,0.4030484160912266,0.618690020236656,0.563720405261106,0.5285533749265898,-0.0240053580279038,0.4969471729997003,0.5141061209711306,0.4446568299101001,0.4655571567326865,0.9764477473126364,0.5126406079668219,0.4902349181550158,0.5885518786121822,0.4238994475326608,0.3746901529830985,0.3348234188787819,1.8348444966647284,2.053314995071787,0.21847049840705868,1.1190669725620928,0.6689295977011493,0.6519396551724139,0.27822381389068673,0.35244041797719006,-0.2823724733330045,-0.2914308701787043,-0.1346105647241414,-0.35372905133284577,-0.12186958349868132
142828,0.9875,0.921875,679.5,1286.75,688.1012658227847,1395.7966101694915,0.065625,607.25,707.6953443467067,0.4929810409406487,-1.1933901724884897,Low_Efficiency,0.0726309705004342,-0.9879967173539942,-1.0606276878544283,-0.1287767005943799,-1.5220965486143805,-1.3933198480200004,0.6593986831133587,-0.6013075191045181,-1.2607062022178768,0.3492547115058858,-0.6605502508742196,-1.0098049623801053,0.5551293927966944,-0.3652331293405025,-0.9203625221371968,0.1868902263958985,-0.5681123025187278,-0.7550025289146263,0.7796299930415326,0.0573703588567831,-0.7222596341847495,-0.1223692620650839,-0.9754062771092812,-0.8530370150441973,0.2801513180385855,-0.5541794658407715,-0.834330783879357,0.0218587509385468,-0.3171318545215885,-0.3389906054601354,0.6793028261579138,-0.5755135086065136,-1.2548163347644274,0.5971733795177179,-0.1797147677439525,-0.7768881472616703,0.8998165428915688,0.0365010534177135,-0.8633154894738551,0.5427472297492253,-0.2404869688394955,-0.7832341985887207,1.57409396703909,0.6375306798242719,0.7051864993115353,0.9849088559607052,0.6952246502378918,0.5770312130467656,0.6224685457346547,0.5578111995313668,0.6026746938388142,0.7142351204330263,0.9827586206896552,0.6679676216144337,0.9798850574712644,1.5255902725904318,0.6888018175446211,0.714833968466986,0.6544251889610009,-0.0256726592432949,0.6423701172124903,0.7880087293417112,0.8284143695291892,1.3489832796691623,0.5722410660779441,0.6851453575043138,0.7383234564533269,0.7376569498295047,0.6859539786814477,0.996551724137931,0.9967725323846016,0.7288633221158852,1.1181038351967278,0.7144907660251723,0.5350037211403863,0.6344589765687207,1.4334972842210345,0.6614434811501334,0.7106680715422442,-0.025124376540582,1.236725494259789,0.6510596608304511,0.594302848182602,0.8341967348421343,0.8292737897576479,0.7641025709215354,-0.0285616130903219,0.7045226394055677,0.6513038178763609,0.524002675142687,0.6591246366660327,0.985271353969434,0.6718291026832724,0.6765616462774636,0.8048136015839775,0.6393507665286002,0.3837741472848499,-0.5324184212995321,2.5731212846543365,1.7314826678371023,-0.8416386168172343,0.6729111469607838,0.9840948275862069,0.9059806034482759,0.6343404907473341,0.6193424540361417,-0.5508385595372247,-0.5894014878935533,0.4848622277461348,0.17781540751726568,-0.726769085839329
143325,0.9,0.765625,896.25,1117.0625,995.8333333333331,1459.0204081632653,0.134375,220.8125,463.187074829932,0.6825355750759992,-0.7149969250078546,Low_Efficiency,-0.4299516970356482,0.3144871681364203,0.7444388651720685,-0.523620576469705,0.1792079572526382,0.7028285337223432,1.1328780970325971,1.617380458880349,0.4845023618477518,0.2591939673662089,0.5733992258923076,0.3142052585260987,1.1650980829843018,0.9580248033515372,-0.2070732796327647,0.6120663907136937,0.7633658503501991,0.1512994596365053,0.9509478795118822,1.133507341796047,0.1825594622841648,-0.7455969863883605,-0.2140605040089712,0.5315364823793892,0.7210792991275676,0.2105450444105997,-0.5105342547169679,0.1117759643161871,0.2309969240373166,0.1192209597211295,0.3025207196750409,0.5956165798270112,0.2930958601519703,0.1883556539138411,0.5134103540436339,0.3250547001297927,1.5856438909687225,1.4398049489504663,-0.1458389420182558,0.5899529129783961,0.4639816331050366,-0.1259712798733595,1.1461121625712198,0.2981133023596464,0.3220144425662723,0.9357100888848724,0.312111888293383,0.3159097530697197,0.3512100786301355,0.272933637723338,0.3065851082308986,0.4678502857170564,0.9183908045977012,0.3768802099855308,0.9005747126436782,1.0719885119634485,0.3202125680154185,0.3854604932721293,0.3419026652510189,-0.0175763707470124,0.3011576808821444,0.5583224045512463,0.4035429015943814,1.0044814185264015,0.2903599643642258,0.3931607471686653,0.3161463051788234,0.4018585284543369,0.3196561885610735,0.8804597701149426,0.9013261309064416,0.3802025514262223,1.005879853323715,0.4196043077333292,0.3608380016302231,0.3294499688419772,1.036039758643623,0.3592118114915816,0.3270074543980718,-0.0175081235232003,0.9338598350608842,0.308435239542575,0.2807546715925165,0.4061346546869491,0.461067219099648,0.3896976052256185,-0.0245538139038698,0.3913564940205929,0.386924030419787,0.2599088251936552,0.396420304800811,0.9190184099185372,0.389346070959491,0.3801433618338576,0.5004193037808157,0.352055734800393,0.42288168562105183,0.6271191275731851,2.128249821054382,1.2208585984359932,-0.9073912226183889,0.5736441336511047,0.7924137931034484,0.703142959770115,0.27104191279393,0.2980930855783603,-0.2456402739510042,-0.2695426719565509,-0.7950442789821984,-0.5355064636993346,-1.2346706578100952
143426,1.0,0.90625,640.0,854.6875,640.0,943.103448275862,0.09375,214.6875,303.1034482758621,0.6786106032906764,0.2934276228809886,High_Efficiency,-0.0841329492237822,0.0444351165974319,0.1285680658212142,-0.3096108314682839,0.1459120972089981,0.4555229286772819,0.0732135741173162,0.3879530059994728,0.3147394318821566,0.1324079202346309,0.2787928191143579,0.1463848988797269,0.9101829387136072,1.211477791463134,0.3012948527495267,0.3035329288823067,0.8526703833716167,0.54913745448931,0.7263320448014489,0.7684673003159911,0.0421352555145422,-0.1389248637136795,0.2433941379131715,0.382319001626851,0.6810254913658009,0.5783997870720046,-0.1026257042937964,0.5563130150925117,0.6929712048420087,0.1366581897494969,0.7298308478128344,0.6145416290685128,-0.1152892187443215,0.2092270096696764,0.3028741853056608,0.0936471756359843,1.009641143531257,0.603619103603612,-0.4060220399276448,0.3313171786450481,0.2221285240159575,-0.1091886546290906,1.3343043904103684,0.4856133499937176,0.541456449637892,0.9867372789669951,0.513215397805931,0.5133677618011852,0.4538704595587514,0.4249532788170811,0.496819550291638,0.4744238583737662,0.9810344827586206,0.503008146363181,0.978735632183908,1.404008643423333,0.6285859461017618,0.5888098570427989,0.4702247118839586,-0.0193756335005514,0.5273053624168434,0.4570630874362041,0.534080772291033,1.0708900924950402,0.515036930971094,0.5271499830200428,0.5564317445952164,0.4302781050958638,0.531347240585802,0.9827586206896552,0.9861591417924356,0.6712823965571407,0.9795915900727716,0.4677917266783409,0.597311910456547,0.5604578326262881,1.392431034896377,0.4231725588061475,0.6047872180594547,-0.024742545775201,0.9970331740955384,0.4364430746660805,0.3775168927530305,0.5844374455031636,0.5863278814203245,0.5709565375601349,-0.0213373953468158,0.6143060757441361,0.4637903374230525,0.4499061978008901,0.4540448303666554,0.9836829236157072,0.5273170786463657,0.4169960023120191,0.6248157636325729,0.3799185856638115,0.3664539606043352,0.49625979184942354,2.728848310173946,1.8261567604860798,-0.902691549687866,0.6692039584881565,0.9827586206896552,0.8890624999999999,0.5273053624168434,0.4778811025232689,-0.4249532788170811,-0.34430121825782917,0.5084875859459823,0.4779762443662646,0.828127271131153
143830,0.95,0.890625,619.3125,887.6875,651.9078947368421,996.7017543859648,0.0593749999999999,268.375,344.79385964912285,0.654065162289657,0.1747870123357927,High_Efficiency,-0.2309468624483988,-0.3319213388470623,-0.1009744763986634,-0.3918697373411934,-0.371363110804246,0.0205066265369474,0.4554239625949184,0.0155289359590837,-0.4398950266358346,0.0204549008748493,-0.1670946491022978,-0.1875495499771472,0.4903024695908111,0.1506064466457687,-0.3396960229450423,0.0796109660798301,0.0848366315996535,0.0052256655198234,0.3852473566681966,-0.2021821780291492,-0.5874295346973459,-0.783574038839852,-0.5769003882736838,0.2066736505661681,0.3244874366216607,-0.0344687132525869,-0.3589561498742477,0.2703158559818374,-0.1327634451149684,-0.4030793010968058,0.7376835002646669,0.3758819516781989,-0.361801548586468,0.6241995096299345,0.1393307902727038,-0.4848687193572306,1.036100297351383,0.5558984258735443,-0.4802018714778391,0.3166029605560344,0.0891957793495729,-0.2274071812064614,1.942490870425314,0.5185871407173838,0.4254679793503658,0.9646599919339234,0.5159231950588383,0.5136321809650949,0.4829016909869696,0.5228753231629546,0.422263071730497,0.8050504543171197,0.950574712643678,0.5682812381094015,0.9494252873563218,1.7842815664169196,0.5586591644047767,0.5890076575084959,0.4248572805069684,-0.0241395246607272,0.665015596153583,0.761336413191875,0.6905839978930643,1.5060667827642922,0.5463748492697376,0.6233911374727651,0.6687581242505592,0.6668213246626786,0.5384162279977607,0.9471264367816092,0.9582083605119578,0.7217303713417766,1.514767189883888,0.6831229840457266,0.5691051349706653,0.6232201059331579,1.7401900240497024,0.4739476544883753,0.4906888393152568,-0.0212111835275961,1.7196985548067487,0.4315672556026398,0.5152964677994278,0.644491815138336,0.700551631956391,0.5948039726673109,-0.0297946433255117,0.6088059582099932,0.718585797517705,0.4242224153283471,0.5317233090510404,0.9619293143417728,0.7776542911690558,0.5280325956260046,0.8699909984953137,0.6035592406326389,0.2381456126846199,-0.02895820443181921,3.9891392503579093,30.754470555186142,26.765331304828234,7.709548580656401,0.8997701149425288,0.8466056034482757,0.6317648163459038,0.6925983530724403,-0.49673155700480687,-0.537544948688444,-0.10250475404568289,0.004940151008971938,0.14501403735597398
144226,0.7625,0.765625,877.1875,1078.0,1150.409836065574,1408.0,-0.003125,200.8125,257.5901639344261,0.8170524403874815,-0.2016973260602788,Low_Efficiency,-0.9278210426039702,-0.9805709884988272,-0.0527499458948568,-1.6177697813419325,-1.3973419474244022,0.2204278339175303,-0.4893299841241004,-0.6546509890104666,-0.1653210048863661,-1.030555535627388,-1.3260124146379315,-0.2954568790105436,0.6609883151207161,0.4367952966321922,-0.2241930184885238,0.3673845108275846,0.2280833912224845,-0.1393011196051002,-0.3960197810884608,-0.8104738530825918,-0.414454071994131,-0.9363772499565328,-1.027022980809423,-0.0906457308528898,0.5470699430039903,-0.0684621195932757,-0.615532062597266,0.4590873847145185,0.0397862555274977,-0.4193011291870208,-0.5898518389448117,-0.6559181108686625,-0.0660662719238507,-0.122336008210807,-0.4721704677829356,-0.3498344595721285,0.2689270012143374,0.2528304642013321,-0.0160965370130052,0.1451555789115362,-0.4618395826944356,-0.6069951616059717,1.2739501588766302,0.5640115035076609,0.5554965757479695,0.998354923067567,0.7085985176977075,0.4091748562338698,0.6272380237851958,0.4638208757071196,0.4884911080067293,0.8841676662742463,0.9982758620689656,0.7920967040829676,0.9971264367816092,1.3317793842460914,0.766981474600211,0.7989598520599802,0.6764285681131681,-0.0281260555047877,0.5672442164198827,0.8942079620660306,0.887614120739785,1.409816249612037,0.5893420122738646,0.7692201982401862,0.7364928949513816,0.7248943353283185,0.7513490043293672,0.9408045977011494,0.9560210112302028,0.6017217161156714,1.138586970506695,0.6863030732756887,0.5793373317559212,0.8136119222890086,1.2779696774431415,0.7544824939490642,0.7048881300204969,-0.027484529099262,1.4788295892615213,0.6845983839748334,0.6349472693170056,0.7723950120914447,0.9261939864709636,0.5643733349183873,-0.0263095012649962,0.8082859706504291,0.5116513349167174,0.4754688641968774,0.7742962212282234,0.997536945812808,0.7402754475903387,0.7456332879321272,0.8276407265512735,0.7259737024146661,-0.26153203486466586,-0.4926405747728175,2.9155016703513836,1.5541217777916314,-1.3613798925597522,0.5330544861426331,0.7173635057471264,0.7643049568965518,0.4325237150201605,0.566773389561353,-0.3536634177266787,-0.5558236159112288,-0.39587252678635376,0.08134953682012128,-0.05897650587613967
144428,0.95,0.953125,612.25,833.875,644.4736842105264,874.8852459016393,-0.003125,221.625,230.41156169111295,0.736637961640723,0.7331861452358002,High_Efficiency,0.3164137028319829,0.4541863903969038,0.1377726875649209,0.4488716957711822,0.4999657093384604,0.0510940135672782,0.1972947663290211,1.0473619498202196,0.8500671834911984,0.5217672855501677,0.8681900303369761,0.3464227447868083,1.2623652394632785,1.198430466716378,-0.0639347727469002,1.913178645468673,1.8556533119755236,-0.0575253334931497,1.066686804482298,1.7069485548424757,0.6402617503601779,0.3042931420112361,1.6845341335683006,1.3802409915570646,1.202124857299947,0.6919198058780721,-0.510205051421875,0.7793331720656204,1.1176524189835626,0.3383192469179421,1.8373074563537557,1.0080924113171137,-0.8292150450366413,0.6241629930232679,0.6430821749224742,0.0189191818992063,1.171334856503364,1.334454065444598,0.163119208941234,1.234116679388098,1.0960196436269165,-0.1380970357611813,1.6156487301468174,0.7588600808844743,0.8399513984882605,0.96939856524207,0.718572786686539,0.6469734040247492,0.6889302934979014,0.6590198817159534,0.6948025486616469,0.7458127922755902,0.9655172413793104,0.6191101787755354,0.9959770114942528,1.7055011122299173,0.7984884221640363,0.80095258631244,0.6473837176763169,-0.02588030459762,0.7479812962945478,0.7456829266060393,0.8450190773862266,1.487957322109588,0.7371778765944608,0.5786024613045511,0.760590202300841,0.8562815678281994,0.7451672874628397,0.9839080459770116,0.988467826003239,0.7051612899674773,1.7664887392940194,0.8770720988660088,0.7525858231294866,0.7487302509216192,1.5714031665478103,0.4243299008303575,0.7470893946993425,-0.0263769187986327,1.3238031546072442,0.6390980781032902,0.6549225085899305,0.8341218030951852,0.7998319490785641,0.8314723123073388,-0.026486276245879,0.5783851745572803,0.8646893062421248,0.6834420841981689,0.4622918106049501,0.9962234911746408,0.6418400050363817,0.616134779151817,0.6481716817944903,0.5766260866103814,0.9199465211815638,1.086177933369141,1.0326676012777742,0.877502749057717,-0.15516485222005727,0.8497428390598276,0.934712643678161,0.9202586206896552,0.7105822314798204,0.6117537548003014,-0.6260688876301557,-0.5495967388005197,0.10900140161827583,0.05716716514767861,0.6536639639866569
144731,0.9875,0.921875,544.125,773.1875,551.0126582278481,838.7118644067797,0.065625,229.0625,287.6992061789316,0.6569749178611882,0.5363550351459693,High_Efficiency,0.3366881069698139,0.4423576265849903,0.1056695196151764,-0.2027199666086362,0.1014551446540092,0.3041751112626455,0.6865907759484587,0.6565582915716186,-0.0300324843768401,0.340969495479352,0.152930274746139,-0.1880392207332131,0.7706246249071957,1.2469219861912544,0.4762973612840586,-0.1258849428848361,0.19331754162692,0.3192024845117561,0.4175550718622757,1.2294034764904358,0.8118484046281602,-0.3907586565645071,-0.4457441371752141,-0.054985480610707,0.6217432500957012,1.1725392508973655,0.5507960008016644,0.2478557748474795,0.8178251858789987,0.569969411031519,0.8752999530554131,1.5079060694744275,0.6326061164190145,0.9734576058591278,1.1959148877058223,0.2224572818466945,1.2675106194296628,1.5684130890548946,0.3009024696252319,0.5547250063720048,0.6453012255704043,0.0905762191983993,1.046273003762266,0.6836833273726896,0.6171501663238752,0.9831629744753184,0.5344762228277393,0.8259700295989312,0.6570124182348844,0.7018970749025653,0.6382463299363035,0.4937921423783494,0.9770114942528736,0.4795143520504609,0.9867816091954024,1.1502748020711555,0.7618701439170845,0.7303564618901537,0.450564617015272,-0.0225676913355212,0.7582154929540008,0.6171555916894811,0.6180314311993371,1.2616152677613774,0.7168093669630493,0.4453684716472172,0.6173545762761976,0.7650050741118091,0.5873323738754658,1.0,1.0,0.909201358094013,1.3469605528812656,0.8205957443291545,0.8597986340834347,0.6020837119945399,1.2941040497248235,0.3934747998992637,0.4857509043613841,-0.0247506251128942,1.0430555611811352,0.4425718502378267,0.497526106682304,0.661347142870768,0.6462882589116972,0.7885768976802734,-0.02727969348659,0.4414782552817146,0.9409126412679216,0.6144416442472154,0.42474310699861,0.98901674783284,0.4616537862416952,0.5426283053159203,0.6043601889273407,0.4406173874118757,0.4552611941977504,0.7489357080908619,2.1690797359972827,1.2309117580175508,-0.9381679779797318,0.5674808399658816,0.9875,0.9006824712643678,0.7487377992920758,0.4255870841915627,-0.6931233614662832,-0.40619415402032294,0.333108100729925,0.36889795706463285,0.8853421888003788
144832,0.9125,0.90625,744.25,864.625,815.6164383561644,954.0689655172414,0.0062499999999999,120.375,138.452527161077,0.8548820555272795,0.7312550001255125,High_Efficiency,0.5816277250426821,0.6255866640861885,0.0439589390435063,1.1116598129465496,0.9411886580302566,-0.1704711549162929,1.072498104742823,1.307145961688999,0.2346478569461761,1.043833274166302,1.1786726466829425,0.1348393725166402,0.797017194446316,1.5224502074210529,0.7254330129747371,1.0044760222394935,1.7416428858949604,0.7371668636554668,0.7450831220907285,1.3211578021958443,0.5760746801051159,0.724424278644022,0.91606977556176,0.1916454969177378,1.5313165881974369,1.39168481103043,-0.1396317771670066,0.962337720102334,1.2162420992339578,0.2539043791316239,1.262883628004405,1.4962463300733266,0.2333627020689216,0.9027522396365324,0.9586175088478276,0.0558652692112952,2.312671257477592,1.6810941805149855,-0.6315770769626069,1.7613334690822342,1.3243251702873566,-0.4370082987948774,1.1755867469993202,0.5002698698641633,0.5117717974631583,0.9491333624071084,0.5834638292127856,0.480980834102363,0.4940345045270627,0.4532787756699802,0.4978810325857505,0.5393403471488932,0.9385057471264368,0.5293724776230608,0.982183908045977,1.3216781388823922,0.6451121702319909,0.6311083388724394,0.5270487870285853,-0.0268968190989464,0.4842408584518364,0.4946033632092644,0.5837781117500471,1.0008028948639571,0.497344003194855,0.50085297920351,0.6194659461958839,0.5657423884395614,0.6299679995360823,0.9695402298850576,0.9770780685379832,0.708375164946982,0.9327354462795796,0.4614399857006276,0.4964292062975466,0.5333293307509452,1.3232506642557484,0.4681987688100792,0.5458338310586591,-0.0221387864978191,1.1237345052242789,0.5164216919330222,0.4868150393751135,0.7246671762603831,0.5666210785397068,0.6441316876303431,-0.0309845125327131,0.488852092611087,0.6062270179761629,0.4710433228830299,0.4620696048174013,0.9868115841482974,0.5700923217611408,0.4251671252758154,0.6345567739629182,0.4609276856347025,1.1295653169156752,1.258723192967849,0.80783216207404,0.7199750390617525,-0.08785712301228743,0.8912422426597102,0.884705459770115,0.8505208333333333,0.4418697833373007,0.5166461665960338,-0.41361688279885694,-0.4177157151064491,0.11947173691382362,-0.20777635150030688,0.3223164703105495
145127,1.0,0.859375,573.5,918.25,573.5,1068.509090909091,0.140625,344.75,495.0090909090909,0.5367291723386878,-0.3694950635734182,Low_Efficiency,0.1498778714546864,-0.2486855446008848,-0.3985634160555713,0.1573615098172063,-0.2185487745525453,-0.3759102843697516,0.4284847032097216,0.1127447035245348,-0.3157399996851868,0.7095015089337902,0.2418073543292442,-0.467694154604546,0.9504073618738028,0.6234593235315476,-0.3269480383422551,0.6056321467664267,0.3369934718138585,-0.2686386749525682,0.7902765232299249,0.9745608836501516,0.1842843604202265,0.2351685673652284,0.2867954315552219,0.0516268641899935,1.2422432273888444,0.864511018835059,-0.3777322085537854,1.330016090682006,0.823938908131183,-0.5060771825508229,1.197766999017949,0.4541187962072827,-0.7436482028106661,0.6857427019616706,0.2818835870730522,-0.4038591148886185,1.3297387161888965,0.4032436297469869,-0.9264950864419094,1.49801649444489,0.3975935077095769,-1.100422986735313,0.8487101040323581,0.4185097953805696,0.467398913128122,0.9012387840865588,0.3403343580543897,0.5224075725946518,0.4121255109217118,0.4026635028240688,0.45642467943298,0.3145225422981337,0.8683908045977011,0.2299240200378892,0.9655172413793104,1.0127734479790609,0.5357017125445142,0.4441282787479909,0.3911571882776983,-0.0153955189757658,0.4548574047496097,0.224335130309671,0.4199256653736987,0.914780763668801,0.4132542666366297,0.2388122804371736,0.3822305243573285,0.2961007841039343,0.3069815549939723,0.9919540229885058,0.9921707928087238,0.661799035550341,0.9637918264928268,0.4756501383837568,0.595086049941908,0.3809854976195794,1.157503484993274,0.1935274450481117,0.4336323025941704,-0.0186753445390273,0.753656329754272,0.3929834573938317,0.2788393650989738,0.4892224148585195,0.364335549301131,0.576855132959651,-0.0244423818895894,0.2682089782154435,0.4598423872842287,0.4940633059956064,0.2013404543485379,0.9743026995631944,0.2742111213468497,0.2205636353658484,0.3782591528032268,0.1873664015383465,0.8078738873096459,0.3810297354967335,1.2378154287357066,2.255395483725662,1.0175800549899552,1.8220759002441909,0.9919540229885058,0.7462733477011494,0.4548574047496097,0.23565018240744898,-0.4026635028240688,-0.16101800132201652,0.6006362683003219,-0.7934805142732765,-1.281314602689572
145834,0.9625,0.8125,783.125,1069.4375,813.6363636363637,1316.2307692307693,0.1499999999999999,286.3125,502.5944055944056,0.6181563162452649,-0.6793458282629085,Low_Efficiency,-0.054077257987746,-0.0183584512947859,0.0357188066929601,-0.2098984709477906,-0.3985315942529723,-0.1886331233051816,0.6860616806302262,0.686948819928993,0.0008871392987667,-0.0080019758327316,-0.4891974177932237,-0.481195441960492,0.7217946618722441,0.4987339305459763,-0.2230607313262677,-0.036682138689106,0.1499905518133735,0.1866726905024796,0.7390755311458344,0.6455955088783587,-0.0934800222674757,0.1584666234031731,-0.1979421895039632,-0.3564088129071363,0.5745557491868228,0.4288591705036375,-0.1456965786831852,0.3579555908810961,0.0570604417450575,-0.3008951491360384,0.394862368188447,0.0371741102253751,-0.3576882579630718,0.1994483445002973,0.1749081668153099,-0.0245401776849873,0.9146573557747656,0.7369674761842225,-0.177689879590543,0.3263314321661207,-0.1337361878591092,-0.46006762002523,1.090973853159971,0.1999720502082455,0.3102926567051776,0.9268981760526998,0.2386178977888308,0.2600738246720044,0.2330330897638194,0.1804699859183725,0.2612056470592958,0.3084974546225292,0.9057471264367816,0.3385792688482325,0.8867816091954024,1.0894635665558503,0.4208534548108101,0.3590928892214048,0.2522077303748382,-0.0217656936726514,0.1946941961030762,0.391683135251322,0.2374208327897683,1.3502746158471624,0.1752357407104963,0.2816711221896943,0.2897075901018036,0.2844066158627679,0.2827501623280732,0.8350574712643678,0.8535902545447405,0.3233504464128743,1.066191457609703,0.1346089895589501,0.3077842370003382,0.4808913102076306,1.0216482252032495,0.3006332370118731,0.2488215782766491,-0.0275634458831596,1.531177073273953,0.2291726738829443,0.2030678986394953,0.3966800006131785,0.4208426442279003,0.3309326549424912,-0.0203242506040335,0.2645782278625871,0.1494271193737726,0.1265627027585556,0.2533666902838992,0.9125593899300938,0.3055937980752218,0.2339386973879154,0.4639645379933806,0.260228777566589,0.3403249638779752,0.1556051668525893,2.8281709365704084,5.2215154221343125,2.393344485563904,1.8462510551837945,0.8037428160919541,0.735919540229885,0.18739316374921083,0.24829496093611772,-0.17370236144643353,-0.21143588177285358,-1.2108080275320672,-0.48405803955184973,-1.1423014271931802
146129,0.95,,,,,,,,,,-5.24275749393466e-16,Low_Efficiency,-0.507827270848167,-0.3693779622480596,0.1384493086001075,-0.9932918653461532,-0.4218798771214013,0.5714119882247519,0.4423266317242106,0.5239211194275876,0.0815944877033769,-0.6923748760284025,0.0396021660855492,0.7319770421139518,0.2200408201363563,0.4033536180477951,0.1833127979114387,-0.1317137074517707,0.077168662606754,0.2088823700585248,0.5519991965508371,1.056037707495722,0.504038510944885,-0.566777678461454,-0.3818744241501505,0.1849032543113034,0.1764171190678488,0.1729683843535878,-0.0034487347142609,-0.036481404882272,0.1480894899278883,0.1845708948101603,0.1603205721551714,0.3591144234438837,0.1987938512887122,-0.1805416359398547,0.3994662821528616,0.5800079180927163,1.6036447247978771,0.9050607140987108,-0.6985840106991666,0.2418541377516482,0.2232779072608403,-0.0185762304908079,0.8627480484484444,0.4514449241642169,0.4835246349303916,0.9793203794237392,0.5172944350099931,0.3763001349192537,0.5560927435320966,0.3870054313767163,0.3967765789509996,0.6981215295244425,0.9735632183908046,0.666786305589981,0.971264367816092,0.918780329235195,0.7010301886278116,0.4183618784251539,0.5363077399559292,-0.0173679133304,0.5209737444937881,0.6803602817164871,0.6781026055476957,1.226830517095142,0.5323142815292367,0.56887089639631,0.6186282566034099,0.724041883699514,0.6171949767768659,0.9620689655172414,0.9732234489535504,0.4185784142033716,1.1544670793917613,0.6297245415578747,0.5963333214604443,0.7424765693745538,1.027444064696908,0.487474776611196,0.5778759879234446,-0.0220786858613957,1.1908608301720864,0.5084906270453772,0.4570196522519063,0.6489030537641335,0.529387688265924,0.5637693931862103,-0.022721041603485,0.5139100792299078,0.4975668816104452,0.3842749134443881,0.4654529388876091,0.9760254233337692,0.7078919903179416,0.476985560081962,0.7488623497888558,0.5051470492855943,0.020542483087562544,0.22392344367011205,46.243375378498975,,,,0.9139655172413793,,0.49492505726909863,,-0.36765515980788044,,1.569302177705802,0.17940272173060617,0.2233283310322093
146331,0.8625,0.75,690.1875,790.375,800.2173913043478,1053.8333333333333,0.1125,100.1875,253.6159420289855,0.7593396090188339,0.1485205968528196,High_Efficiency,-0.2312920350725308,-0.284065315971913,-0.0527732808993821,-0.0509994690104758,-0.1791762893276413,-0.1281768203171654,0.8534011998140878,0.1081282166641287,-0.7452729831499592,-0.0372246316922074,-0.5639063285528518,-0.5266816968606445,0.6784843828134538,0.7415436251706115,0.0630592423571576,0.6558816381931902,0.4766726056445394,-0.1792090325486509,0.6174859200349216,0.1279872613511826,-0.489498658683739,-0.6037866845388695,-0.6719693289244602,-0.0681826443855905,1.118706840961292,0.6288791782846961,-0.4898276626765959,0.5394742427069305,0.3770861605852827,-0.1623880821216476,0.5345707041287178,0.0636731367468533,-0.4708975673818643,0.074578899122535,-0.0602444805982678,-0.1348233797208029,1.0017461961420082,0.6947671650876643,-0.3069790310543437,0.54817439455926,0.3549079428878214,-0.1932664516714385,1.366276451306954,0.5778035982183558,0.6457619129926458,0.9606890456823768,0.8252121589098831,0.3334131312934152,0.7449644669510437,0.4176216983943961,0.4316151547746423,0.6224520420858344,0.942528735632184,0.6883203015946335,0.9683908045977012,1.744211263229551,0.8834606108893024,0.8552676134956139,0.7453341445734507,-0.0239584063000817,0.5829902830180713,0.6011634415293283,0.8439352756432633,1.976971747200957,0.627103820314521,0.5786999595909744,0.8609218800452577,0.8958645574249345,0.8524916517682735,0.9373563218390804,0.9529121764678066,0.5325433328710489,1.7613043209915449,0.5673866139238717,0.724027700312061,0.7495237433365711,1.4152952606009277,0.4887853816488291,0.8535100043073335,-0.0260151101772879,1.7360062205456637,0.7092845361269409,0.7320823205450903,1.0007529989962292,0.5633091525326824,0.6959911674328337,-0.0258539519937744,0.5533874070774448,0.5086485600473223,0.4245401124050327,0.4444877269191849,0.9796497984202092,0.5917080665763665,0.4089212195705894,0.7562702597447327,0.4796046320939052,0.4070858284401653,0.12959168207483185,2.118712617907196,5.787363823266817,3.6686512053596214,2.731546054338107,0.8084698275862069,0.706896551724138,0.5028291191030866,0.4437810499322749,-0.3601987148651667,-0.3597034740704289,-0.2677745733977739,-0.31384150233424163,-0.2726873375996714
146432,0.9625,0.78125,752.375,1109.375,781.6883116883117,1420.0,0.1812499999999999,357.0,638.3116883116883,0.5504847265410646,-1.082780278858725,Low_Efficiency,0.3076537880487914,0.7597506709460121,0.4520968828972207,0.5419016645343544,0.8605123136762963,0.318610649141942,1.1203563025647738,1.2574092062988256,0.1370529037340517,1.1508790519781351,1.474485041027208,0.3236059890490723,1.4587734352996389,1.6178069156194006,0.1590334803197619,1.4103032121451762,1.6026442978053388,0.1923410856601627,1.4061285563390586,1.9136165179582496,0.5074879616191909,1.2636764540911756,1.5934403996981092,0.3297639456069338,0.915113873080576,1.2588591476924922,0.3437452746119164,1.2340693464232784,1.5309752319716896,0.2969058855484111,1.394140236674841,1.598796608874505,0.2046563721996639,0.4471289222718617,0.8227517731805155,0.3756228509086537,1.7018404716993127,1.4972211495826988,-0.2046193221166138,1.173903870430082,1.3733940931645257,0.1994902227344437,1.5841783708337864,0.6334346296200579,0.6996167326989637,0.9929628830782004,0.6263882636690166,0.521011117472803,0.4994231728638081,0.5295654500151781,0.5394854376517735,0.7768448466865432,0.9919540229885058,0.7219762802406267,0.9833333333333334,1.5142720368126832,0.7239405725095918,0.5840286543998305,0.5389094288153962,-0.0255165332965003,0.6476487307410874,0.6880231910666831,0.7120570896037082,1.291290231236588,0.6506988911459299,0.6959738363990322,0.6351313072334768,0.6025724117872987,0.6510845863455891,0.9770114942528736,0.982704815066648,0.6103838953798694,1.3906198797720282,0.7594119346797468,0.7110317589186489,0.7810968854911694,1.6229322622159383,0.6116435695690524,0.6849518355841596,-0.0300969109463759,1.2302703422270156,0.5025886204935865,0.477993630646115,0.5670031141624575,0.6681830539861642,0.5805003129023761,-0.0242486891281915,0.7660456600914964,0.7160541397028879,0.4892747894698824,0.6150716984980786,0.9876826208733348,0.6550525225934323,0.5519819887477246,0.5956524583332256,0.5630295164871184,1.1089906561129328,1.3686902405354189,0.8679055380575245,0.57080075977865,-0.2971047782788745,0.6576753771853917,0.9403735632183908,0.7749640804597702,0.6233619033382967,0.5117597832761189,-0.5097067456396089,-0.43986680975556125,0.19425176839072542,0.18483331615160972,-0.6301558322366367
146533,0.975,0.921875,674.1875,866.8125,691.474358974359,940.271186440678,0.0531249999999999,192.625,248.79682746631897,0.7353988603988604,0.4819030773897343,High_Efficiency,-0.2216438867075542,0.300263610500849,0.5219074972084032,-0.5388596378784751,0.0764044158126285,0.6152640536911037,0.5716143637513206,0.8259890573672124,0.2543746936158918,0.1792829254841083,0.3978585468442746,0.2185756213601661,0.8042480793470099,1.043684270157429,0.2394361908104189,0.2605651444352004,0.6661583457733292,0.4055932013381288,0.9067797045071194,0.8694531285641824,-0.0373265759429369,0.193758607329178,0.2724602771878573,0.0787016698586793,0.2760672875009774,0.7246453587280502,0.4485780712270727,0.3020404342795434,0.4669438181020751,0.1649033838225316,0.8005357511302787,1.0253176253312528,0.224781874200974,0.4746597292619615,0.625159449536814,0.1504997202748524,1.320681848963928,1.2253804026454325,-0.0953014463184955,0.6101897467864306,0.7983886474364754,0.1881989006500449,1.3933940102125668,0.4164955877633028,0.4669828137451244,0.97290264254782,0.4924526279446048,0.4015183355560886,0.5432860564820912,0.3477253871718604,0.3636862979280483,0.5317626696472673,0.9660919540229884,0.4816189074970957,0.978735632183908,1.2458170422555184,0.5924892345863594,0.6103985671033036,0.4466932766119627,-0.0182407559592464,0.4599991571949546,0.6986087596005379,0.5012177510877436,1.1483217837841808,0.4314362053058325,0.4919446977234186,0.5528109976883093,0.614162617164775,0.4897746332055774,0.9488505747126436,0.9582568048881932,0.5370337855997538,1.0691663435458671,0.4633943450349985,0.6451183230141915,0.4734729474776371,1.1044550245529294,0.4328180090829651,0.5030563296913255,-0.0224266988256852,1.2099194764767027,0.3680640181243563,0.385193414442684,0.4969519347292638,0.8298774807929836,0.4688715968721755,-0.0188506053971184,0.4884013732130231,0.4790478032155125,0.3102348257632628,0.5282762822243577,0.9834131805087576,0.5106392428903557,0.6504702059305626,0.5613344973881521,0.4828590154848015,0.4242800070136448,0.6655790681419901,2.2980052933848256,1.3850700225646386,-0.912935270820187,0.6027268187000974,0.9251293103448275,0.8906160201149425,0.44849917826508073,0.47074555203954666,-0.3390322524925639,-0.44513565490005136,0.11745698439949873,0.16395045581850032,0.5869537553522006
146735,0.95,0.796875,604.3125,761.0,636.1184210526316,954.9803921568628,0.1531249999999999,156.6875,318.8619711042312,0.6661062638322152,0.0977030867767774,High_Efficiency,0.0516878107447491,0.2603004188807354,0.2086126081359862,-0.1223860534653676,-0.0104488003928275,0.1119372530725401,0.7430101108874649,0.3644922869723206,-0.3785178239151442,0.0147765998264538,0.0294646844143799,0.0146880845879261,0.340984141852532,0.5194288560388155,0.1784447141862833,-0.0451210497867675,0.0529372491265141,0.0980582989132816,0.704339542880563,0.4204219715540989,-0.283917571326464,-0.7247733919805519,-0.4668428600242537,0.2579305319562982,0.987265322108814,0.5569764787335609,-0.4302888433752531,0.1872322273339822,0.366326618347716,0.1790943910137338,0.0559041731379581,0.283821479585423,0.2279173064474648,0.5328007360325103,0.6144332606135081,0.0816325245809977,1.3886314391528507,0.9802248164778145,-0.4084066226750363,0.1851103245315127,0.557838005596756,0.3727276810652433,1.059589675673814,0.4698904680280872,0.4138952499159035,0.9751876140110052,0.4308594366549055,0.4343350233391281,0.4376471299035653,0.4235559234396575,0.4035651005034751,0.7235138220342714,0.9678160919540232,0.5815266101799932,0.9545977011494252,1.0421278306709405,0.4313927363528699,0.4853374498207341,0.3699183879583319,-0.023618774566287,0.4723846917094108,0.682353516666675,0.6126801153274017,1.097311943267937,0.5021582654540415,0.5487213598623533,0.493877127633528,0.5172430890828323,0.476263263737837,0.9701149425287356,0.9743793648814164,0.4718096315633061,1.1576904205630925,0.6327056914413884,0.4691419430650769,0.5005842656713837,1.1494548247614351,0.5191560392021729,0.3569156791417225,-0.0226501669935313,1.1652160527178834,0.4004500120736297,0.3933404012551679,0.5769393294892139,0.557184421436681,0.5620779696022847,-0.025306898478972,0.457974367482637,0.5891100530557192,0.4542635590050186,0.4888792727626053,0.9622148422433208,0.6324791336925073,0.526191736310319,0.7422130677961662,0.5492455130475258,0.30710442380405034,0.3235267475660401,3.093400267024104,2.4630808516272253,-0.6303194153968787,0.7962370992356721,0.9216091954022988,0.7712284482758622,0.4487654571239402,0.5040068096612168,-0.4023781272676746,-0.4376800182097471,0.2702101168438496,-0.06136056181044379,0.0012385862115526641
146937,1.0,0.859375,659.5625,989.5625,659.5625,1151.490909090909,0.140625,330.0,491.9284090909091,0.5727900192635634,-0.466396647070267,Low_Efficiency,-0.2317674506890876,-0.5748339268880793,-0.3430664761989917,-0.1869220090506043,-0.6814458413904295,-0.4945238323398251,-0.2056144533021933,-0.4745617210996438,-0.2689472677974505,-0.4675691539987311,-0.7317667292095179,-0.2641975752107868,0.0788091022144284,-0.2188277608010555,-0.2976368630154839,-0.1802705514269184,-0.5418923795659693,-0.3616218281390507,0.1973665948582101,-0.2087127579234992,-0.4060793527817093,-0.3574104833398261,-1.0613275660269346,-0.7039170826871083,0.367075818706438,-0.1798807273987904,-0.5469565461052285,0.4163815994014385,-0.461834813615217,-0.8782164130166555,0.0935275722857673,-0.1286843324692719,-0.2222119047550393,-0.0132057111110384,0.1303025147464563,0.1435082258574948,0.986966348065982,0.1013770854061776,-0.8855892626598043,0.2764930091395071,-0.4656414721601501,-0.7421344812996573,0.8792874613457313,0.3932905323144752,0.4280406256551827,0.9531624802030204,0.5151678210590568,0.3598850047080545,0.3988868915536748,0.3299127345068862,0.383112338207922,0.5027124488131534,0.9402298850574712,0.3756718062617019,0.9770114942528736,1.097527029085542,0.4713959950070044,0.4531898836567977,0.426035879742008,-0.0255746578423725,0.4429915434644927,0.4393600986054612,0.6215510531136622,0.9372431786460892,0.4361372204122303,0.3634435194149193,0.5804777711817345,0.4274288143199692,0.5418197176755115,0.957471264367816,0.9702242025475992,0.4131041339876112,0.8045902770565905,0.4589218193674874,0.3953384812562457,0.3097002165657452,0.9828676417028968,0.319589203735395,0.4992569893353843,-0.0209604154522592,0.7447369998397539,0.396959647089167,0.4131370835385437,0.6221486617365146,0.405161098391667,0.422642096982229,-0.0243187015042794,0.3234108368438743,0.3467706045923671,0.3192679318586988,0.3404830736293973,0.9868535359914672,0.4290617303584495,0.3957913026288476,0.4651560544592681,0.3668730098962647,0.055275730839526596,-0.39269503059970884,18.09079489348043,2.1883974703986664,-15.902397423081766,0.12096745125444269,0.957471264367816,0.8080100574712643,0.4429915434644927,0.36872492452679256,-0.3299127345068862,-0.3152814928796025,0.8085483494993466,-0.11601224874383723,-0.5149586771643411
147030,0.7125,0.890625,567.625,860.3125,796.6666666666666,965.9649122807018,-0.1781249999999999,292.6875,169.29824561403518,0.8247366509262621,0.8638638210927274,High_Efficiency,0.6185261357682627,1.0721828576160004,0.4536567218477377,-0.3331862709580213,0.4501453904218032,0.7833316613798245,0.5912211093877209,1.1943049795657703,0.6030838701780497,-0.2649816347684459,0.6056496544262329,0.8706312891946788,0.815412725041402,1.6277514521505372,0.812338727109135,0.2870391232182904,1.0682319769400377,0.7811928537217472,1.272686790760849,2.177923005888611,0.905236215127762,-0.623003501795467,0.4634200441343725,1.0864235459298397,0.9924918594607488,1.6198775593087715,0.6273856998480226,0.6957387472359217,1.1575229241165257,0.4617841768806041,0.364699589029069,1.133870005737649,0.7691704167085801,-0.0243717984979347,0.961633383092524,0.9860051815904588,1.025852024663637,1.4854915730337206,0.4596395483700839,0.1326699149985627,0.9126036838318744,0.7799337688333117,1.1266467689486757,0.5403955349398497,0.5532562041900086,0.91597984092157,0.5190253895094616,0.5567663745787623,0.5688797179599354,0.5051915147843373,0.5316069176398008,0.4136723738806148,0.8971264367816092,0.3713004775806199,0.9833333333333334,1.2188356134412572,0.5520372305600847,0.4848207014035434,0.5083478451752561,-0.0231561511934137,0.5617661087712369,0.4520283929395702,0.6224806929457392,1.1647295386082872,0.5925225036151328,0.3508564209099762,0.5861534358499192,0.6507012092654626,0.5551392438623923,0.97816091954023,0.9823745215812932,0.4566203371347941,1.0926467011524568,0.6374785866973793,0.6095053961899723,0.2981545950897584,1.1534892942284478,0.2673622060948832,0.4818275651622002,-0.0139079731031275,0.7998904068303352,0.4832159243194511,0.4878422604671035,0.4333039144620511,0.3062519156812062,0.4116661697333249,-0.0226952637858668,0.2917152875466712,0.6404550504585935,0.5093149999697739,0.3083051085577113,0.9859245353633423,0.4045994000495743,0.3389024136227325,0.2912118583075134,0.3045464420936543,0.3964853438246139,1.137900606447459,1.797035411426869,0.7826906957100982,-1.0143447157167707,0.43554526259633897,0.6969396551724139,0.7990032327586207,0.4002583524995063,0.3603463406691521,-0.3599489542838404,-0.27123667498966086,-0.11122515254085177,-0.577550608647517,-0.03263994498154377
147737,0.975,0.921875,726.25,1104.3125,744.8717948717949,1197.8983050847455,0.0531249999999999,378.0625,453.0265102129508,0.6218155512116688,-0.34048552999906,Low_Efficiency,0.1575538698025827,-0.4931542597014533,-0.650708129504036,0.2397749777275272,-0.4200675971058524,-0.6598425748333796,0.4850428004555822,0.1903112558687957,-0.2947315445867865,0.66247866902779,0.2125301263090727,-0.4499485427187171,0.8594485474689637,0.6075238862785053,-0.2519246611904585,0.617650033980305,0.185038743147454,-0.4326112908328511,0.7323528540682072,0.8482310181669361,0.1158781640987289,-0.0425577451355147,-0.1708393955693834,-0.1282816504338687,0.3477225956891848,0.093964063343905,-0.2537585323452797,0.3155069289404942,-0.3137261300821757,-0.6292330590226699,0.4903170931712362,-0.2007343919938772,-0.6910514851651135,0.5492956973285625,0.0325662874583648,-0.5167294098701977,1.437172176179035,0.6008801841689542,-0.8362919920100809,1.3150598102015418,0.0675011301279833,-1.2475586800735583,1.3802997594944173,0.4882092655282466,0.4864214245768784,0.9851818874785452,0.5180749738734647,0.4694576676188164,0.4829744956353146,0.4255200251904333,0.5073946851543263,0.7092609681623389,0.97816091954023,0.5945394737976509,0.9775862068965516,1.224709847272464,0.526051297499427,0.4450279451345532,0.4946609328025858,-0.0214960749552878,0.4903783081367189,0.5994906754834814,0.6152835184998722,1.1891016956737497,0.4817453222821593,0.5933569746657517,0.6357184819688436,0.4915180439479327,0.5155483989119869,0.978735632183908,0.9827548814161758,0.5252019309302671,1.1079750381082951,0.5784206325931653,0.4772709232878196,0.5743586862422958,1.1683004688438947,0.4404333566461011,0.50258497694748,-0.0224142076547939,1.3879690955305923,0.4185957747260846,0.4155344591476768,0.6429810305916661,0.4918931356187798,0.5542275739427878,-0.0243872234972864,0.5348721223885022,0.5314517826546631,0.4612869591086284,0.4844517528042891,0.982296523998732,0.7635688753159731,0.4655567263277877,0.8052700462851796,0.4721282862865178,0.5833441649218213,0.08857320860123064,1.6713946709932317,10.407939450527493,8.736544779534261,6.227094895095992,0.9542672413793103,0.9017420977011495,0.47811885043330093,0.7039150569319127,-0.41488202456067247,-0.4352432639203836,0.3830112063276066,0.41663360904859087,0.24813564345940686
148032,0.925,0.90625,653.375,912.75,706.3513513513514,1007.1724137931036,0.01875,259.375,300.82106244175213,0.701321185606313,0.3121562745337568,High_Efficiency,-0.1026184362041695,-0.1453630447502015,-0.0427446085460321,-0.381988922351226,-0.1473851927734214,0.2346037295778046,0.8712866114091584,1.0061244659180633,0.1348378545089049,0.2795582365090493,0.344786460731381,0.0652282242223316,0.9234445022343482,1.2118481152798912,0.2884036130455432,0.1596306134980065,0.0370603079439307,-0.1225703055540757,0.5778499974455634,0.8946571831359056,0.316807185690342,-0.7256168995328286,-0.3173887618505848,0.4082281376822438,1.042713756644961,0.9313572280468168,-0.1113565285981438,0.2433791106304471,0.1831693834097481,-0.0602097272206989,0.3663852824062458,0.8067691813784068,0.440383898972161,0.1088604497062081,0.1238844773323461,0.0150240276261379,1.4188599483871058,1.483066632134002,0.0642066837468963,1.0241074616005967,0.5681904737088107,-0.4559169878917861,1.1121212328890788,0.3809892991989266,0.5296931776310642,0.9341670387744052,0.3490042388771165,0.4332781261038106,0.4127047682442206,0.361416317068653,0.37822810791312,0.4603787370338321,0.9166666666666669,0.4163074516081977,0.914942528735632,1.2112808482639088,0.6202061339448066,0.4081656802226152,0.3866764210528947,-0.0108429652124464,0.4569812873885608,0.4139415352165216,0.475857696113119,1.3017145997322772,0.4126316956005639,0.3777545684772023,0.4193057437444545,0.4618938207106327,0.381544766615323,0.9580459770114942,0.969627098502663,0.5176236292348888,1.1311756827915858,0.5491809296165118,0.6487838450487271,0.7093452653871146,1.37307460346994,0.2178862871091418,0.4654605266048859,-0.0207754545856017,1.133355378448944,0.3060076776029118,0.2646455858794636,0.5238618632839178,0.4020384216471689,0.5550984039973981,-0.0180380194417316,0.4273665634299202,0.5249687943823298,0.3551083054368342,0.3244556602727444,0.9390766417790672,0.4137488531699903,0.3382048304832246,0.5024837463860643,0.2595984522069366,0.4147036937416762,0.49862692211750675,2.2305028468672026,1.8174874687150653,-0.4130153781521373,0.8148326985706709,0.8861925287356321,0.8307291666666669,0.4227076908344188,0.37495989818530373,-0.33431009328850403,-0.2352610973125363,0.1601356164525343,-0.2179099417287722,-0.02326270859232002
148133,1.0,0.953125,641.4375,907.1875,641.4375,951.8032786885246,0.046875,265.75,310.36577868852464,0.6739181450223906,0.3616673333016325,High_Efficiency,-0.2617700120398649,0.0858980346887335,0.3476680467285985,-0.1479080151469473,-0.1533911284992594,-0.005483113352312,0.9072711251991086,0.971828888390623,0.0645577631915144,0.7384277541620611,0.3546256410779732,-0.3838021130840878,0.7235306395612833,0.92227845821474,0.1987478186534565,0.4080990246733698,0.4050364285059497,-0.0030625961674201,1.2036553083510513,1.7035555109858462,0.4999002026347949,-0.0976878914301108,0.0067752474658403,0.1044631388959511,0.829850842613788,0.8276949981749772,-0.0021558444388108,0.7942678795003449,0.5459597405778078,-0.248308138922537,0.8315545607468922,0.8020410504319152,-0.0295135103149769,0.3842882939082344,0.2811307125002391,-0.1031575814079952,0.8660572003529909,0.8639529142982778,-0.0021042860547131,0.874032268922566,0.6528588675791489,-0.2211734013434171,0.9761756872931532,0.2532818409330382,0.2951803554887781,0.9170606313515042,0.2443700626303839,0.3394705478123164,0.3277380382758117,0.2396699567411251,0.3186425498019574,0.3437295493990112,0.8873563218390804,0.2709420026936309,0.8816091954022989,1.122785091625094,0.3470469030247933,0.4530791403798956,0.3419885077596887,-0.0158699607542002,0.3069622168492716,0.3064283813564955,0.3415912784842861,0.655676825456063,0.2757324876715437,0.2728063911391208,0.3014744588510002,0.2297897469959925,0.288626420756048,0.878735632183908,0.902861610255284,0.4659450150857757,0.6391978181693085,0.3207068178602874,0.3801670020979983,0.2792514324551525,0.9594382016809608,0.1998353554831919,0.340605502228727,-0.0148509761698187,0.699128977367689,0.2360626096014123,0.1982129995965136,0.3432954649789995,0.3487144857777072,0.3558366836779014,-0.0191770431736746,0.2997805738213233,0.3132422805876586,0.2345832127338928,0.2671331164049201,0.911779319261844,0.3089065442548319,0.2400926705813523,0.3826358524853957,0.208245720284509,0.5752620699553406,0.5907318117423437,1.7383351239244909,1.6134620949677647,-0.12487302895672614,0.9281646240689005,0.878735632183908,0.8457614942528735,0.3069622168492716,0.29442654999288664,-0.2396699567411251,-0.19848420214617263,-0.6086748997610405,-0.41304472151466126,-0.22683957685462386
148335,0.85,0.671875,688.1875,1055.1875,809.6323529411765,1570.5116279069769,0.1781249999999999,367.0,760.8792749658004,0.5155213998766598,-1.31243528128728,Low_Efficiency,0.0797481107898631,-0.2752277208972309,-0.354975831687094,-0.6361380365796965,-0.3277583100938749,0.3083797264858215,0.4758723480941739,-0.0115194842885186,-0.4873918323826926,-0.4108912820975896,0.045988029595787,0.4568793116933766,1.4995070188535236,0.5234544156411125,-0.9760526032124112,0.2440659722103218,0.756966977849831,0.5129010056395091,1.6963651978788692,1.2678474907647916,-0.4285177071140776,-0.4368706994725225,-0.0944713562927331,0.3423993431797893,1.3894638826386891,1.0581239094245534,-0.3313399732141358,0.3914987844516641,0.6239430901525271,0.232444305700863,0.755091995456748,0.3620536987151191,-0.3930382967416287,0.6863661567017914,0.1656745755082236,-0.5206915811935677,1.4240986483228992,0.5862200744751708,-0.8378785738477283,-0.1397493222511482,-0.022156006105463,0.1175933161456852,1.4082843816697173,0.3974310484951857,0.3792959937419859,0.9866199037649565,0.4837911561192208,0.4073416184864952,0.4980449634591493,0.3661883508184758,0.4281471282312894,0.6353141592528913,0.9827586206896552,0.5316915113735623,0.9827586206896552,1.2562205778543234,0.4440753654549897,0.6003867187336425,0.511906218799495,-0.0280190271879253,0.4144804419358207,0.7423862613359891,0.587109357884496,1.192105465861932,0.3979661646913158,0.554950898415927,0.5325885527424644,0.6344221604460794,0.4700230091779168,0.953448275862069,0.9630994420311836,0.517768412641356,1.057877463182629,0.4672546371718657,0.3835026143385599,0.4508515146976288,1.1796367746289935,0.485467097243159,0.469379482221686,-0.0276808778809381,1.3178172430767805,0.4666015420582216,0.4730592747514167,0.6485636336551736,0.6621210333728884,0.4871681628847149,-0.0247002395207757,0.5027213213805916,0.5257051008469977,0.3992011752290434,0.5343592653841753,0.9869241037804256,0.5999805647044933,0.5620644657107203,0.7323041475068559,0.5418364873495541,0.5013163410712562,0.3327956703178069,1.6955328099834923,2.0188753672276456,0.3233425572441533,1.190701922509762,0.8104310344827587,0.6602909482758621,0.3523083756454476,0.40311194191083144,-0.3112600981957044,-0.36404638993798166,-0.059812047120001696,-0.05307081074504749,-1.1087649606261865
148436,0.925,0.875,921.625,1156.8125,996.3513513513514,1322.071428571429,0.05,235.1875,325.7200772200773,0.7536289869208989,-0.2564836285987099,Low_Efficiency,2.61904081452936,4.492608669702692,1.873567855173332,0.1510092647242572,0.2706995221424638,0.1196902574182065,5.306220150777834,8.29352185725395,2.9873017064761145,0.3667105313978652,0.700416171954985,0.3337056405571197,1.4265594569429565,2.222885427764002,0.796325970821046,1.7813389062157443,2.635095088603932,0.8537561823881876,1.9002010265321772,2.935467391635513,1.0352663651033356,0.908378383270908,0.9425871034427404,0.0342087201718324,2.5672694699072407,3.5531565031912784,0.985887033284038,1.8783458196363525,2.193634961986871,0.3152891423505186,1.5111957406694927,2.2413977376386613,0.7302019969691689,1.0140431142617683,1.6345183098697986,0.6204751956080301,5.262530712173005,8.020205641994464,2.7576749298214587,0.8313921606687605,1.2777241483623842,0.4463319876936237,1.2668136949698898,0.56022737994418,0.5999453727901976,0.961683030825453,0.591852856023187,0.4514639408385037,0.5246138613235033,0.5295041127183349,0.5655737968560463,0.5579728071124783,0.9540229885057472,0.7872912280977862,0.9413793103448276,1.1852205336159571,0.5905870981693881,0.5788570659658745,0.6316382049660123,-0.0345438458372192,0.5298963224778015,0.5077266338561544,0.4451551049002237,-0.4845440904494753,0.6771232195566064,0.6735538940541097,0.5402144524261826,0.366937442354776,0.7131274764917017,0.9183908045977012,0.9398605622384226,0.5195083070488276,-0.4582047549510497,0.4000963660296825,0.5248384841783625,0.6693065568495868,1.14208214789276,0.7145327310745011,0.6459794776071927,-0.0294736752195561,-0.4777081262472589,0.6505604242581794,0.5736876926385003,0.5000732652077091,0.668753762213401,0.4093613580150504,-0.0322735350015316,0.6807876989771902,0.3344618441390891,0.5826191941289337,0.6788227456992746,0.954342345831193,0.592119216360827,0.5509062030134559,0.54373313067211,0.6427926395215222,1.9660168251219796,2.9581370382531236,0.4704942082316112,0.2957941748102857,-0.1747000334213255,0.6286869018752573,0.8495114942528736,0.8347701149425288,0.49015409829196643,0.5181043143157236,-0.48979130426445977,-0.562443559581332,-0.5846534731923475,-0.272383028866228,-0.5428447048058798
148840,1.0,0.921875,633.0625,1037.0625,633.0625,1124.949152542373,0.078125,404.0,491.886652542373,0.562747657144579,-0.3475268413087463,Low_Efficiency,-0.1066256236259727,0.0877888351153483,0.1944144587413211,-0.2412847330137257,0.2584797220630359,0.4997644550767616,0.5911963940500615,1.1072616200216927,0.5160652259716312,0.4090527931985369,0.674712666496008,0.2656598732974711,0.3907538103837434,0.844789727109813,0.4540359167260696,-0.0352094088737116,0.4202280397575551,0.4554374486312668,0.3421109059384498,1.3751430686640762,1.0330321627256265,-0.9349955914249046,-0.8696186696255359,0.0653769217993686,1.1480293781878252,0.9160577784546574,-0.2319715997331679,0.3214471994546175,0.4638578027309191,0.1424106032763016,1.161098085285523,0.8922648163339502,-0.2688332689515729,0.6158677122270886,0.6802469993604587,0.0643792871333701,1.7816619440643882,1.0386297184446738,-0.7430322256197145,1.2550416166170122,0.8399607103532455,-0.4150809062637667,1.0207445960906938,0.2311678282625377,0.2218241073953179,0.9051548066710736,0.2499035402677265,0.4199535026328051,0.3748272004617975,0.2593639708582566,0.2190613864981096,0.3629282008570795,0.8804597701149426,0.2558174052655453,0.8580459770114943,0.9339633015564512,0.2940115511572806,0.4122059664143205,0.2098250352897809,0.010646472844617,0.3667072655426762,0.4051894064240212,0.3796888651940842,0.731288365182494,0.2017263465291367,0.2749023659025716,0.3780961129664808,0.2849454454846673,0.1738269194559994,0.8580459770114943,0.8917268715822795,0.4811020677640072,0.7833184568803834,0.4489766317976135,0.2931188568582348,0.3215412828327383,0.9894690486682002,0.2821857791158691,0.2463972232705742,0.0026968956270869,0.8699107337413817,0.2525703494467618,0.17094583580266,0.168153729426002,0.4397138617686121,0.2727322099335765,0.0053252989512659,0.2999544099016227,0.4386674401778025,0.2074279616490791,0.2626419367715927,0.8784681164304489,0.3683644161202463,0.4283263037446558,0.3237578763606196,0.2537172207483276,0.4784388916049237,0.6235573453771356,2.0901267171629567,1.4784101709719544,-0.6117165461910024,0.7073300635325196,0.8580459770114943,0.8116738505747128,0.3667072655426762,0.339585946110852,-0.2593639708582566,-0.2338955628773645,-0.8521103883286625,-0.6587074728460015,-1.0960899888606108
148941,0.9,0.828125,812.125,1096.75,902.3611111111112,1324.377358490566,0.071875,284.625,422.01624737945485,0.6813474311729099,-0.4524012314047545,Low_Efficiency,0.3357134682096631,0.0781021846268896,-0.2576112835827735,-0.4172661153881949,-0.2667613684491986,0.1505047469389963,0.520679644852742,0.6230711763248641,0.1023915314721221,-0.1101677040434192,0.3534743303001011,0.4636420343435204,1.185156182069304,0.6199242509813416,-0.5652319310879623,0.2518732916790979,0.2571208912808669,0.0052475996017689,1.235820467758924,0.6537175629550331,-0.5821029048038908,-0.0776565969875925,-0.0333604991620633,0.0442960978255292,1.5654322673021517,0.9257608150754526,-0.6396714522266987,0.6310072597500067,0.3697457208486225,-0.2612615389013841,0.7135015259920585,0.2815116003071725,-0.431989925684886,0.118331475388715,-0.1207642553108666,-0.2390957306995816,1.6797289488542004,1.1529117314031745,-0.5268172174510258,0.7134452222461785,0.5845433283633238,-0.1289018938828547,1.2646459184520893,0.3071198493617096,0.318065682062205,0.9733488026126068,0.3815861558071997,0.2884790743046879,0.4270244173988815,0.264713726574481,0.3228452844194817,0.5107743124405244,0.964367816091954,0.4748970983265123,0.9488505747126436,1.142666835443186,0.4143793025449305,0.480456617977323,0.415566074207587,-0.0184149027188612,0.3489018179929566,0.4695805456016552,0.4546860015168049,1.0033023773923475,0.3313753527891445,0.4670570939771225,0.4914470646446347,0.384935185546886,0.4118876731243608,0.9172413793103448,0.9334714259870698,0.4303569459177018,0.9771747193894438,0.403069062155644,0.3151801648579429,0.4516907481664101,1.008513006250437,0.4328939157080125,0.389666215313237,-0.0254655472064817,1.100639492861256,0.3998222406214906,0.3557943611757485,0.5310237450985117,0.5492876981644048,0.41310559778318,-0.0214253077365948,0.4263285974757845,0.3225343393950585,0.3078314166888136,0.4443035238752402,0.963823617496412,0.5473668000860077,0.4129672227920442,0.6231167146173626,0.4513968666409673,0.5961142384059882,0.3913569621103367,1.5097751944852131,2.1160295181793805,0.6062543236941673,1.4015517835747047,0.8255172413793103,0.7986170977011494,0.31401163619366096,0.45328813132122514,-0.2382423539170329,-0.37381303018705103,-0.3243090384916981,0.05336430370442887,-0.2929923181383228
149236,1.0,0.96875,622.1875,774.6875,622.1875,799.6774193548387,0.03125,152.5,177.48991935483866,0.7780481040742235,0.9318347506251666,High_Efficiency,0.3714870389340146,-0.3175743287778776,-0.6890613677118923,0.2020841091780399,-0.3492477140209081,-0.5513318231989481,0.4857058119721583,0.151989238896416,-0.3337165730757423,0.6999733898705438,0.0892590678189362,-0.6107143220516076,0.3987862643012209,0.3152450241678283,-0.0835412401333926,0.5306224390126776,0.2592204461481397,-0.2714019928645378,0.2625585650375202,0.1777739376125617,-0.0847846274249585,-0.1693374959835915,-0.3442793881179694,-0.1749418921343778,0.6168121686690449,0.1775610154219639,-0.4392511532470809,0.5886103846968866,0.203572491127389,-0.3850378935694976,0.9151209798377228,0.3563955900926921,-0.5587253897450304,0.5376068082442387,0.2735351597997233,-0.2640716484445153,1.4450876729288278,0.9351571845128546,-0.509930488415973,0.6354127877441498,-0.029533805209803,-0.6649465929539529,0.8621929906108838,0.3635983974235967,0.3343793274827295,0.9440712596502732,0.2917412861830071,0.4918540568097705,0.4381489128972181,0.4017067738101531,0.3317014378522452,0.4196484160374381,0.914367816091954,0.3484308162613199,0.9201149425287356,1.1535959267333993,0.522630664176688,0.4974608143926029,0.3162232095533553,-0.0042062699489115,0.5577174782215254,0.3859222597147486,0.4698613865817492,1.019368659404702,0.5185740483235248,0.2790895037153532,0.43255276925009,0.4130544179333676,0.3707837855303797,0.9482758620689656,0.9598054829391626,0.6139890363199447,1.0030559339907357,0.5779526046126969,0.6262028032987891,0.4959088047615959,1.3370040379240264,0.3637497341631047,0.3550544346384727,-0.0248899605621724,0.9612787266491692,0.3666170891056021,0.313265297434865,0.4187036245977513,0.4499848101322391,0.5249712459758025,-0.0131679033218464,0.3601718843995399,0.5113468173077454,0.4527658698410982,0.3371610134484791,0.9415101966458036,0.3655799893433334,0.3995810214884399,0.4253177430579344,0.3258329073328701,0.5371807803173896,0.13564813710513907,1.861567232248938,7.141586158776228,5.28001892652729,3.8363279062559874,0.9482758620689656,0.8857938218390805,0.5577174782215254,0.35415561467635426,-0.4017067738101531,-0.31565062897871793,0.0799964293092705,-0.11023344398952228,0.6030982031934554
149337,0.9875,0.875,522.4375,713.25,529.0506329113924,815.1428571428571,0.1125,190.8125,286.0922242314647,0.6490281160847787,0.4542052045852786,High_Efficiency,-0.2263274729152286,-0.6967405942783023,-0.4704131213630736,-0.8966979561321797,-1.111018736229784,-0.2143207800976041,0.476401800097491,-0.1900841929984161,-0.6664859930959072,-0.0324213608966278,-0.6730935777347695,-0.6406722168381417,0.3695938083132991,0.3315717667129778,-0.0380220416003213,-0.1891600874299452,0.0186856630887144,0.2078457505186597,0.5745077116978026,0.3810211653523538,-0.1934865463454486,-1.0540939656144148,-1.1462256247154907,-0.0921316591010759,0.5549088833931739,0.1614246648152065,-0.3934842185779674,0.4034271727886027,0.1956646900669786,-0.2077624827216241,0.4018651218713864,-0.1193873654658249,-0.5212524873372113,0.0700726679248366,-0.2631083637235047,-0.3331810316483413,1.32769244594223,-0.2092220277241847,-1.5369144736664146,0.7258858073643241,-0.4587116494542007,-1.184597456818525,0.9504538830988296,0.653899937999668,0.6435863948521916,0.9883487997684914,0.5241078433742032,0.6279527813837374,0.4550286354000736,0.6346988028420975,0.6258200461527104,0.5464845763061161,0.9816091954022989,0.591017483633472,0.9833333333333334,1.0538164800091676,0.5886768646954743,0.545287990766214,0.4724601220118776,-0.0266399682851626,0.7380072755839743,0.5680128644691925,0.5570697929621811,1.1135633206095443,0.6603500704964311,0.5627830751324674,0.6120662361120014,0.4969453968097297,0.4992847742246783,0.9988505747126436,0.9988916256157636,0.7826253190164543,1.3653024035974886,0.7114429957073453,0.7257182268010749,0.6453565649470901,1.3367957813002396,0.5399338975875436,0.5658676647471965,-0.0260872367364426,0.9775572584626492,0.4455171627687929,0.4403055238694349,0.6653989408567103,0.6065987927270123,0.8037050079226423,-0.0268259536615675,0.5952635251660789,0.67620837347893,0.5816312414917253,0.5088519439884758,0.987375270748834,0.5868233777343672,0.5061044212036222,0.6883679953831676,0.5009613708834153,0.17897532688605358,-0.2699445844491604,5.517489475737751,3.241394008297962,-2.276095467439789,0.587476140203858,0.9863649425287356,0.8589080459770115,0.7287821846391747,0.5134704555175713,-0.6267650678065713,-0.4383411995229884,0.5066293434987771,0.3062376567798225,0.7420737351535367
149539,0.9875,0.953125,688.625,923.5625,697.3417721518987,968.983606557377,0.034375,234.9375,271.64183440547833,0.7196631268401201,0.4342393596596033,High_Efficiency,-0.1370263127727699,-0.4823042446868593,-0.3452779319140894,-0.4487771788172712,-0.6113930474931117,-0.1626158686758405,0.0411623490077756,0.0204441787895579,-0.0207181702182177,-0.5860959001389419,-0.3837338554628861,0.2023620446760557,0.3644387911159784,0.2896459102964942,-0.0747928808194842,-0.0425336506364284,-0.0185233398019219,0.0240103108345065,0.0341658338793637,0.4346278451047161,0.4004620112253523,-0.1252979011125864,0.0277534265518217,0.1530513276644081,0.096032889830146,0.2468848682101749,0.1508519783800289,0.2070856589483611,-0.0111927589416074,-0.2182784178899685,0.3577520612799414,0.3585355655002253,0.0007835042202839,0.1620500679787393,0.1552528872325972,-0.0067971807461421,0.5857640491485506,0.4768159377230891,-0.1089481114254615,0.5330304471210208,-0.0428780992782638,-0.5759085463992846,1.1504506173607385,0.4148199741793783,0.4425799013793128,0.9157126843316784,0.3926417417181282,0.3660731592195201,0.3606738407565904,0.3611522488755223,0.4224196603075041,0.5708669374285367,0.8994252873563219,0.3275428724511829,0.9224137931034484,1.3018026234305562,0.3040204251708769,0.3687773623708254,0.3794605718101666,-0.0237704613718752,0.424621897994334,0.4895845762797037,0.5969494173395891,1.4876420894826476,0.4087462052594653,0.3542788833030331,0.4777369675170316,0.4715471305214805,0.3914929629651972,0.9293103448275862,0.944268005689456,0.4096098028774502,1.419134507678962,0.5571919048086189,0.316738012567465,0.2172531014350942,1.4958864277090278,0.2805190812038723,0.4195895026159111,-0.0244336830816487,1.3992902516818724,0.3132568292381179,0.3435221005788107,0.5179217014522001,0.3809250557861147,0.5884809836800451,-0.0213993629142041,0.3916665799184802,0.4462273000075475,0.3536204474081729,0.3448252828706374,0.941345145758142,0.4187234295032374,0.3424214536126422,0.4104055166720457,0.3388511101793761,0.07441080034513423,0.03285251955314474,13.270744632166025,29.011351385296763,15.740606753130738,2.1861131385849335,0.9176939655172415,0.8572647270114943,0.41931412426940484,0.39909576874527314,-0.35663784576457824,-0.32296746438971785,0.2179582209254603,-0.30734069754398397,-0.03759776748121563
149741,0.95,0.921875,652.8125,987.75,687.171052631579,1071.457627118644,0.0281249999999999,334.9375,384.2865744870651,0.6413422567904196,0.033927827950028,High_Efficiency,0.0769246850254613,-0.2962723917109242,-0.3731970767363856,0.169021348189206,-0.1518893653457647,-0.3209107135349707,1.0928438415454484,0.359226443157584,-0.7336173983878644,0.657032192936897,0.0484161843047682,-0.6086160086321287,0.6279809725569794,0.3732493770354612,-0.2547315955215181,0.9837315144930812,0.2798233920896187,-0.7039081224034625,0.3025450907141781,0.7050057588640498,0.4024606681498717,0.0447023365866884,0.0453764337162203,0.0006740971295318,0.6111574762351959,0.6488980114045235,0.0377405351693277,0.3934172597199208,0.2339443523066369,-0.1594729074132838,0.8473784424250086,0.3242198584591957,-0.5231585839658128,0.0623292182827461,-0.0063916955448334,-0.0687209138275795,0.9795502388659952,0.2805006390065219,-0.6990495998594735,0.6380408334122062,0.0495011193136699,-0.5885397140985363,1.5916179462209985,0.5042183157953497,0.838553417603688,0.9571184954708374,0.6220022493934169,0.3684399471602776,0.4236752456726922,0.3142963205348215,0.5432459016530619,0.3051886632946679,0.9436781609195404,0.668584900841919,0.9206896551724136,1.3742972474906705,0.5332875123521946,0.5992671764174582,0.5657334519824272,-0.0252362056332054,0.3723752350106676,0.4017011487239899,0.3285652370626212,0.8296384927844698,0.4864041909450115,0.7511226803394405,0.5298344143078866,0.4199710645075815,0.5800263714791409,0.921264367816092,0.9357173922753996,0.5670373715497996,0.8575136286771641,0.2174485581290753,0.4939964219086916,0.5764485725645192,1.1182224302080004,0.5713039282835826,0.8332008870016374,-0.0201567855921398,0.7152649310958878,0.4703983110255949,0.3902590191310269,0.5221793999970601,0.6824613403689321,0.4681845237007171,-0.0253319348699832,0.8757581808665454,0.4055532007622144,0.4030839971911609,0.6457747781339198,0.9418279778153378,0.6369127304576981,0.5049903510532814,0.5634214765381496,0.5219934129348857,0.5347611036420722,0.20668629407548053,1.7764908798321568,4.460240307095697,2.6837494272635403,2.510701207098735,0.8752011494252874,0.8699533045977013,0.3537564732601342,0.5871539233906905,-0.2985815045080804,-0.4812126775493477,-0.25010756105660104,-0.14096755050019927,-0.14852766312286028
149842,0.8,0.875,630.6875,1021.125,788.359375,1167.0,-0.0749999999999999,390.4375,378.640625,0.6755435946872322,0.0209652371343094,Low_Efficiency,1.1581099406951374,1.4367602982063756,0.2786503575112381,0.3102186482436567,0.3997538058393377,0.089535157595681,2.653402036904951,1.9542119707165293,-0.6991900661884214,0.969033960407021,0.7849721990965935,-0.1840617613104274,2.4074870736077183,2.5812124971247217,0.1737254235170036,1.1201147218067768,1.3499958787407706,0.2298811569339939,2.6534341639463017,2.633218547638825,-0.0202156163074764,0.5962177903184084,0.9812328730674108,0.3850150827490023,2.9605201237212686,2.211142738512069,-0.7493773852091998,1.666015920820885,1.4257481328765973,-0.2402677879442876,1.895541948909947,1.9020002947726895,0.0064583458627427,0.6614220896855585,0.9090468006758604,0.2476247109903019,2.755588962994534,2.113158857918904,-0.6424301050756307,0.7162114275475269,0.7227538306070771,0.0065424030595502,1.507126931770427,0.6786001519799391,0.7704963613000485,1.0,0.6730487962305045,0.6466992918213884,0.5961362183082388,0.6331868059242869,0.6615438250472647,0.9099496164439764,1.0,0.8163098309012806,0.9902298850574712,1.4398559312988906,0.7658458187264124,0.7499832536347077,0.6238837665707739,-0.0257936993762486,0.7558153844320041,0.8043295349448281,0.8029075024169204,1.2920929275462811,0.7200217635748882,0.807120616394958,0.7988807192172619,0.6095728493751358,0.7034838867904861,0.999425287356322,0.999425287356322,0.8135159986873639,1.1560110572480315,0.759786605893482,0.8237135474120918,0.9239118535359028,1.4587216529654223,0.7531081665019942,0.6911397409351271,-0.02727969348659,1.3617250905102478,0.6370071010681384,0.6366798829642268,0.7166319600217568,0.873234497339676,0.7266701762496544,-0.0269378038033302,0.866582612388975,0.6800065714247573,0.6585197684501625,0.7719988035565871,0.9920687262189012,0.8719458942416729,0.7175008576709561,0.8335421820275584,0.766528268116761,1.6088084864006922,1.52894348041384,0.4972621101270353,0.572290237617499,0.07502812749046367,1.1508801396333153,0.7995402298850576,0.875,0.6046523075456034,0.7629526574614638,-0.5065494447394295,-0.6707122346021659,0.10727303555060216,0.187228878891103,0.24972707872326402
150423,0.85,0.765625,942.9375,1184.5,1109.3382352941176,1547.1020408163265,0.0843749999999999,241.5625,437.76380552220894,0.7170427069624811,-0.7349467381107315,Low_Efficiency,0.3122129555435856,0.1973706405940572,-0.1148423149495285,0.1561925503466573,0.0620943158459652,-0.0940982345006921,1.0497549031635711,0.7194130056506272,-0.3303418975129439,0.6302374482308167,0.37168240244594,-0.2585550457848768,1.4427841639865666,1.235759202885164,-0.2070249611014025,0.524773776539822,0.7886383064768934,0.2638645299370714,1.667669038215432,1.6708023539842627,0.0031333157688306,0.5916568790093556,0.5493633572836165,-0.0422935217257391,1.557970530466232,0.9576043156364986,-0.6003662148297331,1.1527242104687,0.5907325322574097,-0.5619916782112903,1.0676374122149563,0.6863123538819624,-0.381325058332994,0.2292193440253888,0.2338376083887477,0.0046182643633589,1.7005018526384097,1.2023060012707347,-0.4981958513676747,1.2068833917403037,0.8261191966843956,-0.3807641950559078,0.9359124496344337,0.4280245256802635,0.4631965941402785,0.9924065556253214,0.4377381893910343,0.4219034307678977,0.492405803766993,0.3875797821638657,0.4389631212549661,0.6493044204116378,0.9913793103448276,0.4380320633222103,0.9706896551724138,0.9487984345715164,0.5027491278677444,0.5607212775694118,0.5117664763670836,-0.0223424427719408,0.4976008529672678,0.5252385354266276,0.6351082832032783,1.148466901668059,0.4338203652511282,0.4944068120504901,0.5458398873416073,0.409572679039514,0.4134052232219953,0.9724137931034482,0.9796156111003492,0.4881195005905338,0.9901224215745372,0.5865833408501429,0.499001451763955,0.4497510440437625,0.9842343312498192,0.4182428495013588,0.5253359749323033,-0.0236413484517021,1.113837146522571,0.4458195110445277,0.4149238938869141,0.5034647572572905,0.5937967296807993,0.4659256061338591,-0.0201014947753062,0.5423106527609141,0.4642046802866539,0.4234766225405293,0.5148975154270423,0.9793190437792312,0.558216829015904,0.4963342771499062,0.5416028242011462,0.4670437345079117,0.9493013183278426,0.7208596852347339,0.8953944213443409,1.0620984271748564,0.16670400583051548,1.186178086079811,0.826551724137931,0.7590247844827587,0.42296072502217763,0.4273847597153015,-0.32944281483928584,-0.3575803592326199,0.1368858241280152,0.25772435211256595,-0.2630720233221793
150524,0.9875,0.875,838.75,1172.375,849.367088607595,1339.857142857143,0.1125,333.625,490.490054249548,0.6339236187496711,-0.6761829265130838,Low_Efficiency,-0.0157478705863459,0.1565177482369019,0.1722656188232478,-0.1909618992539456,-0.2768872873954522,-0.0859253881415065,0.8664676314534981,0.9376632010975284,0.0711955696440302,0.2645026820679746,0.2800518871491807,0.015549205081206,1.2239039122570805,1.540388442452108,0.3164845301950276,0.2514915403114488,0.4787762183686663,0.2272846780572174,0.264452325809053,1.0936344600143586,0.8291821342053056,-0.2139141450811063,-0.2431027619183784,-0.0291886168372721,0.8922063862588852,1.3756676660081046,0.4834612797492195,0.0801804835570632,0.6733665197778655,0.5931860362208023,0.633262598032228,0.8308864307333464,0.1976238327011185,0.291303989033876,0.6179278566567574,0.3266238676228814,1.381447337707164,1.3571457997140794,-0.0243015379930844,0.4455888594045871,0.6590067773374497,0.2134179179328625,1.055440862449173,0.4855760643329504,0.4962536429527532,0.9530364309948924,0.4444897195006181,0.5524751471105891,0.5154487304928802,0.4954108399196685,0.4657452667528744,0.3813231656645603,0.9367816091954022,0.3882953874712092,0.95,1.12268867761787,0.3788848482464985,0.5281618113492608,0.4583256892082853,-0.0200001571635194,0.5494140729084328,0.5101224981471513,0.4616799136859335,1.1811535695753237,0.4633479553109411,0.4213558182053655,0.5335412914686485,0.4570731192417572,0.3946842997654222,0.97816091954023,0.9830136936949856,0.6700097150323394,1.174902132367971,0.5521534902529037,0.5291492821346717,0.3315199774080681,1.2313896283304977,0.3453009656344462,0.4764732999074103,-0.0171580872880349,1.1419776650845306,0.3512660711828251,0.4117178145239932,0.5193076942133324,0.5169065980758126,0.6235665776566157,-0.0237619300634446,0.4433656499358128,0.5850263941275365,0.4371767473496279,0.4162509704558549,0.9637414756694128,0.4693188406290617,0.4855820544631813,0.4748925127002978,0.3880727165426004,0.44101313078367577,0.6772173541594654,2.239157276537209,1.2920500376662307,-0.9471072388709785,0.577024880824569,0.9659339080459771,0.8196839080459769,0.5425463969970774,0.410653985550429,-0.48921820442067265,-0.3395636269747753,0.32724848927654165,-0.1488337453123436,-0.7224867541648041
150625,0.9625,0.875,682.125,855.375,708.7012987012987,977.5714285714286,0.0875,173.25,268.87012987012986,0.7249611414451397,0.3086731298115267,High_Efficiency,-0.0515270022633664,0.315910677279325,0.3674376795426914,-0.4150216275099918,-0.0473008212712247,0.367720806238767,0.4619363105679575,0.8290328981491792,0.3670965875812217,0.338123748798439,0.2241755241932635,-0.1139482246051754,0.8572520574161447,0.8513091661444396,-0.0059428912717051,0.1759347870307596,0.2689293586414287,0.092994571610669,0.3546712622497935,0.8876877866540059,0.5330165244042124,-0.0617050992060563,0.1068427691053927,0.168547868311449,0.9446185305404852,0.752308711120161,-0.1923098194203241,1.1792400302054435,0.5322488233144349,-0.6469912068910086,0.5256251817963428,1.143753942529125,0.6181287607327823,0.7301863434866267,0.8366965644477586,0.106510220961132,1.057228048851366,1.397579319389224,0.3403512705378582,0.7145318895819299,0.4325917719606424,-0.2819401176212874,1.4945739751033078,0.8126145028453503,0.7667301086287107,0.9982697804536886,0.8125021614921607,0.759833019496534,0.7262172815877332,0.7620233804178937,0.7470044459094283,0.6823957701926522,0.9982758620689656,0.7941816794993519,0.9798850574712644,1.51015366127615,0.791832158033206,0.8260420536140092,0.7021879258648583,-0.036553909243295,0.8319063043443438,0.8053810352546537,0.7468779188333853,1.650470976788443,0.8490689618332737,0.8308726172096794,0.8728575542681789,0.7927774772683194,0.8278586572243897,0.9804597701149425,0.9871040174357264,0.8470218468569837,1.464124002313966,0.7827210080695561,0.8334519591986538,0.7632499768475449,1.4997146034807,0.7123617576089556,0.7509470841994584,-0.0274864334864143,1.4462134896351246,0.6999614706969532,0.732386838273407,0.905243591706189,0.8876135068491164,0.8509595225954449,-0.0242616712344362,0.8228810767918525,0.8643413160676633,0.7628184607380198,0.7574928015081621,0.9839025735767496,0.8965504734212589,0.7266750786847991,0.914772358755009,0.7666157207577375,0.48650674725327675,0.6094118922612254,1.9783857614479488,1.4358081542274468,-0.542577607220502,0.725746948072278,0.9436925287356321,0.8734913793103449,0.8007098179314309,0.7844816642436016,-0.7334475036522228,-0.6707887556630203,-0.010315261086251937,0.16849035351059455,0.45497794868431357
150726,0.9875,0.9375,704.9375,891.625,713.8607594936708,951.0666666666668,0.05,186.6875,237.20590717299592,0.7505896111317161,0.5039971117646177,High_Efficiency,0.7638070433972948,0.8145971560852673,0.0507901126879724,0.237136240515396,0.6478869709859345,0.4107507304705385,0.8826218890442434,0.8807935653024739,-0.0018283237417695,0.7184735513211455,0.5675546396566161,-0.1509189116645294,1.334978478664597,1.4932881574831247,0.1583096788185276,0.5250026956459026,0.8305903352803885,0.3055876396344859,1.6267703265374247,1.982255930734746,0.3554856041973213,0.5444709685287197,0.7651659330494284,0.2206949645207087,1.1858385997652672,0.7857293899927718,-0.4001092097724955,1.1393222433918888,0.7706001145428185,-0.3687221288490702,1.2970771287404856,1.4027146149314256,0.10563748619094,1.12822978550178,0.967118733199278,-0.1611110523025021,2.010085994708077,1.4783442648142722,-0.5317417298938047,1.690821357143578,1.084117795088504,-0.6067035620550741,0.88119397653486,0.4327915386841798,0.5830130969879515,0.9169109988055516,0.3869120002645503,0.5221343658018502,0.5377159991091501,0.3675688577238742,0.5287874278090312,0.3136509042453154,0.9022988505747128,0.2624202250807867,0.9637931034482758,1.0772055568172538,0.6244394815783103,0.5100565828553748,0.4966277940653572,-0.0187209773947234,0.340050273975245,0.3398537525383989,0.345393975925579,0.54726939579214,0.4341357168741514,0.261130054371936,0.3479859943161318,0.3895512207609627,0.3772956496455908,0.9586206896551724,0.9691898701953314,0.5724926397458352,0.3689558316826997,0.3418135097882001,0.6872228513537857,0.4123288894381285,1.117463571308882,0.2475629972011803,0.5219984805925684,-0.0116913251678876,0.5884176325839439,0.4126450809865113,0.3228266254639279,0.3517848348058886,0.2879280592369927,0.3943154570112309,-0.0234797916457777,0.3574054490588257,0.3153854954863894,0.5080476801846187,0.3463102095634074,0.9695256290229396,0.2659841786007257,0.350156403595244,0.2554581479069919,0.2448099540016968,1.0774740216361287,1.033625542939075,0.9164945638373102,0.9070007019501037,-0.009493861887206467,0.989640035083801,0.9466379310344828,0.8459051724137933,0.33579964555055447,0.24936016743818035,-0.3629742470023258,-0.22950933187659076,0.21508966628267445,-0.3798304705788865,-0.07241524407000355
150928,0.9875,0.921875,647.875,850.1875,656.0759493670886,922.2372881355932,0.065625,202.3125,266.1613387685046,0.711396034195733,0.4547817827659401,High_Efficiency,-0.0629318713002998,0.0606402053153731,0.1235720766156729,-0.4825094417682709,-0.4424373007267372,0.0400721410415336,0.6438254966811026,0.2238718208139406,-0.4199536758671618,0.2546317363052917,-0.1949629228994464,-0.4495946592047381,1.0854186905045964,0.6710218995913332,-0.4143967909132632,-0.0104114424983464,0.2959572646278972,0.3063687071262436,1.4067979806389173,1.1499147666193654,-0.2568832140195519,-0.535353209186534,-0.1274437233236007,0.4079094858629332,0.5355176125964516,0.1314851273935394,-0.4040324852029122,-0.1034526645304261,0.0728623917992423,0.1763150563296684,0.5162744443997388,0.5169743554524229,0.000699911052684,-0.2473453922070549,-0.0113540837928125,0.2359913084142424,0.9959164566178734,0.7841282988245811,-0.2117881577932923,0.476897602578367,0.529986019984609,0.0530884174062419,1.7850349080914354,1.0091808566107068,1.0532735675680116,1.0,1.0134044624794725,0.9962255824261186,0.9358810872863798,1.0064341406148407,0.9474791899813746,1.0671084437790808,1.0,1.0286036849664375,1.0,1.8046028101840084,1.0661417873342711,0.8969677085919782,0.8943837243085206,-0.02727969348659,1.0919181313272106,1.090702130433256,1.030035191152784,1.6599937279874282,1.0539661957213855,0.9861934996731728,1.098296659137449,1.075181279993687,1.0842067871676293,1.0,1.0,0.9762734863924454,1.4524574201936735,1.1450554973855689,1.072151559113561,1.0362753555810262,1.7359531147219691,0.9236984657872592,0.97651170113252,-0.02727969348659,1.5141766352367547,0.894345284290679,0.90304379873059,1.0721379638994692,1.1035637127296831,1.0665189618639002,-0.02727969348659,0.980201589384563,1.1069338275619076,0.9660984672995276,0.9262996003457188,1.0,1.049094784103065,0.9495343991046762,1.0918918210950248,0.9193695561824612,0.31951971420224334,0.261474579977122,3.0905664518981815,3.5256638500645465,0.43509739816636506,1.1407820424366195,0.9875,0.921875,1.0782691546856205,0.967134254095013,-0.9938537138571553,-0.8475438096057064,-0.03280962548881616,0.07225767562967418,0.45126333000757424
151223,0.9375,0.765625,827.75,1079.75,882.9333333333333,1410.2857142857142,0.171875,252.0,527.3523809523809,0.6260669908157752,-0.8234929441545107,Low_Efficiency,0.1014609932117781,0.8563828305388124,0.7549218373270342,-0.2987318684247624,0.5633505066408511,0.8620823750656135,0.8955359392890224,1.050388306118284,0.1548523668292615,0.3665763993706624,0.8078479045276155,0.441271505156953,1.5518154938889863,1.6742207179829305,0.1224052240939439,1.1442441730909283,1.2926100418150788,0.1483658687241501,1.0506253971294173,1.3888465405396844,0.3382211434102671,0.3270341230044499,0.4752995639731385,0.1482654409686887,1.172266260835329,0.950868432057419,-0.2213978287779097,0.8490110848908399,0.8820247494246356,0.0330136645337957,1.244332089542861,1.794060047557281,0.5497279580144203,-0.1201882272505333,0.420968038444261,0.5411562656947944,1.316564846910286,1.3020582546365604,-0.0145065922737255,0.9705004920167964,1.3386904724919175,0.3681899804751213,1.2794368284142228,0.3647130214583626,0.4208124040442414,0.9238731495502424,0.3211529038673399,0.3743029921627949,0.3536212299830348,0.3238741139255753,0.336821643315923,0.2957984730242985,0.9109195402298852,0.3523555620254909,0.9057471264367816,1.2876912189710747,0.4021619962350507,0.4772896238843248,0.3068412114692255,-0.0119157942606185,0.4890773168542537,0.5455473164441775,0.4115820536317407,1.4739966248423593,0.4038294569027426,0.3561952310298013,0.4521028692567883,0.4307023937087694,0.3488583428248303,0.9028735632183909,0.9200881164768964,0.538311742863872,1.389922955118072,0.4616284729362606,0.3929414961313734,0.3897566383596886,1.3483469248905795,0.3267631508814057,0.3615604969953709,-0.0199149659863945,1.4058810697353483,0.3289418414748795,0.2696889048777872,0.3494379232216998,0.5249017496499051,0.3439275399520982,-0.0137125301185895,0.3540148827794397,0.4562023982838571,0.3503434860288813,0.3104895543248238,0.9193676110638216,0.4109117453067417,0.3812636159495908,0.3896115003082796,0.2630637515312731,0.7550747998218614,1.0569726004820335,1.2415972015275503,0.7243558397776787,-0.5172413617498716,0.583405999530683,0.8464439655172414,0.6974227729885059,0.45850998455086284,0.3146043050004741,-0.3036319818052268,-0.20140818476613095,-0.5369098269493311,-0.5814254054322452,-1.3780301883369286
151425,0.9875,0.875,740.5,998.125,749.873417721519,1140.7142857142858,0.1125,257.625,390.8408679927668,0.6573718126550573,-0.2007344963361239,Low_Efficiency,0.733999757957828,0.3788254860713089,-0.3551742718865191,0.7935136076509922,0.4701406494342565,-0.3233729582167357,1.5360307314748445,1.26311409651288,-0.2729166349619646,1.4399908506703285,0.9908217126278362,-0.449169138042492,2.0111616178699068,1.4165474370685265,-0.5946141808013806,1.3243056867391163,0.7188059433767456,-0.6054997433623708,1.6113566850068983,1.4294873046343346,-0.1818693803725639,0.2818830048987979,0.1259045321126151,-0.1559784727861828,1.65919949638539,1.206744632960921,-0.4524548634244688,1.0749916986488233,0.7586372198764169,-0.3163544787724063,2.0239878838766057,1.0317354173268227,-0.9922524665497828,1.0543581754513094,0.7748989792023933,-0.2794591962489161,2.819225590760182,2.0160975126917178,-0.803128078068464,2.0628937256254622,1.3928762955373664,-0.6700174300880958,1.160927083632227,0.5345153393165821,0.6201133930107776,0.980070524062903,0.458805466792932,0.4954720695655575,0.5177835935624355,0.4761779002085662,0.5492942358573953,0.6350543194924991,0.9764367816091954,0.482097100457994,0.9724137931034482,1.3201093708139684,0.544110519724919,0.6705745473875264,0.5164700875442705,-0.0257800187441307,0.5356365123013372,0.5498896400152938,0.595663688938756,1.2829288969477513,0.494073526519062,0.4733155725934375,0.5061455651301093,0.5243499656259293,0.4739095100550536,0.9758620689655172,0.9803482102050316,0.7031083442615077,1.2451974021304524,0.600174573767493,0.5419274235200541,0.5364491096360747,1.3590272621405215,0.432465402667035,0.5617091646119116,-0.0230144110301673,1.2684302272494716,0.436238525402689,0.4470858430244787,0.6555576511961738,0.6151424403183634,0.7200683396753671,-0.0240365880750426,0.586101871960188,0.5436670377270014,0.4578907138053787,0.4839970179510039,0.9779977167826928,0.5417208157440336,0.4826121313619944,0.6589080233495996,0.4681636235637637,1.4590641795011776,0.9981883728167246,0.6768032119974274,0.8765871725631533,0.1997839605657259,1.2951857524292198,0.9636637931034483,0.854382183908046,0.5289410558975706,0.4740057137760294,-0.47022567645595914,-0.4096431706182932,0.26953098278711135,0.23314803876316179,0.13075383506238306
151526,0.8999999999999999,0.8125,1035.25,1126.125,1150.2777777777778,1386.0,0.0874999999999999,90.875,235.72222222222217,0.8299262465929133,-0.183024587361691,Low_Efficiency,0.2336841969535646,-0.0218302262539287,-0.2555144232074934,-0.02518243332312,-0.0466296337469044,-0.0214472004237844,1.1617110313161256,0.3635242942199138,-0.7981867370962119,1.0072612523250213,0.2081775755195061,-0.7990836768055152,1.229445976152398,0.344857715563783,-0.8845882605886148,0.3615621605737711,0.1821222159707399,-0.1794399446030311,1.4037772053726971,0.7438805951683466,-0.6598966102043505,0.8299102419150951,0.2139005414622038,-0.6160097004528913,1.3074872075997528,0.3731290131059982,-0.9343581944937546,0.5951602099925273,0.1957285681919835,-0.3994316418005437,0.9239428397631044,0.4073084406311248,-0.5166343991319797,0.4496957383352876,0.5833346107754402,0.1336388724401526,1.7931512700740502,0.769576586423214,-1.023574683650836,0.9564999491253554,0.7653898974176284,-0.191110051707727,0.8312234202059149,0.3297340963823685,0.3575048317785474,0.9037096716393536,0.3307982415599771,0.3476354490289363,0.3603134526846785,0.2939424676472286,0.3237423595747804,0.333674699392342,0.8816091954022989,0.2891426786806299,0.9063218390804596,0.9841664022531648,0.3835145784497552,0.4459526159987304,0.306935891706852,-0.0216390404813736,0.2963055388879382,0.5089220694430907,0.4310569935446017,0.912491090181604,0.3378126971101675,0.2791324077841518,0.3104739334000175,0.4800505950326226,0.346843356800558,0.906896551724138,0.9277443393229796,0.4547889906107261,0.7685324575085715,0.4169899931797327,0.3256615843218666,0.3327513724573049,1.1140473545535317,0.1937114527230073,0.3357874781303406,-0.0232441623749047,0.8895749004451607,0.2185764391811722,0.2796300375914946,0.3855802408323819,0.4171663339461639,0.4069175005587198,-0.022651870309074,0.2530362437220204,0.4426064294358045,0.2666981097346262,0.2331928990549594,0.9231908648283648,0.269287537280815,0.357707752309484,0.3483921867489084,0.260078831166131,0.8734362032982593,0.3630335853177892,1.0304117990411155,2.2380787750256985,1.207666975984583,2.1720215209947087,0.8162068965517241,0.7163074712643678,0.2666749849991444,0.21879612404066218,-0.2645482208825057,-0.21131405032248143,-0.4864395324173782,-0.8405850769229574,-1.1918058469626183
